Record_ID,Country,ISO_Code,Join_Year,Founding_Member,Nuclear_Sharing,Region,Capital,Equipment_Type,Equipment_Category,Domain,Notable_Models,Units_Count,Operational_Status,Condition,Year_Acquired,Equipment_Age_Years,Unit_Cost_M_USD,Total_Value_M_USD,Country_of_Origin,NATO_Standardized,Interoperable,Last_Maintenance_Year,Next_Upgrade_Due,Combat_Ready_Pct
1,Albania,ALB,2009,No,No,Southern Europe,Tirana,Tanker Aircraft,Air Force,Air,KC-135 / A330 MRTT,1092,In Maintenance,Good,2017,7,355.4,388096.8,Multi-National,Partial,Yes,2022,2030,49.8
2,Albania,ALB,2009,No,No,Southern Europe,Tirana,Tanker Aircraft,Air Force,Air,KC-135 / A330 MRTT,165,Reserve,Needs Repair,2019,5,84.38,13922.7,Germany,No,No,2020,2033,50.3
3,Albania,ALB,2009,No,No,Southern Europe,Tirana,Tanker Aircraft,Air Force,Air,KC-135 / A330 MRTT,1939,In Maintenance,Fair,2016,8,390.82,757799.98,Multi-National,Partial,No,2017,2027,91.5
4,Albania,ALB,2009,No,No,Southern Europe,Tirana,Tanker Aircraft,Air Force,Air,KC-135 / A330 MRTT,1926,Upgrading,Fair,2012,12,252.19,485717.94,Italy,Yes,No,2020,2028,97.3
5,Albania,ALB,2009,No,No,Southern Europe,Tirana,Armored Personnel Carrier,Armored,Land,M113 / Boxer / BTR-80,666,Upgrading,Fair,2009,15,274.64,182910.24,UK,Yes,Yes,2015,2028,77.6
6,Albania,ALB,2009,No,No,Southern Europe,Tirana,Armored Personnel Carrier,Armored,Land,M113 / Boxer / BTR-80,247,Operational,Needs Repair,2011,13,416.88,102969.36,Turkey,Yes,Yes,2014,2032,89.9
7,Albania,ALB,2009,No,No,Southern Europe,Tirana,Armored Personnel Carrier,Armored,Land,M113 / Boxer / BTR-80,685,Operational,Excellent,2016,8,121.48,83213.8,Italy,Yes,No,2020,2025,59.5
8,Albania,ALB,2009,No,No,Southern Europe,Tirana,Armored Personnel Carrier,Armored,Land,M113 / Boxer / BTR-80,931,Reserve,Good,2012,12,147.38,137210.78,USA,Yes,Yes,2017,2033,93.1
9,Albania,ALB,2009,No,No,Southern Europe,Tirana,Logistics Truck (Heavy),Logistics,Support,HEMTT / MAN HX,976,Upgrading,Needs Repair,2012,12,107.55,104968.8,Italy,Yes,Yes,2021,2028,97.1
10,Albania,ALB,2009,No,No,Southern Europe,Tirana,Logistics Truck (Heavy),Logistics,Support,HEMTT / MAN HX,308,Operational,Excellent,2012,12,127.92,39399.36,Italy,Yes,No,2018,2033,71.7
11,Albania,ALB,2009,No,No,Southern Europe,Tirana,Logistics Truck (Heavy),Logistics,Support,HEMTT / MAN HX,251,Decommissioning,Good,2024,0,252.89,63475.39,Turkey,Yes,No,2024,2026,54.1
12,Albania,ALB,2009,No,No,Southern Europe,Tirana,Strategic Bomber,Air Force,Air,B-52 / B-2 Spirit,1080,In Maintenance,Fair,2020,4,181.29,195793.2,Multi-National,No,No,2020,2029,91.8
13,Albania,ALB,2009,No,No,Southern Europe,Tirana,Strategic Bomber,Air Force,Air,B-52 / B-2 Spirit,1197,Upgrading,End-of-Life,2022,2,356.64,426898.08,Turkey,No,No,2022,2026,69.5
14,Albania,ALB,2009,No,No,Southern Europe,Tirana,Strategic Bomber,Air Force,Air,B-52 / B-2 Spirit,693,On Order,Fair,2019,5,442.43,306603.99,Multi-National,Partial,No,2024,2033,65.3
15,Albania,ALB,2009,No,No,Southern Europe,Tirana,Strategic Bomber,Air Force,Air,B-52 / B-2 Spirit,746,Decommissioning,Fair,2019,5,354.53,264479.38,Germany,Partial,Yes,2021,2033,94.5
16,Albania,ALB,2009,No,No,Southern Europe,Tirana,Light Tank,Armored,Land,CV90105 / AMX-10RC,1665,Operational,Good,2022,2,443.43,738310.95,Domestic,Yes,Yes,2022,2028,62.3
17,Albania,ALB,2009,No,No,Southern Europe,Tirana,Light Tank,Armored,Land,CV90105 / AMX-10RC,472,In Maintenance,Good,2016,8,33.2,15670.4,USA,No,No,2017,2027,40.3
18,Albania,ALB,2009,No,No,Southern Europe,Tirana,Combat Engineer Vehicle,Engineering,Land,M9 ACE / Leopard 2 AEV,986,On Order,Needs Repair,2010,14,235.04,231749.44,Multi-National,Partial,Yes,2020,2025,57.0
19,Albania,ALB,2009,No,No,Southern Europe,Tirana,Combat Engineer Vehicle,Engineering,Land,M9 ACE / Leopard 2 AEV,584,Decommissioning,Needs Repair,2021,3,173.93,101575.12,Germany,No,Yes,2024,2031,93.8
20,Albania,ALB,2009,No,No,Southern Europe,Tirana,Combat Engineer Vehicle,Engineering,Land,M9 ACE / Leopard 2 AEV,1617,Reserve,Needs Repair,2023,1,323.85,523665.45,Germany,Partial,Yes,2023,2029,90.7
21,Albania,ALB,2009,No,No,Southern Europe,Tirana,Ballistic Missile Defense,Strategic,Land,THAAD / Aegis Ashore,1443,Reserve,Good,2014,10,413.7,596969.1,USA,Partial,Yes,2016,2035,72.5
22,Albania,ALB,2009,No,No,Southern Europe,Tirana,Ballistic Missile Defense,Strategic,Land,THAAD / Aegis Ashore,1673,In Maintenance,Excellent,2012,12,331.8,555101.4,Germany,Yes,Yes,2022,2024,77.6
23,Albania,ALB,2009,No,No,Southern Europe,Tirana,Ballistic Missile Defense,Strategic,Land,THAAD / Aegis Ashore,1280,On Order,Excellent,2011,13,27.01,34572.8,USA,Partial,Yes,2017,2028,69.3
24,Albania,ALB,2009,No,No,Southern Europe,Tirana,Ballistic Missile Defense,Strategic,Land,THAAD / Aegis Ashore,419,Decommissioning,Good,2023,1,155.58,65188.02,Turkey,No,Yes,2024,2026,87.1
25,Albania,ALB,2009,No,No,Southern Europe,Tirana,AWACS Aircraft,Air Force,Air,E-3 Sentry / E-7A,985,On Order,Fair,2023,1,144.72,142549.2,Multi-National,Partial,No,2024,2026,62.7
26,Albania,ALB,2009,No,No,Southern Europe,Tirana,AWACS Aircraft,Air Force,Air,E-3 Sentry / E-7A,1768,Decommissioning,Excellent,2010,14,146.78,259507.04,Multi-National,Partial,No,2016,2034,73.2
27,Albania,ALB,2009,No,No,Southern Europe,Tirana,AWACS Aircraft,Air Force,Air,E-3 Sentry / E-7A,1496,Decommissioning,Good,2012,12,176.93,264687.28,Turkey,Yes,No,2014,2025,67.4
28,Albania,ALB,2009,No,No,Southern Europe,Tirana,Sniper Rifle System,Small Arms,Land,Barrett M82 / Accuracy Int.,408,On Order,Good,2023,1,354.35,144574.8,Germany,Yes,No,2023,2026,49.3
29,Albania,ALB,2009,No,No,Southern Europe,Tirana,Sniper Rifle System,Small Arms,Land,Barrett M82 / Accuracy Int.,1958,In Maintenance,Excellent,2015,9,333.58,653149.64,Israel,No,Yes,2019,2027,73.1
30,Albania,ALB,2009,No,No,Southern Europe,Tirana,Radar System,Electronics,Land,AN/TPY-2 / AN/MPQ-65,486,Reserve,Good,2014,10,146.63,71262.18,Multi-National,Yes,No,2022,2028,56.0
31,Albania,ALB,2009,No,No,Southern Europe,Tirana,Radar System,Electronics,Land,AN/TPY-2 / AN/MPQ-65,252,Upgrading,Needs Repair,2024,0,326.29,82225.08,France,Yes,No,2024,2027,96.4
32,Albania,ALB,2009,No,No,Southern Europe,Tirana,Maritime Helicopter,Aviation,Air,AW159 / MH-60R,683,Decommissioning,Needs Repair,2017,7,389.51,266035.33,USA,Yes,No,2024,2024,51.2
33,Albania,ALB,2009,No,No,Southern Europe,Tirana,Maritime Helicopter,Aviation,Air,AW159 / MH-60R,359,Operational,Fair,2023,1,31.91,11455.69,France,Partial,No,2024,2035,46.7
34,Albania,ALB,2009,No,No,Southern Europe,Tirana,Maritime Helicopter,Aviation,Air,AW159 / MH-60R,1006,Decommissioning,End-of-Life,2019,5,62.65,63025.9,France,Yes,Yes,2019,2034,85.1
35,Albania,ALB,2009,No,No,Southern Europe,Tirana,Maritime Helicopter,Aviation,Air,AW159 / MH-60R,203,Upgrading,Excellent,2013,11,357.06,72483.18,Multi-National,Yes,Yes,2013,2024,55.9
36,Albania,ALB,2009,No,No,Southern Europe,Tirana,Frigate,Naval,Sea,FREMM / Type 23 / FREMM,1003,Decommissioning,End-of-Life,2023,1,233.62,234320.86,Turkey,No,Yes,2024,2034,70.8
37,Albania,ALB,2009,No,No,Southern Europe,Tirana,Frigate,Naval,Sea,FREMM / Type 23 / FREMM,380,Upgrading,Excellent,2016,8,287.02,109067.6,Domestic,Yes,Yes,2020,2028,54.2
38,Albania,ALB,2009,No,No,Southern Europe,Tirana,Frigate,Naval,Sea,FREMM / Type 23 / FREMM,796,Decommissioning,Fair,2011,13,366.7,291893.2,USA,No,Yes,2016,2026,97.2
39,Albania,ALB,2009,No,No,Southern Europe,Tirana,Frigate,Naval,Sea,FREMM / Type 23 / FREMM,1787,In Maintenance,End-of-Life,2011,13,10.77,19245.99,Germany,Partial,No,2021,2024,45.5
40,Albania,ALB,2009,No,No,Southern Europe,Tirana,Logistics Support Vessel,Naval,Sea,Supply / Berlin-class,980,On Order,End-of-Life,2017,7,294.36,288472.8,France,Yes,Yes,2017,2033,64.9
41,Albania,ALB,2009,No,No,Southern Europe,Tirana,Logistics Support Vessel,Naval,Sea,Supply / Berlin-class,964,Decommissioning,Needs Repair,2011,13,95.08,91657.12,USA,Partial,Yes,2013,2030,42.9
42,Albania,ALB,2009,No,No,Southern Europe,Tirana,Infantry Fighting Vehicle,Armored,Land,Bradley / Puma / AS-21,1500,In Maintenance,Excellent,2013,11,52.44,78660.0,Turkey,No,No,2023,2026,43.2
43,Albania,ALB,2009,No,No,Southern Europe,Tirana,Infantry Fighting Vehicle,Armored,Land,Bradley / Puma / AS-21,1242,Upgrading,Needs Repair,2011,13,52.61,65341.62,USA,Yes,Yes,2011,2025,77.0
44,Albania,ALB,2009,No,No,Southern Europe,Tirana,Ammunition Supply Vehicle,Logistics,Support,PLS / DROPS,916,On Order,End-of-Life,2013,11,325.49,298148.84,Turkey,Yes,Yes,2022,2035,83.7
45,Albania,ALB,2009,No,No,Southern Europe,Tirana,Ammunition Supply Vehicle,Logistics,Support,PLS / DROPS,77,Upgrading,Needs Repair,2018,6,257.56,19832.12,Italy,Yes,Yes,2023,2026,67.3
46,Albania,ALB,2009,No,No,Southern Europe,Tirana,Multiple Launch Rocket System,Artillery,Land,M270 / HIMARS / BM-21,1663,Operational,Good,2018,6,349.6,581384.8,UK,Yes,Yes,2018,2028,41.4
47,Albania,ALB,2009,No,No,Southern Europe,Tirana,Multiple Launch Rocket System,Artillery,Land,M270 / HIMARS / BM-21,1145,In Maintenance,Fair,2021,3,281.59,322420.55,Domestic,Partial,No,2022,2026,75.7
48,Albania,ALB,2009,No,No,Southern Europe,Tirana,Multiple Launch Rocket System,Artillery,Land,M270 / HIMARS / BM-21,771,Decommissioning,Good,2013,11,8.19,6314.49,Italy,No,No,2014,2035,84.1
49,Albania,ALB,2009,No,No,Southern Europe,Tirana,Multiple Launch Rocket System,Artillery,Land,M270 / HIMARS / BM-21,4,Decommissioning,End-of-Life,2015,9,322.2,1288.8,Italy,Yes,No,2015,2025,53.7
50,Albania,ALB,2009,No,No,Southern Europe,Tirana,Short-Range Air Defense,Air Defense,Land,SHORAD / Gepard / Stinger,244,Upgrading,Fair,2013,11,124.32,30334.08,Multi-National,No,No,2019,2028,85.7
51,Albania,ALB,2009,No,No,Southern Europe,Tirana,Short-Range Air Defense,Air Defense,Land,SHORAD / Gepard / Stinger,268,Reserve,Excellent,2015,9,380.93,102089.24,Germany,Yes,Yes,2022,2024,65.3
52,Albania,ALB,2009,No,No,Southern Europe,Tirana,Short-Range Air Defense,Air Defense,Land,SHORAD / Gepard / Stinger,743,Decommissioning,Needs Repair,2014,10,215.95,160450.85,UK,Yes,Yes,2023,2033,43.7
53,Albania,ALB,2009,No,No,Southern Europe,Tirana,NBC Detection Vehicle,CBRN,Land,Fox / TPz Fuchs,1479,Decommissioning,Excellent,2011,13,194.33,287414.07,Israel,Yes,Yes,2013,2028,71.8
54,Albania,ALB,2009,No,No,Southern Europe,Tirana,NBC Detection Vehicle,CBRN,Land,Fox / TPz Fuchs,1937,Reserve,Good,2012,12,154.4,299072.8,Domestic,Yes,No,2012,2027,43.5
55,Albania,ALB,2009,No,No,Southern Europe,Tirana,NBC Detection Vehicle,CBRN,Land,Fox / TPz Fuchs,36,Upgrading,Needs Repair,2020,4,408.64,14711.04,Turkey,No,No,2022,2033,43.9
56,Albania,ALB,2009,No,No,Southern Europe,Tirana,NBC Detection Vehicle,CBRN,Land,Fox / TPz Fuchs,908,Upgrading,Good,2020,4,167.7,152271.6,France,No,No,2020,2026,90.1
57,Albania,ALB,2009,No,No,Southern Europe,Tirana,Medium-Range SAM,Air Defense,Land,Patriot / NASAMS / SAMP/T,947,Operational,End-of-Life,2022,2,1.73,1638.31,Domestic,Yes,Yes,2022,2027,41.6
58,Albania,ALB,2009,No,No,Southern Europe,Tirana,Medium-Range SAM,Air Defense,Land,Patriot / NASAMS / SAMP/T,1868,Operational,Needs Repair,2022,2,249.45,465972.6,Israel,No,Yes,2023,2026,65.4
59,Albania,ALB,2009,No,No,Southern Europe,Tirana,Medium-Range SAM,Air Defense,Land,Patriot / NASAMS / SAMP/T,89,On Order,Fair,2009,15,232.82,20720.98,Turkey,Yes,Yes,2009,2035,46.5
60,Albania,ALB,2009,No,No,Southern Europe,Tirana,Field Hospital,Medical,Support,Role 2 / Role 3 Hospital,1444,In Maintenance,End-of-Life,2010,14,208.82,301536.08,Domestic,No,No,2011,2027,43.2
61,Albania,ALB,2009,No,No,Southern Europe,Tirana,Field Hospital,Medical,Support,Role 2 / Role 3 Hospital,1461,Operational,Fair,2016,8,149.8,218857.8,Italy,Partial,No,2023,2028,51.9
62,Albania,ALB,2009,No,No,Southern Europe,Tirana,Field Hospital,Medical,Support,Role 2 / Role 3 Hospital,822,In Maintenance,Excellent,2014,10,51.84,42612.48,Domestic,Partial,No,2016,2029,71.8
63,Albania,ALB,2009,No,No,Southern Europe,Tirana,Bridge Layer,Engineering,Land,AVLB / Biber,1387,On Order,Needs Repair,2020,4,201.35,279272.45,UK,No,Yes,2021,2025,73.6
64,Albania,ALB,2009,No,No,Southern Europe,Tirana,Bridge Layer,Engineering,Land,AVLB / Biber,685,In Maintenance,End-of-Life,2015,9,449.89,308174.65,Israel,Yes,No,2019,2030,93.3
65,Albania,ALB,2009,No,No,Southern Europe,Tirana,Bridge Layer,Engineering,Land,AVLB / Biber,896,Decommissioning,Excellent,2013,11,35.98,32238.08,Multi-National,Yes,Yes,2024,2031,41.1
66,Albania,ALB,2009,No,No,Southern Europe,Tirana,Bridge Layer,Engineering,Land,AVLB / Biber,119,Upgrading,Excellent,2017,7,181.64,21615.16,UK,No,Yes,2018,2025,43.0
67,Albania,ALB,2009,No,No,Southern Europe,Tirana,Patrol Vessel,Naval,Sea,OPV / Fast Attack Craft,996,Reserve,Excellent,2023,1,56.38,56154.48,Domestic,Partial,No,2023,2032,86.0
68,Albania,ALB,2009,No,No,Southern Europe,Tirana,Patrol Vessel,Naval,Sea,OPV / Fast Attack Craft,1132,Decommissioning,Fair,2011,13,369.34,418092.88,Domestic,No,Yes,2021,2035,43.9
69,Albania,ALB,2009,No,No,Southern Europe,Tirana,Patrol Vessel,Naval,Sea,OPV / Fast Attack Craft,1608,Decommissioning,End-of-Life,2014,10,19.51,31372.08,Multi-National,Yes,No,2024,2033,89.2
70,Albania,ALB,2009,No,No,Southern Europe,Tirana,Patrol Vessel,Naval,Sea,OPV / Fast Attack Craft,1905,Decommissioning,Needs Repair,2021,3,352.6,671703.0,France,Partial,Yes,2022,2031,75.4
71,Albania,ALB,2009,No,No,Southern Europe,Tirana,Aircraft Carrier,Naval,Sea,Gerald R. Ford / Queen Elizabeth,248,Decommissioning,Fair,2022,2,172.31,42732.88,USA,No,No,2022,2026,53.0
72,Albania,ALB,2009,No,No,Southern Europe,Tirana,Aircraft Carrier,Naval,Sea,Gerald R. Ford / Queen Elizabeth,589,Decommissioning,Fair,2010,14,218.52,128708.28,France,Yes,Yes,2022,2029,66.2
73,Albania,ALB,2009,No,No,Southern Europe,Tirana,Aircraft Carrier,Naval,Sea,Gerald R. Ford / Queen Elizabeth,433,Operational,End-of-Life,2018,6,262.5,113662.5,Turkey,Yes,Yes,2023,2028,49.9
74,Albania,ALB,2009,No,No,Southern Europe,Tirana,Aircraft Carrier,Naval,Sea,Gerald R. Ford / Queen Elizabeth,884,Upgrading,Excellent,2013,11,12.32,10890.88,Multi-National,No,Yes,2014,2025,64.6
75,Albania,ALB,2009,No,No,Southern Europe,Tirana,Submarine (SSK),Naval,Sea,Type 212 / Gotland,1355,On Order,Fair,2009,15,284.06,384901.3,USA,Partial,Yes,2016,2029,81.0
76,Albania,ALB,2009,No,No,Southern Europe,Tirana,Submarine (SSK),Naval,Sea,Type 212 / Gotland,1539,Operational,Excellent,2023,1,405.42,623941.38,Turkey,Yes,No,2023,2025,98.1
77,Albania,ALB,2009,No,No,Southern Europe,Tirana,Mortar System,Artillery,Land,M120 / AMOS,1833,In Maintenance,Good,2017,7,137.2,251487.6,USA,No,No,2020,2033,98.9
78,Albania,ALB,2009,No,No,Southern Europe,Tirana,Mortar System,Artillery,Land,M120 / AMOS,1993,Operational,End-of-Life,2020,4,197.23,393079.39,Germany,Yes,Yes,2022,2032,42.8
79,Albania,ALB,2009,No,No,Southern Europe,Tirana,Mortar System,Artillery,Land,M120 / AMOS,973,Operational,Good,2019,5,213.24,207482.52,France,No,Yes,2021,2033,64.2
80,Albania,ALB,2009,No,No,Southern Europe,Tirana,UAV / Drone,Air Force,Air,MQ-9 Reaper / Bayraktar TB2,1370,Decommissioning,Needs Repair,2011,13,420.4,575948.0,UK,Yes,No,2019,2032,49.0
81,Albania,ALB,2009,No,No,Southern Europe,Tirana,UAV / Drone,Air Force,Air,MQ-9 Reaper / Bayraktar TB2,1489,On Order,Needs Repair,2021,3,260.58,388003.62,Domestic,No,Yes,2023,2027,82.7
82,Albania,ALB,2009,No,No,Southern Europe,Tirana,UAV / Drone,Air Force,Air,MQ-9 Reaper / Bayraktar TB2,531,Upgrading,Excellent,2011,13,355.66,188855.46,Italy,No,Yes,2018,2032,78.5
83,Albania,ALB,2009,No,No,Southern Europe,Tirana,UAV / Drone,Air Force,Air,MQ-9 Reaper / Bayraktar TB2,364,On Order,End-of-Life,2024,0,128.21,46668.44,Multi-National,Yes,No,2024,2029,46.4
84,Albania,ALB,2009,No,No,Southern Europe,Tirana,Self-Propelled Howitzer,Artillery,Land,PzH 2000 / K9 Thunder / Caesar,1191,On Order,Excellent,2021,3,82.19,97888.29,Israel,Partial,No,2024,2030,72.8
85,Albania,ALB,2009,No,No,Southern Europe,Tirana,Self-Propelled Howitzer,Artillery,Land,PzH 2000 / K9 Thunder / Caesar,1477,Upgrading,Excellent,2017,7,421.03,621861.31,UK,No,No,2019,2025,66.6
86,Albania,ALB,2009,No,No,Southern Europe,Tirana,Self-Propelled Howitzer,Artillery,Land,PzH 2000 / K9 Thunder / Caesar,315,In Maintenance,Good,2019,5,46.44,14628.6,Italy,Partial,Yes,2024,2030,56.5
87,Albania,ALB,2009,No,No,Southern Europe,Tirana,Ground Attack Aircraft,Air Force,Air,A-10 / Tornado IDS,258,Decommissioning,Good,2009,15,226.39,58408.62,UK,Partial,No,2016,2033,42.5
88,Albania,ALB,2009,No,No,Southern Europe,Tirana,Ground Attack Aircraft,Air Force,Air,A-10 / Tornado IDS,894,Upgrading,Needs Repair,2013,11,443.26,396274.44,Germany,Partial,No,2022,2033,44.1
89,Albania,ALB,2009,No,No,Southern Europe,Tirana,Ground Attack Aircraft,Air Force,Air,A-10 / Tornado IDS,47,Operational,Good,2011,13,40.59,1907.73,USA,Partial,Yes,2016,2034,85.3
90,Albania,ALB,2009,No,No,Southern Europe,Tirana,Ground Attack Aircraft,Air Force,Air,A-10 / Tornado IDS,1230,In Maintenance,Needs Repair,2014,10,449.36,552712.8,USA,Yes,Yes,2021,2035,64.4
91,Albania,ALB,2009,No,No,Southern Europe,Tirana,Long-Range SAM,Air Defense,Land,Patriot PAC-3 / S-400,701,Operational,Fair,2014,10,441.47,309470.47,Italy,Partial,Yes,2020,2029,86.7
92,Albania,ALB,2009,No,No,Southern Europe,Tirana,Long-Range SAM,Air Defense,Land,Patriot PAC-3 / S-400,1436,Reserve,Fair,2009,15,409.55,588113.8,UK,No,Yes,2017,2025,76.9
93,Albania,ALB,2009,No,No,Southern Europe,Tirana,Fighter Jet,Air Force,Air,F-16 / Gripen / Typhoon,653,On Order,Fair,2010,14,392.93,256583.29,UK,Yes,No,2016,2025,68.2
94,Albania,ALB,2009,No,No,Southern Europe,Tirana,Fighter Jet,Air Force,Air,F-16 / Gripen / Typhoon,1518,On Order,Excellent,2024,0,403.51,612528.18,Multi-National,Yes,No,2024,2032,72.4
95,Albania,ALB,2009,No,No,Southern Europe,Tirana,Fighter Jet,Air Force,Air,F-16 / Gripen / Typhoon,1860,Upgrading,End-of-Life,2009,15,389.9,725214.0,Germany,Yes,No,2011,2031,56.2
96,Albania,ALB,2009,No,No,Southern Europe,Tirana,Air Superiority Fighter,Air Force,Air,F-22 / Typhoon,1738,Reserve,End-of-Life,2012,12,354.38,615912.44,Germany,No,No,2016,2032,65.3
97,Albania,ALB,2009,No,No,Southern Europe,Tirana,Air Superiority Fighter,Air Force,Air,F-22 / Typhoon,1360,Decommissioning,Needs Repair,2016,8,314.65,427924.0,Multi-National,No,No,2024,2030,74.0
98,Albania,ALB,2009,No,No,Southern Europe,Tirana,Air Superiority Fighter,Air Force,Air,F-22 / Typhoon,1412,Decommissioning,Fair,2011,13,147.63,208453.56,Italy,Partial,Yes,2012,2025,76.8
99,Albania,ALB,2009,No,No,Southern Europe,Tirana,Air Superiority Fighter,Air Force,Air,F-22 / Typhoon,1481,On Order,Needs Repair,2014,10,26.84,39750.04,Italy,Yes,No,2014,2029,46.8
100,Albania,ALB,2009,No,No,Southern Europe,Tirana,Satellite Terminal,Communications,Digital,SATCOM / JTRS,162,Operational,Good,2022,2,307.4,49798.8,Multi-National,Partial,No,2022,2030,58.8
101,Albania,ALB,2009,No,No,Southern Europe,Tirana,Satellite Terminal,Communications,Digital,SATCOM / JTRS,843,Decommissioning,Fair,2013,11,45.45,38314.35,Italy,No,Yes,2019,2031,40.5
102,Albania,ALB,2009,No,No,Southern Europe,Tirana,Satellite Terminal,Communications,Digital,SATCOM / JTRS,52,Reserve,End-of-Life,2018,6,363.24,18888.48,UK,Yes,Yes,2020,2030,99.8
103,Albania,ALB,2009,No,No,Southern Europe,Tirana,Towed Howitzer,Artillery,Land,M777 / FH70 / D-30,1773,On Order,End-of-Life,2017,7,353.59,626915.07,Israel,No,No,2023,2024,59.6
104,Albania,ALB,2009,No,No,Southern Europe,Tirana,Towed Howitzer,Artillery,Land,M777 / FH70 / D-30,894,Reserve,Fair,2017,7,73.24,65476.56,Israel,No,No,2024,2029,72.2
105,Albania,ALB,2009,No,No,Southern Europe,Tirana,Towed Howitzer,Artillery,Land,M777 / FH70 / D-30,61,Reserve,Fair,2023,1,352.24,21486.64,France,Yes,Yes,2024,2026,54.5
106,Albania,ALB,2009,No,No,Southern Europe,Tirana,Towed Howitzer,Artillery,Land,M777 / FH70 / D-30,1604,Upgrading,Needs Repair,2020,4,116.51,186882.04,Germany,Partial,Yes,2023,2029,82.0
107,Albania,ALB,2009,No,No,Southern Europe,Tirana,Armored Reconnaissance Vehicle,Armored,Land,Fennek / Fuchs,224,Decommissioning,End-of-Life,2021,3,284.86,63808.64,Italy,Yes,Yes,2021,2035,95.8
108,Albania,ALB,2009,No,No,Southern Europe,Tirana,Armored Reconnaissance Vehicle,Armored,Land,Fennek / Fuchs,873,Operational,Good,2014,10,385.08,336174.84,Germany,No,Yes,2021,2030,97.8
109,Albania,ALB,2009,No,No,Southern Europe,Tirana,Strategic Transport Aircraft,Air Force,Air,C-17 / A400M / C-130,1423,In Maintenance,Fair,2024,0,140.12,199390.76,USA,No,Yes,2024,2025,50.6
110,Albania,ALB,2009,No,No,Southern Europe,Tirana,Strategic Transport Aircraft,Air Force,Air,C-17 / A400M / C-130,1454,Decommissioning,Fair,2012,12,41.99,61053.46,Multi-National,Partial,No,2012,2024,85.6
111,Albania,ALB,2009,No,No,Southern Europe,Tirana,Strategic Transport Aircraft,Air Force,Air,C-17 / A400M / C-130,1101,Decommissioning,End-of-Life,2009,15,49.2,54169.2,Israel,No,No,2013,2027,92.4
112,Albania,ALB,2009,No,No,Southern Europe,Tirana,Anti-Aircraft Gun,Air Defense,Land,Oerlikon 35mm / ZU-23,1185,Operational,Fair,2020,4,200.12,237142.2,Turkey,Yes,No,2022,2026,78.3
113,Albania,ALB,2009,No,No,Southern Europe,Tirana,Anti-Aircraft Gun,Air Defense,Land,Oerlikon 35mm / ZU-23,872,Operational,Good,2011,13,66.7,58162.4,Domestic,Yes,No,2014,2035,85.5
114,Albania,ALB,2009,No,No,Southern Europe,Tirana,Transport Helicopter,Aviation,Air,CH-47 Chinook / NH90,702,On Order,End-of-Life,2016,8,193.82,136061.64,Israel,Partial,Yes,2023,2032,61.0
115,Albania,ALB,2009,No,No,Southern Europe,Tirana,Transport Helicopter,Aviation,Air,CH-47 Chinook / NH90,1679,Reserve,End-of-Life,2014,10,166.14,278949.06,Germany,No,Yes,2015,2034,73.4
116,Albania,ALB,2009,No,No,Southern Europe,Tirana,Transport Helicopter,Aviation,Air,CH-47 Chinook / NH90,1540,Reserve,Fair,2016,8,226.81,349287.4,UK,Yes,Yes,2022,2028,58.3
117,Albania,ALB,2009,No,No,Southern Europe,Tirana,Anti-Tank Missile System,Anti-Armor,Land,Javelin / SPIKE / Milan,586,In Maintenance,Good,2023,1,152.67,89464.62,USA,Yes,Yes,2023,2026,96.0
118,Albania,ALB,2009,No,No,Southern Europe,Tirana,Anti-Tank Missile System,Anti-Armor,Land,Javelin / SPIKE / Milan,918,Decommissioning,Needs Repair,2018,6,346.5,318087.0,USA,No,No,2024,2030,85.8
119,Albania,ALB,2009,No,No,Southern Europe,Tirana,Anti-Tank Missile System,Anti-Armor,Land,Javelin / SPIKE / Milan,499,On Order,Good,2018,6,290.46,144939.54,Turkey,Yes,Yes,2019,2032,72.3
120,Albania,ALB,2009,No,No,Southern Europe,Tirana,Patrol Aircraft,Air Force,Air,P-8 Poseidon / Atlantic,349,Reserve,Excellent,2011,13,404.03,141006.47,Multi-National,Yes,Yes,2020,2030,97.6
121,Albania,ALB,2009,No,No,Southern Europe,Tirana,Patrol Aircraft,Air Force,Air,P-8 Poseidon / Atlantic,1695,On Order,Good,2010,14,115.09,195077.55,Domestic,No,Yes,2015,2035,72.7
122,Albania,ALB,2009,No,No,Southern Europe,Tirana,Patrol Aircraft,Air Force,Air,P-8 Poseidon / Atlantic,1701,In Maintenance,Fair,2013,11,120.41,204817.41,France,No,Yes,2013,2035,87.2
123,Albania,ALB,2009,No,No,Southern Europe,Tirana,Patrol Aircraft,Air Force,Air,P-8 Poseidon / Atlantic,1518,On Order,Needs Repair,2012,12,231.86,351963.48,Turkey,No,No,2020,2025,90.5
124,Albania,ALB,2009,No,No,Southern Europe,Tirana,Cyber Defense Unit,Cyber,Digital,CCDCOE / NATO Cyber Centre,354,On Order,Fair,2017,7,114.72,40610.88,UK,No,No,2017,2032,52.6
125,Albania,ALB,2009,No,No,Southern Europe,Tirana,Cyber Defense Unit,Cyber,Digital,CCDCOE / NATO Cyber Centre,1097,Upgrading,End-of-Life,2020,4,309.95,340015.15,France,No,Yes,2020,2034,81.1
126,Albania,ALB,2009,No,No,Southern Europe,Tirana,Cyber Defense Unit,Cyber,Digital,CCDCOE / NATO Cyber Centre,1549,Decommissioning,Excellent,2019,5,108.8,168531.2,Germany,Partial,No,2023,2032,79.6
127,Albania,ALB,2009,No,No,Southern Europe,Tirana,Anti-Drone System,Air Defense,Land,DroneShield / AUDS / Skyfend,1507,Decommissioning,End-of-Life,2021,3,361.86,545323.02,Israel,Partial,Yes,2021,2028,99.5
128,Albania,ALB,2009,No,No,Southern Europe,Tirana,Anti-Drone System,Air Defense,Land,DroneShield / AUDS / Skyfend,646,In Maintenance,Needs Repair,2024,0,260.66,168386.36,USA,No,No,2024,2028,62.6
129,Albania,ALB,2009,No,No,Southern Europe,Tirana,Anti-Drone System,Air Defense,Land,DroneShield / AUDS / Skyfend,76,Decommissioning,End-of-Life,2011,13,387.9,29480.4,Israel,Partial,No,2013,2028,47.9
130,Albania,ALB,2009,No,No,Southern Europe,Tirana,Anti-Drone System,Air Defense,Land,DroneShield / AUDS / Skyfend,419,In Maintenance,End-of-Life,2016,8,266.78,111780.82,France,Yes,Yes,2018,2025,99.0
131,Albania,ALB,2009,No,No,Southern Europe,Tirana,Destroyer,Naval,Sea,Arleigh Burke / Type 45,1127,In Maintenance,End-of-Life,2024,0,14.02,15800.54,France,Yes,Yes,2024,2026,48.7
132,Albania,ALB,2009,No,No,Southern Europe,Tirana,Destroyer,Naval,Sea,Arleigh Burke / Type 45,93,In Maintenance,Good,2012,12,7.2,669.6,Domestic,Yes,Yes,2023,2032,63.1
133,Albania,ALB,2009,No,No,Southern Europe,Tirana,Destroyer,Naval,Sea,Arleigh Burke / Type 45,890,Operational,End-of-Life,2021,3,52.02,46297.8,Multi-National,Partial,No,2024,2025,40.7
134,Albania,ALB,2009,No,No,Southern Europe,Tirana,Destroyer,Naval,Sea,Arleigh Burke / Type 45,173,Upgrading,Excellent,2018,6,85.61,14810.53,UK,Yes,Yes,2022,2028,95.6
135,Belgium,BEL,1949,Yes,Yes,Western Europe,Brussels,Field Hospital,Medical,Support,Role 2 / Role 3 Hospital,552,On Order,Needs Repair,1961,63,33.68,18591.36,Italy,No,Yes,1972,2035,90.4
136,Belgium,BEL,1949,Yes,Yes,Western Europe,Brussels,Field Hospital,Medical,Support,Role 2 / Role 3 Hospital,1932,Operational,Needs Repair,1978,46,444.06,857923.92,Multi-National,No,Yes,2003,2033,89.0
137,Belgium,BEL,1949,Yes,Yes,Western Europe,Brussels,Field Hospital,Medical,Support,Role 2 / Role 3 Hospital,1878,Upgrading,Excellent,1984,40,347.71,652999.38,Multi-National,Partial,Yes,2007,2032,85.5
138,Belgium,BEL,1949,Yes,Yes,Western Europe,Brussels,Self-Propelled Howitzer,Artillery,Land,PzH 2000 / K9 Thunder / Caesar,861,Decommissioning,Good,2020,4,91.43,78721.23,Israel,Partial,No,2021,2030,76.4
139,Belgium,BEL,1949,Yes,Yes,Western Europe,Brussels,Self-Propelled Howitzer,Artillery,Land,PzH 2000 / K9 Thunder / Caesar,1609,Decommissioning,Needs Repair,1951,73,237.82,382652.38,Multi-National,Partial,Yes,2011,2032,99.6
140,Belgium,BEL,1949,Yes,Yes,Western Europe,Brussels,Self-Propelled Howitzer,Artillery,Land,PzH 2000 / K9 Thunder / Caesar,1354,Operational,Fair,2012,12,351.82,476364.28,Domestic,No,No,2014,2029,67.2
141,Belgium,BEL,1949,Yes,Yes,Western Europe,Brussels,Cyber Defense Unit,Cyber,Digital,CCDCOE / NATO Cyber Centre,1168,Operational,End-of-Life,2008,16,403.61,471416.48,France,Yes,Yes,2010,2026,65.9
142,Belgium,BEL,1949,Yes,Yes,Western Europe,Brussels,Cyber Defense Unit,Cyber,Digital,CCDCOE / NATO Cyber Centre,1438,On Order,End-of-Life,1995,29,204.82,294531.16,Multi-National,Yes,No,1995,2028,98.6
143,Belgium,BEL,1949,Yes,Yes,Western Europe,Brussels,Corvette,Naval,Sea,Skjold / Visby / Burak,1752,Decommissioning,Fair,1950,74,342.59,600217.68,Germany,Yes,No,1996,2029,70.6
144,Belgium,BEL,1949,Yes,Yes,Western Europe,Brussels,Corvette,Naval,Sea,Skjold / Visby / Burak,1991,Upgrading,Fair,1965,59,207.53,413192.23,USA,Partial,Yes,1996,2028,63.1
145,Belgium,BEL,1949,Yes,Yes,Western Europe,Brussels,Corvette,Naval,Sea,Skjold / Visby / Burak,380,On Order,End-of-Life,1959,65,43.91,16685.8,Germany,No,Yes,2010,2026,66.1
146,Belgium,BEL,1949,Yes,Yes,Western Europe,Brussels,Corvette,Naval,Sea,Skjold / Visby / Burak,364,Upgrading,Fair,1970,54,63.84,23237.76,Multi-National,Partial,Yes,1998,2024,88.6
147,Belgium,BEL,1949,Yes,Yes,Western Europe,Brussels,Armored Personnel Carrier,Armored,Land,M113 / Boxer / BTR-80,1478,In Maintenance,Excellent,1996,28,120.25,177729.5,Multi-National,No,No,2007,2031,89.9
148,Belgium,BEL,1949,Yes,Yes,Western Europe,Brussels,Armored Personnel Carrier,Armored,Land,M113 / Boxer / BTR-80,94,Decommissioning,Good,1990,34,196.09,18432.46,Domestic,Partial,Yes,1998,2029,69.8
149,Belgium,BEL,1949,Yes,Yes,Western Europe,Brussels,Armored Personnel Carrier,Armored,Land,M113 / Boxer / BTR-80,2,On Order,Excellent,2023,1,8.62,17.24,USA,Partial,No,2023,2035,93.8
150,Belgium,BEL,1949,Yes,Yes,Western Europe,Brussels,Submarine (SSN),Naval,Sea,Virginia-class / Astute-class,565,In Maintenance,Good,1956,68,206.98,116943.7,UK,No,Yes,2020,2026,95.1
151,Belgium,BEL,1949,Yes,Yes,Western Europe,Brussels,Submarine (SSN),Naval,Sea,Virginia-class / Astute-class,1253,Reserve,Excellent,1991,33,399.4,500448.2,Domestic,Yes,No,2024,2034,96.6
152,Belgium,BEL,1949,Yes,Yes,Western Europe,Brussels,Submarine (SSN),Naval,Sea,Virginia-class / Astute-class,1674,On Order,Fair,2016,8,82.65,138356.1,Turkey,Yes,Yes,2018,2030,44.3
153,Belgium,BEL,1949,Yes,Yes,Western Europe,Brussels,Strategic Bomber,Air Force,Air,B-52 / B-2 Spirit,1894,Operational,Excellent,1997,27,3.31,6269.14,Italy,Partial,Yes,1999,2025,74.4
154,Belgium,BEL,1949,Yes,Yes,Western Europe,Brussels,Strategic Bomber,Air Force,Air,B-52 / B-2 Spirit,1998,Upgrading,Excellent,1950,74,274.88,549210.24,USA,No,Yes,2004,2025,84.8
155,Belgium,BEL,1949,Yes,Yes,Western Europe,Brussels,Strategic Bomber,Air Force,Air,B-52 / B-2 Spirit,91,Upgrading,Excellent,1996,28,102.72,9347.52,Germany,Yes,Yes,1997,2031,44.2
156,Belgium,BEL,1949,Yes,Yes,Western Europe,Brussels,Strategic Bomber,Air Force,Air,B-52 / B-2 Spirit,883,Operational,Needs Repair,1990,34,306.38,270533.54,UK,Partial,Yes,2022,2033,87.0
157,Belgium,BEL,1949,Yes,Yes,Western Europe,Brussels,Strategic Transport Aircraft,Air Force,Air,C-17 / A400M / C-130,1458,In Maintenance,Good,1991,33,314.76,458920.08,Multi-National,No,No,2004,2030,60.6
158,Belgium,BEL,1949,Yes,Yes,Western Europe,Brussels,Strategic Transport Aircraft,Air Force,Air,C-17 / A400M / C-130,1220,Upgrading,Excellent,1982,42,125.92,153622.4,Israel,Partial,Yes,2021,2035,70.8
159,Belgium,BEL,1949,Yes,Yes,Western Europe,Brussels,Strategic Transport Aircraft,Air Force,Air,C-17 / A400M / C-130,291,Reserve,End-of-Life,2010,14,91.38,26591.58,USA,Yes,Yes,2010,2028,59.9
160,Belgium,BEL,1949,Yes,Yes,Western Europe,Brussels,Strategic Transport Aircraft,Air Force,Air,C-17 / A400M / C-130,316,On Order,End-of-Life,1995,29,348.72,110195.52,Israel,Yes,Yes,1997,2031,93.5
161,Belgium,BEL,1949,Yes,Yes,Western Europe,Brussels,Amphibious Assault Ship,Naval,Sea,USS America / HMS Albion,1990,Decommissioning,Good,1996,28,197.31,392646.9,Italy,Yes,No,2012,2024,64.3
162,Belgium,BEL,1949,Yes,Yes,Western Europe,Brussels,Amphibious Assault Ship,Naval,Sea,USS America / HMS Albion,561,On Order,Needs Repair,2019,5,196.22,110079.42,Turkey,Yes,Yes,2024,2028,93.4
163,Belgium,BEL,1949,Yes,Yes,Western Europe,Brussels,Mortar System,Artillery,Land,M120 / AMOS,1032,In Maintenance,Fair,1974,50,246.45,254336.4,France,No,No,1999,2026,72.4
164,Belgium,BEL,1949,Yes,Yes,Western Europe,Brussels,Mortar System,Artillery,Land,M120 / AMOS,679,Upgrading,Fair,1992,32,24.36,16540.44,Domestic,No,No,2020,2033,60.1
165,Belgium,BEL,1949,Yes,Yes,Western Europe,Brussels,Mortar System,Artillery,Land,M120 / AMOS,165,In Maintenance,Good,1996,28,432.43,71350.95,Germany,Partial,Yes,2015,2024,72.4
166,Belgium,BEL,1949,Yes,Yes,Western Europe,Brussels,Mortar System,Artillery,Land,M120 / AMOS,684,Upgrading,Fair,1991,33,48.66,33283.44,Domestic,Partial,Yes,2005,2025,97.0
167,Belgium,BEL,1949,Yes,Yes,Western Europe,Brussels,Long-Range SAM,Air Defense,Land,Patriot PAC-3 / S-400,949,Operational,End-of-Life,2014,10,423.66,402053.34,Domestic,Yes,No,2018,2035,96.5
168,Belgium,BEL,1949,Yes,Yes,Western Europe,Brussels,Long-Range SAM,Air Defense,Land,Patriot PAC-3 / S-400,1398,On Order,Good,1999,25,24.77,34628.46,Germany,Partial,Yes,2011,2035,77.2
169,Belgium,BEL,1949,Yes,Yes,Western Europe,Brussels,Transport Helicopter,Aviation,Air,CH-47 Chinook / NH90,647,Operational,Good,1984,40,314.54,203507.38,Domestic,Yes,Yes,1995,2031,94.0
170,Belgium,BEL,1949,Yes,Yes,Western Europe,Brussels,Transport Helicopter,Aviation,Air,CH-47 Chinook / NH90,1609,Operational,Excellent,2022,2,161.13,259258.17,Germany,No,Yes,2022,2029,46.6
171,Belgium,BEL,1949,Yes,Yes,Western Europe,Brussels,Attack Helicopter,Aviation,Air,AH-64 Apache / Tiger / NH90,1769,Reserve,End-of-Life,1973,51,407.97,721698.93,UK,No,No,1975,2031,56.9
172,Belgium,BEL,1949,Yes,Yes,Western Europe,Brussels,Attack Helicopter,Aviation,Air,AH-64 Apache / Tiger / NH90,1959,Upgrading,Good,2013,11,45.4,88938.6,Germany,No,Yes,2018,2035,84.5
173,Belgium,BEL,1949,Yes,Yes,Western Europe,Brussels,Combat Engineer Vehicle,Engineering,Land,M9 ACE / Leopard 2 AEV,751,On Order,Excellent,1953,71,411.1,308736.1,Domestic,Yes,No,1989,2034,77.3
174,Belgium,BEL,1949,Yes,Yes,Western Europe,Brussels,Combat Engineer Vehicle,Engineering,Land,M9 ACE / Leopard 2 AEV,1988,Operational,Good,1988,36,347.9,691625.2,USA,Yes,No,2010,2026,96.2
175,Belgium,BEL,1949,Yes,Yes,Western Europe,Brussels,Combat Engineer Vehicle,Engineering,Land,M9 ACE / Leopard 2 AEV,1800,Decommissioning,End-of-Life,1977,47,193.07,347526.0,UK,Yes,Yes,2011,2028,77.5
176,Belgium,BEL,1949,Yes,Yes,Western Europe,Brussels,Combat Engineer Vehicle,Engineering,Land,M9 ACE / Leopard 2 AEV,1865,On Order,Fair,1962,62,429.96,801875.4,Germany,Partial,No,1984,2027,94.5
177,Belgium,BEL,1949,Yes,Yes,Western Europe,Brussels,Electronic Warfare System,Electronics,Land,JAMMER / Krasukha,1163,Reserve,Needs Repair,1993,31,66.36,77176.68,USA,Yes,Yes,2019,2031,74.1
178,Belgium,BEL,1949,Yes,Yes,Western Europe,Brussels,Electronic Warfare System,Electronics,Land,JAMMER / Krasukha,1184,Upgrading,End-of-Life,1951,73,290.03,343395.52,Israel,Partial,Yes,1960,2032,63.2
179,Belgium,BEL,1949,Yes,Yes,Western Europe,Brussels,Electronic Warfare System,Electronics,Land,JAMMER / Krasukha,901,On Order,Good,2011,13,118.61,106867.61,Turkey,Partial,No,2022,2034,47.5
180,Belgium,BEL,1949,Yes,Yes,Western Europe,Brussels,Electronic Warfare System,Electronics,Land,JAMMER / Krasukha,1824,Decommissioning,Fair,1977,47,298.16,543843.84,UK,Partial,No,1991,2024,40.2
181,Belgium,BEL,1949,Yes,Yes,Western Europe,Brussels,Towed Howitzer,Artillery,Land,M777 / FH70 / D-30,940,In Maintenance,Fair,1998,26,341.56,321066.4,Italy,Yes,Yes,2003,2034,60.8
182,Belgium,BEL,1949,Yes,Yes,Western Europe,Brussels,Towed Howitzer,Artillery,Land,M777 / FH70 / D-30,24,Upgrading,Fair,1959,65,222.21,5333.04,UK,Yes,No,1982,2028,46.3
183,Belgium,BEL,1949,Yes,Yes,Western Europe,Brussels,Towed Howitzer,Artillery,Land,M777 / FH70 / D-30,1102,Operational,Good,1982,42,83.1,91576.2,Germany,Yes,Yes,2001,2029,91.3
184,Belgium,BEL,1949,Yes,Yes,Western Europe,Brussels,Infantry Fighting Vehicle,Armored,Land,Bradley / Puma / AS-21,33,On Order,Needs Repair,1954,70,257.31,8491.23,Domestic,No,Yes,1954,2034,85.8
185,Belgium,BEL,1949,Yes,Yes,Western Europe,Brussels,Infantry Fighting Vehicle,Armored,Land,Bradley / Puma / AS-21,1109,Decommissioning,Fair,2021,3,411.13,455943.17,France,Yes,Yes,2021,2025,63.0
186,Belgium,BEL,1949,Yes,Yes,Western Europe,Brussels,Main Battle Tank,Armored,Land,M1 Abrams / Leopard 2 / Challenger 3,452,Operational,Fair,1967,57,277.51,125434.52,Italy,No,No,2015,2033,73.3
187,Belgium,BEL,1949,Yes,Yes,Western Europe,Brussels,Main Battle Tank,Armored,Land,M1 Abrams / Leopard 2 / Challenger 3,1114,Decommissioning,Good,2007,17,145.81,162432.34,USA,Yes,No,2016,2026,63.7
188,Belgium,BEL,1949,Yes,Yes,Western Europe,Brussels,Main Battle Tank,Armored,Land,M1 Abrams / Leopard 2 / Challenger 3,474,In Maintenance,Excellent,1980,44,188.88,89529.12,Germany,No,No,2002,2032,51.2
189,Belgium,BEL,1949,Yes,Yes,Western Europe,Brussels,Radar System,Electronics,Land,AN/TPY-2 / AN/MPQ-65,948,On Order,End-of-Life,2009,15,400.52,379692.96,Germany,Yes,No,2012,2025,88.0
190,Belgium,BEL,1949,Yes,Yes,Western Europe,Brussels,Radar System,Electronics,Land,AN/TPY-2 / AN/MPQ-65,1726,Decommissioning,Excellent,1970,54,101.93,175931.18,Germany,Yes,No,2014,2026,45.9
191,Belgium,BEL,1949,Yes,Yes,Western Europe,Brussels,Radar System,Electronics,Land,AN/TPY-2 / AN/MPQ-65,1630,Decommissioning,Excellent,1971,53,30.85,50285.5,Multi-National,Partial,No,2017,2024,81.1
192,Belgium,BEL,1949,Yes,Yes,Western Europe,Brussels,Tanker Aircraft,Air Force,Air,KC-135 / A330 MRTT,195,Operational,End-of-Life,2005,19,48.33,9424.35,Israel,Yes,No,2015,2032,73.0
193,Belgium,BEL,1949,Yes,Yes,Western Europe,Brussels,Tanker Aircraft,Air Force,Air,KC-135 / A330 MRTT,1497,Upgrading,Needs Repair,1990,34,256.25,383606.25,Germany,Partial,Yes,2014,2032,71.0
194,Belgium,BEL,1949,Yes,Yes,Western Europe,Brussels,Tanker Aircraft,Air Force,Air,KC-135 / A330 MRTT,1453,Reserve,Good,1956,68,337.81,490837.93,Turkey,Partial,Yes,1964,2032,98.6
195,Belgium,BEL,1949,Yes,Yes,Western Europe,Brussels,Tanker Aircraft,Air Force,Air,KC-135 / A330 MRTT,1248,Decommissioning,Needs Repair,1969,55,229.08,285891.84,Germany,Partial,No,1990,2028,91.9
196,Belgium,BEL,1949,Yes,Yes,Western Europe,Brussels,AWACS Aircraft,Air Force,Air,E-3 Sentry / E-7A,198,On Order,Needs Repair,2015,9,62.58,12390.84,Germany,Yes,Yes,2017,2032,52.8
197,Belgium,BEL,1949,Yes,Yes,Western Europe,Brussels,AWACS Aircraft,Air Force,Air,E-3 Sentry / E-7A,605,In Maintenance,Good,2018,6,57.79,34962.95,Germany,Yes,No,2018,2028,56.7
198,Belgium,BEL,1949,Yes,Yes,Western Europe,Brussels,AWACS Aircraft,Air Force,Air,E-3 Sentry / E-7A,572,On Order,End-of-Life,1977,47,329.15,188273.8,USA,Yes,No,2000,2033,76.1
199,Belgium,BEL,1949,Yes,Yes,Western Europe,Brussels,AWACS Aircraft,Air Force,Air,E-3 Sentry / E-7A,403,On Order,Excellent,1951,73,303.07,122137.21,Germany,Yes,Yes,1957,2028,96.1
200,Belgium,BEL,1949,Yes,Yes,Western Europe,Brussels,NBC Detection Vehicle,CBRN,Land,Fox / TPz Fuchs,307,In Maintenance,Needs Repair,1978,46,383.64,117777.48,Turkey,No,Yes,2022,2025,54.6
201,Belgium,BEL,1949,Yes,Yes,Western Europe,Brussels,NBC Detection Vehicle,CBRN,Land,Fox / TPz Fuchs,1472,In Maintenance,End-of-Life,1974,50,19.12,28144.64,USA,No,No,1977,2030,55.2
202,Belgium,BEL,1949,Yes,Yes,Western Europe,Brussels,NBC Detection Vehicle,CBRN,Land,Fox / TPz Fuchs,405,Operational,Fair,1950,74,307.14,124391.7,France,No,No,2008,2029,63.8
203,Belgium,BEL,1949,Yes,Yes,Western Europe,Brussels,NBC Detection Vehicle,CBRN,Land,Fox / TPz Fuchs,1199,In Maintenance,Good,1962,62,275.19,329952.81,USA,Partial,Yes,2003,2026,99.3
204,Belgium,BEL,1949,Yes,Yes,Western Europe,Brussels,Fighter Jet,Air Force,Air,F-16 / Gripen / Typhoon,853,Upgrading,End-of-Life,1959,65,211.62,180511.86,Domestic,Yes,Yes,1974,2024,55.8
205,Belgium,BEL,1949,Yes,Yes,Western Europe,Brussels,Fighter Jet,Air Force,Air,F-16 / Gripen / Typhoon,1726,Operational,End-of-Life,2019,5,369.62,637964.12,Israel,No,Yes,2020,2033,44.9
206,Belgium,BEL,1949,Yes,Yes,Western Europe,Brussels,Logistics Support Vessel,Naval,Sea,Supply / Berlin-class,1924,Operational,End-of-Life,1965,59,189.2,364020.8,Domestic,No,No,2000,2029,98.0
207,Belgium,BEL,1949,Yes,Yes,Western Europe,Brussels,Logistics Support Vessel,Naval,Sea,Supply / Berlin-class,857,Operational,Needs Repair,2000,24,207.5,177827.5,France,Partial,No,2004,2025,74.2
208,Belgium,BEL,1949,Yes,Yes,Western Europe,Brussels,Frigate,Naval,Sea,FREMM / Type 23 / FREMM,743,Decommissioning,Fair,1996,28,27.67,20558.81,UK,No,Yes,2010,2030,63.5
209,Belgium,BEL,1949,Yes,Yes,Western Europe,Brussels,Frigate,Naval,Sea,FREMM / Type 23 / FREMM,404,In Maintenance,Good,1989,35,272.29,110005.16,Israel,No,Yes,2008,2034,76.2
210,Belgium,BEL,1949,Yes,Yes,Western Europe,Brussels,Frigate,Naval,Sea,FREMM / Type 23 / FREMM,344,In Maintenance,Needs Repair,2008,16,85.8,29515.2,Germany,No,Yes,2010,2028,98.0
211,Belgium,BEL,1949,Yes,Yes,Western Europe,Brussels,Submarine (SSK),Naval,Sea,Type 212 / Gotland,445,On Order,Fair,2002,22,299.63,133335.35,Multi-National,Partial,No,2010,2034,49.1
212,Belgium,BEL,1949,Yes,Yes,Western Europe,Brussels,Submarine (SSK),Naval,Sea,Type 212 / Gotland,1392,On Order,Excellent,2015,9,382.64,532634.88,Multi-National,Partial,No,2024,2034,77.0
213,Belgium,BEL,1949,Yes,Yes,Western Europe,Brussels,Submarine (SSK),Naval,Sea,Type 212 / Gotland,1517,In Maintenance,Fair,2002,22,66.81,101350.77,USA,Partial,No,2010,2027,52.0
214,Belgium,BEL,1949,Yes,Yes,Western Europe,Brussels,Anti-Drone System,Air Defense,Land,DroneShield / AUDS / Skyfend,1650,On Order,Fair,1980,44,399.37,658960.5,Turkey,Yes,No,2022,2024,61.8
215,Belgium,BEL,1949,Yes,Yes,Western Europe,Brussels,Anti-Drone System,Air Defense,Land,DroneShield / AUDS / Skyfend,485,In Maintenance,Excellent,1978,46,110.86,53767.1,France,Yes,Yes,2023,2029,90.8
216,Belgium,BEL,1949,Yes,Yes,Western Europe,Brussels,Anti-Drone System,Air Defense,Land,DroneShield / AUDS / Skyfend,1085,Reserve,Fair,2013,11,182.85,198392.25,Italy,No,No,2024,2033,80.4
217,Belgium,BEL,1949,Yes,Yes,Western Europe,Brussels,Destroyer,Naval,Sea,Arleigh Burke / Type 45,679,On Order,Fair,2008,16,180.92,122844.68,Italy,Yes,No,2015,2030,62.2
218,Belgium,BEL,1949,Yes,Yes,Western Europe,Brussels,Destroyer,Naval,Sea,Arleigh Burke / Type 45,969,On Order,End-of-Life,1984,40,177.17,171677.73,Multi-National,No,Yes,2011,2027,94.3
219,Belgium,BEL,1949,Yes,Yes,Western Europe,Brussels,Destroyer,Naval,Sea,Arleigh Burke / Type 45,261,Reserve,Fair,1960,64,80.1,20906.1,Domestic,Partial,Yes,2002,2033,94.9
220,Belgium,BEL,1949,Yes,Yes,Western Europe,Brussels,Medium-Range SAM,Air Defense,Land,Patriot / NASAMS / SAMP/T,1042,In Maintenance,Needs Repair,1961,63,366.74,382143.08,Germany,No,No,2009,2030,58.1
221,Belgium,BEL,1949,Yes,Yes,Western Europe,Brussels,Medium-Range SAM,Air Defense,Land,Patriot / NASAMS / SAMP/T,916,In Maintenance,Excellent,1973,51,51.22,46917.52,Turkey,No,Yes,1988,2029,86.5
222,Belgium,BEL,1949,Yes,Yes,Western Europe,Brussels,Medium-Range SAM,Air Defense,Land,Patriot / NASAMS / SAMP/T,1207,Upgrading,Excellent,1965,59,119.93,144755.51,UK,Yes,No,2006,2032,75.0
223,Belgium,BEL,1949,Yes,Yes,Western Europe,Brussels,Satellite Terminal,Communications,Digital,SATCOM / JTRS,1625,Operational,Fair,1970,54,423.46,688122.5,Italy,No,Yes,2015,2024,67.1
224,Belgium,BEL,1949,Yes,Yes,Western Europe,Brussels,Satellite Terminal,Communications,Digital,SATCOM / JTRS,847,Upgrading,Good,1978,46,296.17,250855.99,USA,Partial,Yes,1979,2032,78.7
225,Belgium,BEL,1949,Yes,Yes,Western Europe,Brussels,Short-Range Air Defense,Air Defense,Land,SHORAD / Gepard / Stinger,251,Reserve,Good,2013,11,423.1,106198.1,Germany,Yes,Yes,2018,2035,72.9
226,Belgium,BEL,1949,Yes,Yes,Western Europe,Brussels,Short-Range Air Defense,Air Defense,Land,SHORAD / Gepard / Stinger,191,In Maintenance,Good,2021,3,126.74,24207.34,Italy,Partial,No,2022,2030,93.3
227,Belgium,BEL,1949,Yes,Yes,Western Europe,Brussels,Short-Range Air Defense,Air Defense,Land,SHORAD / Gepard / Stinger,1037,On Order,Needs Repair,2008,16,117.26,121598.62,Domestic,Yes,No,2014,2034,97.8
228,Belgium,BEL,1949,Yes,Yes,Western Europe,Brussels,Short-Range Air Defense,Air Defense,Land,SHORAD / Gepard / Stinger,1783,Upgrading,Fair,1953,71,311.33,555101.39,Germany,Yes,No,2012,2031,47.9
229,Belgium,BEL,1949,Yes,Yes,Western Europe,Brussels,Air Superiority Fighter,Air Force,Air,F-22 / Typhoon,821,In Maintenance,Needs Repair,1991,33,183.33,150513.93,Domestic,Yes,No,1994,2034,89.6
230,Belgium,BEL,1949,Yes,Yes,Western Europe,Brussels,Air Superiority Fighter,Air Force,Air,F-22 / Typhoon,1896,Upgrading,End-of-Life,1995,29,366.97,695775.12,USA,Yes,No,2005,2034,71.1
231,Belgium,BEL,1949,Yes,Yes,Western Europe,Brussels,Air Superiority Fighter,Air Force,Air,F-22 / Typhoon,95,In Maintenance,Needs Repair,1954,70,11.88,1128.6,Germany,Partial,Yes,1962,2028,51.2
232,Belgium,BEL,1949,Yes,Yes,Western Europe,Brussels,UAV / Drone,Air Force,Air,MQ-9 Reaper / Bayraktar TB2,1358,Operational,End-of-Life,1974,50,54.4,73875.2,UK,Yes,Yes,2023,2027,85.7
233,Belgium,BEL,1949,Yes,Yes,Western Europe,Brussels,UAV / Drone,Air Force,Air,MQ-9 Reaper / Bayraktar TB2,1085,In Maintenance,Excellent,1961,63,222.72,241651.2,France,Yes,Yes,2009,2033,60.7
234,Belgium,BEL,1949,Yes,Yes,Western Europe,Brussels,UAV / Drone,Air Force,Air,MQ-9 Reaper / Bayraktar TB2,1454,Upgrading,Good,1969,55,233.38,339334.52,Domestic,Partial,Yes,2005,2035,77.8
235,Belgium,BEL,1949,Yes,Yes,Western Europe,Brussels,Aircraft Carrier,Naval,Sea,Gerald R. Ford / Queen Elizabeth,1607,On Order,Fair,1981,43,155.11,249261.77,Italy,Partial,Yes,1996,2026,50.1
236,Belgium,BEL,1949,Yes,Yes,Western Europe,Brussels,Aircraft Carrier,Naval,Sea,Gerald R. Ford / Queen Elizabeth,1312,Decommissioning,Good,2006,18,102.46,134427.52,Multi-National,Partial,Yes,2006,2028,61.8
237,Belgium,BEL,1949,Yes,Yes,Western Europe,Brussels,Aircraft Carrier,Naval,Sea,Gerald R. Ford / Queen Elizabeth,972,In Maintenance,Good,1978,46,351.95,342095.4,France,No,No,1983,2032,61.0
238,Belgium,BEL,1949,Yes,Yes,Western Europe,Brussels,Patrol Vessel,Naval,Sea,OPV / Fast Attack Craft,963,Operational,End-of-Life,2000,24,41.69,40147.47,Turkey,Yes,Yes,2012,2033,69.8
239,Belgium,BEL,1949,Yes,Yes,Western Europe,Brussels,Patrol Vessel,Naval,Sea,OPV / Fast Attack Craft,1967,In Maintenance,Good,1965,59,344.14,676923.38,Israel,Yes,Yes,1965,2031,47.5
240,Belgium,BEL,1949,Yes,Yes,Western Europe,Brussels,Logistics Truck (Heavy),Logistics,Support,HEMTT / MAN HX,206,Decommissioning,Good,1995,29,290.34,59810.04,Multi-National,Partial,Yes,2017,2025,97.7
241,Belgium,BEL,1949,Yes,Yes,Western Europe,Brussels,Logistics Truck (Heavy),Logistics,Support,HEMTT / MAN HX,1011,Reserve,End-of-Life,2005,19,415.41,419979.51,UK,No,No,2011,2029,66.5
242,Belgium,BEL,1949,Yes,Yes,Western Europe,Brussels,Logistics Truck (Heavy),Logistics,Support,HEMTT / MAN HX,539,In Maintenance,Good,1966,58,65.74,35433.86,Germany,Yes,Yes,2006,2025,85.2
243,Belgium,BEL,1949,Yes,Yes,Western Europe,Brussels,Patrol Aircraft,Air Force,Air,P-8 Poseidon / Atlantic,521,On Order,End-of-Life,1969,55,156.07,81312.47,Germany,Partial,Yes,1980,2035,97.4
244,Belgium,BEL,1949,Yes,Yes,Western Europe,Brussels,Patrol Aircraft,Air Force,Air,P-8 Poseidon / Atlantic,831,Decommissioning,Fair,1957,67,169.97,141245.07,France,No,Yes,2006,2027,89.9
245,Belgium,BEL,1949,Yes,Yes,Western Europe,Brussels,Patrol Aircraft,Air Force,Air,P-8 Poseidon / Atlantic,1303,In Maintenance,Excellent,2011,13,389.09,506984.27,USA,Partial,Yes,2015,2030,81.0
246,Belgium,BEL,1949,Yes,Yes,Western Europe,Brussels,Maritime Helicopter,Aviation,Air,AW159 / MH-60R,566,Operational,Needs Repair,1963,61,372.54,210857.64,Italy,Yes,No,2012,2025,79.1
247,Belgium,BEL,1949,Yes,Yes,Western Europe,Brussels,Maritime Helicopter,Aviation,Air,AW159 / MH-60R,665,On Order,Excellent,1969,55,6.59,4382.35,France,No,Yes,1994,2034,43.4
248,Belgium,BEL,1949,Yes,Yes,Western Europe,Brussels,Maritime Helicopter,Aviation,Air,AW159 / MH-60R,1608,In Maintenance,End-of-Life,1986,38,298.95,480711.6,Turkey,Partial,No,2010,2025,58.8
249,Belgium,BEL,1949,Yes,Yes,Western Europe,Brussels,Anti-Aircraft Gun,Air Defense,Land,Oerlikon 35mm / ZU-23,1621,Reserve,Fair,2010,14,20.74,33619.54,USA,Yes,Yes,2015,2025,65.6
250,Belgium,BEL,1949,Yes,Yes,Western Europe,Brussels,Anti-Aircraft Gun,Air Defense,Land,Oerlikon 35mm / ZU-23,1477,Decommissioning,Fair,1984,40,32.87,48548.99,Italy,No,No,1985,2033,95.9
251,Belgium,BEL,1949,Yes,Yes,Western Europe,Brussels,Anti-Aircraft Gun,Air Defense,Land,Oerlikon 35mm / ZU-23,189,Decommissioning,Good,2023,1,324.54,61338.06,Italy,No,No,2024,2026,43.6
252,Belgium,BEL,1949,Yes,Yes,Western Europe,Brussels,Mine Countermeasure Vessel,Naval,Sea,Hunt-class / Alkmaar,1663,In Maintenance,Needs Repair,1967,57,8.66,14401.58,Germany,Partial,Yes,1971,2033,91.9
253,Belgium,BEL,1949,Yes,Yes,Western Europe,Brussels,Mine Countermeasure Vessel,Naval,Sea,Hunt-class / Alkmaar,1018,On Order,Excellent,1962,62,61.61,62718.98,Germany,No,Yes,2022,2027,74.2
254,Belgium,BEL,1949,Yes,Yes,Western Europe,Brussels,Sniper Rifle System,Small Arms,Land,Barrett M82 / Accuracy Int.,882,Decommissioning,Needs Repair,2001,23,208.51,183905.82,Israel,Yes,No,2007,2025,49.9
255,Belgium,BEL,1949,Yes,Yes,Western Europe,Brussels,Sniper Rifle System,Small Arms,Land,Barrett M82 / Accuracy Int.,1006,Decommissioning,Good,2011,13,104.48,105106.88,Germany,No,No,2021,2024,67.6
256,Belgium,BEL,1949,Yes,Yes,Western Europe,Brussels,Sniper Rifle System,Small Arms,Land,Barrett M82 / Accuracy Int.,696,Decommissioning,End-of-Life,2023,1,433.74,301883.04,Turkey,Partial,No,2024,2027,90.4
257,Belgium,BEL,1949,Yes,Yes,Western Europe,Brussels,Sniper Rifle System,Small Arms,Land,Barrett M82 / Accuracy Int.,1918,On Order,End-of-Life,1976,48,423.35,811985.3,UK,Yes,Yes,2014,2025,77.7
258,Belgium,BEL,1949,Yes,Yes,Western Europe,Brussels,Anti-Tank Missile System,Anti-Armor,Land,Javelin / SPIKE / Milan,675,Decommissioning,End-of-Life,1989,35,85.18,57496.5,Italy,Yes,Yes,1996,2026,42.7
259,Belgium,BEL,1949,Yes,Yes,Western Europe,Brussels,Anti-Tank Missile System,Anti-Armor,Land,Javelin / SPIKE / Milan,249,Operational,Fair,1958,66,158.71,39518.79,Turkey,No,No,1994,2033,78.3
260,Belgium,BEL,1949,Yes,Yes,Western Europe,Brussels,Anti-Tank Missile System,Anti-Armor,Land,Javelin / SPIKE / Milan,1639,On Order,Excellent,1986,38,216.23,354400.97,Domestic,Yes,No,2021,2031,63.7
261,Bulgaria,BGR,2004,No,No,Eastern Europe,Sofia,Mine Countermeasure Vessel,Naval,Sea,Hunt-class / Alkmaar,780,Operational,Fair,2011,13,144.83,112967.4,Turkey,Partial,Yes,2013,2029,61.0
262,Bulgaria,BGR,2004,No,No,Eastern Europe,Sofia,Mine Countermeasure Vessel,Naval,Sea,Hunt-class / Alkmaar,332,Upgrading,Good,2020,4,72.92,24209.44,Israel,No,Yes,2020,2029,76.8
263,Bulgaria,BGR,2004,No,No,Eastern Europe,Sofia,Mine Countermeasure Vessel,Naval,Sea,Hunt-class / Alkmaar,1878,Decommissioning,End-of-Life,2020,4,279.53,524957.34,Italy,Partial,No,2022,2028,64.8
264,Bulgaria,BGR,2004,No,No,Eastern Europe,Sofia,Mine Countermeasure Vessel,Naval,Sea,Hunt-class / Alkmaar,892,Reserve,Fair,2011,13,134.69,120143.48,UK,Partial,Yes,2015,2035,55.4
265,Bulgaria,BGR,2004,No,No,Eastern Europe,Sofia,Combat Engineer Vehicle,Engineering,Land,M9 ACE / Leopard 2 AEV,1623,Upgrading,End-of-Life,2013,11,275.59,447282.57,France,Partial,Yes,2024,2028,56.5
266,Bulgaria,BGR,2004,No,No,Eastern Europe,Sofia,Combat Engineer Vehicle,Engineering,Land,M9 ACE / Leopard 2 AEV,925,Reserve,Needs Repair,2013,11,102.27,94599.75,UK,Yes,Yes,2015,2027,42.9
267,Bulgaria,BGR,2004,No,No,Eastern Europe,Sofia,Aircraft Carrier,Naval,Sea,Gerald R. Ford / Queen Elizabeth,1027,On Order,Needs Repair,2017,7,58.17,59740.59,France,Partial,No,2018,2027,49.4
268,Bulgaria,BGR,2004,No,No,Eastern Europe,Sofia,Aircraft Carrier,Naval,Sea,Gerald R. Ford / Queen Elizabeth,1983,Decommissioning,Needs Repair,2004,20,448.97,890307.51,Germany,Yes,Yes,2007,2031,85.6
269,Bulgaria,BGR,2004,No,No,Eastern Europe,Sofia,Aircraft Carrier,Naval,Sea,Gerald R. Ford / Queen Elizabeth,982,Decommissioning,Fair,2014,10,135.96,133512.72,France,No,No,2019,2029,68.3
270,Bulgaria,BGR,2004,No,No,Eastern Europe,Sofia,Submarine (SSK),Naval,Sea,Type 212 / Gotland,272,Operational,Excellent,2008,16,17.26,4694.72,UK,No,No,2017,2030,95.6
271,Bulgaria,BGR,2004,No,No,Eastern Europe,Sofia,Submarine (SSK),Naval,Sea,Type 212 / Gotland,305,Operational,Excellent,2023,1,100.94,30786.7,Germany,Partial,No,2023,2026,86.6
272,Bulgaria,BGR,2004,No,No,Eastern Europe,Sofia,Submarine (SSK),Naval,Sea,Type 212 / Gotland,419,Upgrading,Fair,2018,6,150.33,62988.27,Multi-National,Partial,No,2019,2029,74.9
273,Bulgaria,BGR,2004,No,No,Eastern Europe,Sofia,Submarine (SSK),Naval,Sea,Type 212 / Gotland,1288,Decommissioning,Needs Repair,2019,5,433.75,558670.0,USA,Partial,Yes,2019,2028,82.3
274,Bulgaria,BGR,2004,No,No,Eastern Europe,Sofia,UAV / Drone,Air Force,Air,MQ-9 Reaper / Bayraktar TB2,613,Reserve,Needs Repair,2010,14,117.09,71776.17,Israel,Yes,Yes,2011,2027,96.0
275,Bulgaria,BGR,2004,No,No,Eastern Europe,Sofia,UAV / Drone,Air Force,Air,MQ-9 Reaper / Bayraktar TB2,1129,In Maintenance,Fair,2015,9,22.1,24950.9,Germany,Yes,No,2017,2034,84.4
276,Bulgaria,BGR,2004,No,No,Eastern Europe,Sofia,UAV / Drone,Air Force,Air,MQ-9 Reaper / Bayraktar TB2,70,Upgrading,Fair,2011,13,88.11,6167.7,Germany,No,No,2014,2034,46.5
277,Bulgaria,BGR,2004,No,No,Eastern Europe,Sofia,UAV / Drone,Air Force,Air,MQ-9 Reaper / Bayraktar TB2,618,On Order,End-of-Life,2011,13,298.65,184565.7,Israel,Partial,No,2023,2032,89.8
278,Bulgaria,BGR,2004,No,No,Eastern Europe,Sofia,Attack Helicopter,Aviation,Air,AH-64 Apache / Tiger / NH90,1132,On Order,Good,2024,0,141.55,160234.6,UK,No,Yes,2024,2034,45.4
279,Bulgaria,BGR,2004,No,No,Eastern Europe,Sofia,Attack Helicopter,Aviation,Air,AH-64 Apache / Tiger / NH90,1359,Reserve,Excellent,2019,5,197.45,268334.55,Turkey,No,Yes,2019,2028,52.4
280,Bulgaria,BGR,2004,No,No,Eastern Europe,Sofia,Logistics Support Vessel,Naval,Sea,Supply / Berlin-class,121,Reserve,Excellent,2008,16,103.16,12482.36,Germany,Yes,No,2021,2030,60.3
281,Bulgaria,BGR,2004,No,No,Eastern Europe,Sofia,Logistics Support Vessel,Naval,Sea,Supply / Berlin-class,920,In Maintenance,Good,2014,10,328.56,302275.2,France,Yes,Yes,2023,2027,40.6
282,Bulgaria,BGR,2004,No,No,Eastern Europe,Sofia,Logistics Support Vessel,Naval,Sea,Supply / Berlin-class,35,Decommissioning,Excellent,2008,16,148.92,5212.2,France,Yes,Yes,2015,2024,53.1
283,Bulgaria,BGR,2004,No,No,Eastern Europe,Sofia,Destroyer,Naval,Sea,Arleigh Burke / Type 45,838,On Order,Excellent,2018,6,198.72,166527.36,Israel,No,No,2024,2024,66.2
284,Bulgaria,BGR,2004,No,No,Eastern Europe,Sofia,Destroyer,Naval,Sea,Arleigh Burke / Type 45,876,Decommissioning,End-of-Life,2008,16,349.27,305960.52,Italy,No,Yes,2009,2026,56.7
285,Bulgaria,BGR,2004,No,No,Eastern Europe,Sofia,Destroyer,Naval,Sea,Arleigh Burke / Type 45,760,In Maintenance,Good,2010,14,25.69,19524.4,Multi-National,No,No,2012,2027,41.7
286,Bulgaria,BGR,2004,No,No,Eastern Europe,Sofia,Cyber Defense Unit,Cyber,Digital,CCDCOE / NATO Cyber Centre,1469,Decommissioning,Fair,2008,16,21.48,31554.12,Turkey,Yes,Yes,2010,2031,83.0
287,Bulgaria,BGR,2004,No,No,Eastern Europe,Sofia,Cyber Defense Unit,Cyber,Digital,CCDCOE / NATO Cyber Centre,1963,In Maintenance,Fair,2009,15,298.03,585032.89,Domestic,No,Yes,2023,2035,64.8
288,Bulgaria,BGR,2004,No,No,Eastern Europe,Sofia,Cyber Defense Unit,Cyber,Digital,CCDCOE / NATO Cyber Centre,1704,Decommissioning,Needs Repair,2012,12,297.42,506803.68,USA,No,No,2017,2028,64.8
289,Bulgaria,BGR,2004,No,No,Eastern Europe,Sofia,Anti-Drone System,Air Defense,Land,DroneShield / AUDS / Skyfend,1613,In Maintenance,Fair,2023,1,421.1,679234.3,Domestic,No,No,2023,2032,92.3
290,Bulgaria,BGR,2004,No,No,Eastern Europe,Sofia,Anti-Drone System,Air Defense,Land,DroneShield / AUDS / Skyfend,904,Upgrading,Good,2008,16,354.98,320901.92,Italy,Partial,Yes,2013,2026,59.0
291,Bulgaria,BGR,2004,No,No,Eastern Europe,Sofia,Anti-Drone System,Air Defense,Land,DroneShield / AUDS / Skyfend,84,Reserve,Needs Repair,2022,2,351.98,29566.32,Israel,Partial,No,2024,2028,94.8
292,Bulgaria,BGR,2004,No,No,Eastern Europe,Sofia,Anti-Drone System,Air Defense,Land,DroneShield / AUDS / Skyfend,1486,Upgrading,Good,2008,16,426.25,633407.5,France,No,Yes,2013,2025,47.8
293,Bulgaria,BGR,2004,No,No,Eastern Europe,Sofia,Logistics Truck (Heavy),Logistics,Support,HEMTT / MAN HX,98,Decommissioning,Excellent,2007,17,239.15,23436.7,France,Partial,No,2024,2030,88.4
294,Bulgaria,BGR,2004,No,No,Eastern Europe,Sofia,Logistics Truck (Heavy),Logistics,Support,HEMTT / MAN HX,1523,Operational,Needs Repair,2023,1,22.97,34983.31,Domestic,No,No,2023,2034,95.9
295,Bulgaria,BGR,2004,No,No,Eastern Europe,Sofia,Self-Propelled Howitzer,Artillery,Land,PzH 2000 / K9 Thunder / Caesar,311,Decommissioning,End-of-Life,2015,9,47.05,14632.55,UK,Partial,No,2017,2033,59.1
296,Bulgaria,BGR,2004,No,No,Eastern Europe,Sofia,Self-Propelled Howitzer,Artillery,Land,PzH 2000 / K9 Thunder / Caesar,1816,In Maintenance,Good,2007,17,222.55,404150.8,Germany,No,No,2015,2027,53.2
297,Bulgaria,BGR,2004,No,No,Eastern Europe,Sofia,Self-Propelled Howitzer,Artillery,Land,PzH 2000 / K9 Thunder / Caesar,932,Reserve,Fair,2009,15,74.02,68986.64,Germany,Yes,Yes,2021,2026,62.6
298,Bulgaria,BGR,2004,No,No,Eastern Europe,Sofia,Self-Propelled Howitzer,Artillery,Land,PzH 2000 / K9 Thunder / Caesar,658,On Order,Needs Repair,2012,12,266.2,175159.6,France,Yes,Yes,2023,2032,88.9
299,Bulgaria,BGR,2004,No,No,Eastern Europe,Sofia,Strategic Transport Aircraft,Air Force,Air,C-17 / A400M / C-130,595,Operational,Fair,2013,11,136.27,81080.65,Multi-National,Partial,No,2021,2033,74.7
300,Bulgaria,BGR,2004,No,No,Eastern Europe,Sofia,Strategic Transport Aircraft,Air Force,Air,C-17 / A400M / C-130,679,Operational,Good,2004,20,122.3,83041.7,Domestic,No,No,2020,2034,60.9
301,Bulgaria,BGR,2004,No,No,Eastern Europe,Sofia,Long-Range SAM,Air Defense,Land,Patriot PAC-3 / S-400,1570,On Order,Needs Repair,2014,10,85.67,134501.9,Turkey,No,Yes,2020,2030,78.0
302,Bulgaria,BGR,2004,No,No,Eastern Europe,Sofia,Long-Range SAM,Air Defense,Land,Patriot PAC-3 / S-400,430,Decommissioning,Fair,2009,15,426.46,183377.8,Israel,Yes,No,2014,2031,95.2
303,Bulgaria,BGR,2004,No,No,Eastern Europe,Sofia,Long-Range SAM,Air Defense,Land,Patriot PAC-3 / S-400,973,In Maintenance,Fair,2014,10,357.76,348100.48,Germany,Yes,No,2015,2030,60.9
304,Bulgaria,BGR,2004,No,No,Eastern Europe,Sofia,Long-Range SAM,Air Defense,Land,Patriot PAC-3 / S-400,173,In Maintenance,Excellent,2008,16,364.38,63037.74,Italy,Partial,Yes,2012,2033,57.1
305,Bulgaria,BGR,2004,No,No,Eastern Europe,Sofia,AWACS Aircraft,Air Force,Air,E-3 Sentry / E-7A,662,In Maintenance,End-of-Life,2017,7,98.66,65312.92,Italy,No,No,2020,2030,54.6
306,Bulgaria,BGR,2004,No,No,Eastern Europe,Sofia,AWACS Aircraft,Air Force,Air,E-3 Sentry / E-7A,1370,In Maintenance,End-of-Life,2008,16,290.77,398354.9,UK,Partial,Yes,2009,2030,62.6
307,Bulgaria,BGR,2004,No,No,Eastern Europe,Sofia,Patrol Aircraft,Air Force,Air,P-8 Poseidon / Atlantic,1360,Operational,End-of-Life,2012,12,280.76,381833.6,Italy,Yes,Yes,2015,2035,46.4
308,Bulgaria,BGR,2004,No,No,Eastern Europe,Sofia,Patrol Aircraft,Air Force,Air,P-8 Poseidon / Atlantic,1342,Operational,Excellent,2021,3,342.25,459299.5,UK,Partial,Yes,2022,2025,89.1
309,Bulgaria,BGR,2004,No,No,Eastern Europe,Sofia,Patrol Aircraft,Air Force,Air,P-8 Poseidon / Atlantic,173,Operational,Good,2009,15,382.8,66224.4,USA,No,No,2012,2035,62.3
310,Bulgaria,BGR,2004,No,No,Eastern Europe,Sofia,Sniper Rifle System,Small Arms,Land,Barrett M82 / Accuracy Int.,1783,Decommissioning,Needs Repair,2017,7,244.78,436442.74,Israel,No,Yes,2018,2033,46.6
311,Bulgaria,BGR,2004,No,No,Eastern Europe,Sofia,Sniper Rifle System,Small Arms,Land,Barrett M82 / Accuracy Int.,671,Operational,Needs Repair,2012,12,250.54,168112.34,UK,No,Yes,2022,2024,42.6
312,Bulgaria,BGR,2004,No,No,Eastern Europe,Sofia,Infantry Fighting Vehicle,Armored,Land,Bradley / Puma / AS-21,365,Upgrading,Needs Repair,2022,2,417.67,152449.55,Multi-National,No,Yes,2023,2032,59.6
313,Bulgaria,BGR,2004,No,No,Eastern Europe,Sofia,Infantry Fighting Vehicle,Armored,Land,Bradley / Puma / AS-21,1510,Reserve,Needs Repair,2016,8,287.19,433656.9,UK,Partial,Yes,2022,2035,47.7
314,Bulgaria,BGR,2004,No,No,Eastern Europe,Sofia,Infantry Fighting Vehicle,Armored,Land,Bradley / Puma / AS-21,608,In Maintenance,Needs Repair,2009,15,50.75,30856.0,Germany,Yes,Yes,2015,2026,41.0
315,Bulgaria,BGR,2004,No,No,Eastern Europe,Sofia,Ground Attack Aircraft,Air Force,Air,A-10 / Tornado IDS,132,Decommissioning,Fair,2005,19,128.3,16935.6,Multi-National,Yes,Yes,2014,2035,69.1
316,Bulgaria,BGR,2004,No,No,Eastern Europe,Sofia,Ground Attack Aircraft,Air Force,Air,A-10 / Tornado IDS,1048,On Order,Excellent,2022,2,347.73,364421.04,USA,No,No,2022,2030,75.2
317,Bulgaria,BGR,2004,No,No,Eastern Europe,Sofia,Ground Attack Aircraft,Air Force,Air,A-10 / Tornado IDS,1218,On Order,End-of-Life,2023,1,125.32,152639.76,USA,Partial,Yes,2023,2025,84.0
318,Bulgaria,BGR,2004,No,No,Eastern Europe,Sofia,Ground Attack Aircraft,Air Force,Air,A-10 / Tornado IDS,42,Upgrading,Needs Repair,2005,19,99.09,4161.78,Israel,Yes,Yes,2005,2024,40.3
319,Bulgaria,BGR,2004,No,No,Eastern Europe,Sofia,Patrol Vessel,Naval,Sea,OPV / Fast Attack Craft,1533,In Maintenance,End-of-Life,2009,15,242.89,372350.37,Israel,Yes,Yes,2009,2029,77.8
320,Bulgaria,BGR,2004,No,No,Eastern Europe,Sofia,Patrol Vessel,Naval,Sea,OPV / Fast Attack Craft,670,Decommissioning,Good,2009,15,121.93,81693.1,Multi-National,Partial,Yes,2020,2032,81.3
321,Bulgaria,BGR,2004,No,No,Eastern Europe,Sofia,Short-Range Air Defense,Air Defense,Land,SHORAD / Gepard / Stinger,1727,Decommissioning,End-of-Life,2023,1,77.33,133548.91,Domestic,Yes,No,2024,2032,81.8
322,Bulgaria,BGR,2004,No,No,Eastern Europe,Sofia,Short-Range Air Defense,Air Defense,Land,SHORAD / Gepard / Stinger,337,In Maintenance,Good,2018,6,340.45,114731.65,Germany,Partial,Yes,2024,2032,76.5
323,Bulgaria,BGR,2004,No,No,Eastern Europe,Sofia,Short-Range Air Defense,Air Defense,Land,SHORAD / Gepard / Stinger,791,Upgrading,Needs Repair,2010,14,96.91,76655.81,USA,Partial,No,2020,2025,92.9
324,Bulgaria,BGR,2004,No,No,Eastern Europe,Sofia,Light Tank,Armored,Land,CV90105 / AMX-10RC,1871,Upgrading,Excellent,2016,8,80.08,149829.68,France,No,No,2017,2024,98.3
325,Bulgaria,BGR,2004,No,No,Eastern Europe,Sofia,Light Tank,Armored,Land,CV90105 / AMX-10RC,390,In Maintenance,Good,2008,16,298.89,116567.1,France,Partial,Yes,2011,2034,72.4
326,Bulgaria,BGR,2004,No,No,Eastern Europe,Sofia,Light Tank,Armored,Land,CV90105 / AMX-10RC,1042,In Maintenance,Needs Repair,2011,13,157.52,164135.84,USA,Partial,No,2016,2035,96.2
327,Bulgaria,BGR,2004,No,No,Eastern Europe,Sofia,Light Tank,Armored,Land,CV90105 / AMX-10RC,1509,Upgrading,Needs Repair,2004,20,183.02,276177.18,Israel,Yes,Yes,2017,2034,83.3
328,Bulgaria,BGR,2004,No,No,Eastern Europe,Sofia,Main Battle Tank,Armored,Land,M1 Abrams / Leopard 2 / Challenger 3,344,Decommissioning,End-of-Life,2004,20,285.84,98328.96,USA,Partial,No,2011,2025,77.2
329,Bulgaria,BGR,2004,No,No,Eastern Europe,Sofia,Main Battle Tank,Armored,Land,M1 Abrams / Leopard 2 / Challenger 3,958,Upgrading,Excellent,2023,1,200.35,191935.3,Turkey,Partial,Yes,2024,2033,65.1
330,Bulgaria,BGR,2004,No,No,Eastern Europe,Sofia,Main Battle Tank,Armored,Land,M1 Abrams / Leopard 2 / Challenger 3,1749,Decommissioning,Fair,2021,3,289.64,506580.36,Italy,Partial,No,2022,2035,80.5
331,Bulgaria,BGR,2004,No,No,Eastern Europe,Sofia,Main Battle Tank,Armored,Land,M1 Abrams / Leopard 2 / Challenger 3,1468,Upgrading,Fair,2008,16,315.82,463623.76,Israel,Partial,No,2013,2033,92.1
332,Bulgaria,BGR,2004,No,No,Eastern Europe,Sofia,Anti-Aircraft Gun,Air Defense,Land,Oerlikon 35mm / ZU-23,1700,Upgrading,Good,2007,17,62.7,106590.0,UK,Partial,Yes,2017,2029,53.4
333,Bulgaria,BGR,2004,No,No,Eastern Europe,Sofia,Anti-Aircraft Gun,Air Defense,Land,Oerlikon 35mm / ZU-23,560,Operational,Needs Repair,2017,7,282.91,158429.6,UK,Yes,Yes,2024,2028,77.6
334,Bulgaria,BGR,2004,No,No,Eastern Europe,Sofia,Anti-Aircraft Gun,Air Defense,Land,Oerlikon 35mm / ZU-23,294,Decommissioning,Fair,2023,1,185.7,54595.8,USA,No,No,2024,2024,73.7
335,Bulgaria,BGR,2004,No,No,Eastern Europe,Sofia,Anti-Aircraft Gun,Air Defense,Land,Oerlikon 35mm / ZU-23,1135,On Order,Needs Repair,2023,1,206.05,233866.75,UK,Partial,No,2024,2030,56.5
336,Bulgaria,BGR,2004,No,No,Eastern Europe,Sofia,Multiple Launch Rocket System,Artillery,Land,M270 / HIMARS / BM-21,398,Reserve,Excellent,2023,1,360.99,143674.02,Israel,No,Yes,2024,2031,71.1
337,Bulgaria,BGR,2004,No,No,Eastern Europe,Sofia,Multiple Launch Rocket System,Artillery,Land,M270 / HIMARS / BM-21,1292,On Order,End-of-Life,2014,10,93.21,120427.32,Multi-National,Partial,Yes,2020,2028,86.5
338,Bulgaria,BGR,2004,No,No,Eastern Europe,Sofia,Multiple Launch Rocket System,Artillery,Land,M270 / HIMARS / BM-21,1095,Reserve,Excellent,2004,20,119.72,131093.4,Germany,Partial,No,2004,2029,97.8
339,Bulgaria,BGR,2004,No,No,Eastern Europe,Sofia,Multiple Launch Rocket System,Artillery,Land,M270 / HIMARS / BM-21,244,In Maintenance,Needs Repair,2005,19,74.23,18112.12,Domestic,No,No,2014,2032,76.0
340,Bulgaria,BGR,2004,No,No,Eastern Europe,Sofia,Medium-Range SAM,Air Defense,Land,Patriot / NASAMS / SAMP/T,39,Decommissioning,Fair,2021,3,81.02,3159.78,Italy,Partial,Yes,2022,2024,73.3
341,Bulgaria,BGR,2004,No,No,Eastern Europe,Sofia,Medium-Range SAM,Air Defense,Land,Patriot / NASAMS / SAMP/T,1107,On Order,Excellent,2022,2,250.22,276993.54,Italy,No,No,2024,2032,73.0
342,Bulgaria,BGR,2004,No,No,Eastern Europe,Sofia,Frigate,Naval,Sea,FREMM / Type 23 / FREMM,1220,On Order,Excellent,2019,5,118.23,144240.6,Multi-National,No,No,2020,2024,48.9
343,Bulgaria,BGR,2004,No,No,Eastern Europe,Sofia,Frigate,Naval,Sea,FREMM / Type 23 / FREMM,1968,Operational,Excellent,2018,6,354.84,698325.12,Domestic,Yes,Yes,2023,2029,83.1
344,Bulgaria,BGR,2004,No,No,Eastern Europe,Sofia,Frigate,Naval,Sea,FREMM / Type 23 / FREMM,1558,Decommissioning,Fair,2016,8,46.27,72088.66,France,Yes,No,2022,2028,45.8
345,Bulgaria,BGR,2004,No,No,Eastern Europe,Sofia,Frigate,Naval,Sea,FREMM / Type 23 / FREMM,536,Upgrading,End-of-Life,2022,2,86.62,46428.32,UK,No,No,2024,2024,70.1
346,Bulgaria,BGR,2004,No,No,Eastern Europe,Sofia,Ballistic Missile Defense,Strategic,Land,THAAD / Aegis Ashore,1873,Decommissioning,Needs Repair,2004,20,294.31,551242.63,Germany,No,Yes,2004,2025,77.8
347,Bulgaria,BGR,2004,No,No,Eastern Europe,Sofia,Ballistic Missile Defense,Strategic,Land,THAAD / Aegis Ashore,419,On Order,Excellent,2017,7,167.88,70341.72,Domestic,Yes,No,2021,2028,96.9
348,Bulgaria,BGR,2004,No,No,Eastern Europe,Sofia,Ballistic Missile Defense,Strategic,Land,THAAD / Aegis Ashore,518,Operational,Needs Repair,2008,16,270.85,140300.3,Turkey,No,No,2021,2032,94.1
349,Bulgaria,BGR,2004,No,No,Eastern Europe,Sofia,Ammunition Supply Vehicle,Logistics,Support,PLS / DROPS,1678,Operational,Needs Repair,2015,9,74.59,125162.02,Germany,Yes,Yes,2020,2029,76.6
350,Bulgaria,BGR,2004,No,No,Eastern Europe,Sofia,Ammunition Supply Vehicle,Logistics,Support,PLS / DROPS,895,Upgrading,Good,2019,5,62.05,55534.75,Germany,Yes,Yes,2023,2024,59.9
351,Bulgaria,BGR,2004,No,No,Eastern Europe,Sofia,Ammunition Supply Vehicle,Logistics,Support,PLS / DROPS,443,Reserve,Needs Repair,2024,0,291.56,129161.08,Domestic,No,No,2024,2031,94.0
352,Bulgaria,BGR,2004,No,No,Eastern Europe,Sofia,Multirole Aircraft,Air Force,Air,F-35 / Rafale / F/A-18,1110,Reserve,Fair,2013,11,308.29,342201.9,France,Partial,No,2018,2026,45.8
353,Bulgaria,BGR,2004,No,No,Eastern Europe,Sofia,Multirole Aircraft,Air Force,Air,F-35 / Rafale / F/A-18,1689,Reserve,Excellent,2011,13,240.7,406542.3,Turkey,Yes,Yes,2015,2029,83.6
354,Bulgaria,BGR,2004,No,No,Eastern Europe,Sofia,Multirole Aircraft,Air Force,Air,F-35 / Rafale / F/A-18,448,Decommissioning,Excellent,2007,17,75.22,33698.56,Domestic,Partial,Yes,2019,2026,79.4
355,Bulgaria,BGR,2004,No,No,Eastern Europe,Sofia,Towed Howitzer,Artillery,Land,M777 / FH70 / D-30,1907,Upgrading,Good,2006,18,418.22,797545.54,Germany,Partial,No,2021,2026,65.5
356,Bulgaria,BGR,2004,No,No,Eastern Europe,Sofia,Towed Howitzer,Artillery,Land,M777 / FH70 / D-30,556,On Order,Good,2021,3,289.32,160861.92,Italy,Partial,No,2023,2032,59.5
357,Bulgaria,BGR,2004,No,No,Eastern Europe,Sofia,Satellite Terminal,Communications,Digital,SATCOM / JTRS,1198,Reserve,Good,2013,11,77.05,92305.9,Italy,Yes,No,2014,2032,59.6
358,Bulgaria,BGR,2004,No,No,Eastern Europe,Sofia,Satellite Terminal,Communications,Digital,SATCOM / JTRS,756,Operational,Excellent,2023,1,38.27,28932.12,Italy,Yes,Yes,2024,2028,75.9
359,Bulgaria,BGR,2004,No,No,Eastern Europe,Sofia,Bridge Layer,Engineering,Land,AVLB / Biber,919,Upgrading,Good,2018,6,138.61,127382.59,Italy,Partial,Yes,2020,2026,57.8
360,Bulgaria,BGR,2004,No,No,Eastern Europe,Sofia,Bridge Layer,Engineering,Land,AVLB / Biber,1791,On Order,Fair,2020,4,329.44,590027.04,USA,No,Yes,2022,2033,58.0
361,Bulgaria,BGR,2004,No,No,Eastern Europe,Sofia,Bridge Layer,Engineering,Land,AVLB / Biber,1652,Reserve,Fair,2022,2,207.03,342013.56,France,Yes,No,2022,2031,70.6
362,Bulgaria,BGR,2004,No,No,Eastern Europe,Sofia,Mortar System,Artillery,Land,M120 / AMOS,457,In Maintenance,Needs Repair,2010,14,56.6,25866.2,USA,Yes,Yes,2013,2034,71.2
363,Bulgaria,BGR,2004,No,No,Eastern Europe,Sofia,Mortar System,Artillery,Land,M120 / AMOS,1232,Operational,End-of-Life,2009,15,192.49,237147.68,Turkey,Partial,Yes,2011,2029,87.6
364,Bulgaria,BGR,2004,No,No,Eastern Europe,Sofia,Field Hospital,Medical,Support,Role 2 / Role 3 Hospital,1114,Reserve,End-of-Life,2019,5,88.74,98856.36,Israel,Yes,No,2024,2025,58.8
365,Bulgaria,BGR,2004,No,No,Eastern Europe,Sofia,Field Hospital,Medical,Support,Role 2 / Role 3 Hospital,252,Upgrading,Fair,2018,6,311.33,78455.16,France,No,Yes,2021,2032,43.0
366,Bulgaria,BGR,2004,No,No,Eastern Europe,Sofia,Field Hospital,Medical,Support,Role 2 / Role 3 Hospital,1050,Reserve,Needs Repair,2022,2,388.63,408061.5,Turkey,Yes,No,2023,2030,69.7
367,Bulgaria,BGR,2004,No,No,Eastern Europe,Sofia,Anti-Tank Missile System,Anti-Armor,Land,Javelin / SPIKE / Milan,983,In Maintenance,End-of-Life,2018,6,334.17,328489.11,Israel,Partial,Yes,2020,2027,52.6
368,Bulgaria,BGR,2004,No,No,Eastern Europe,Sofia,Anti-Tank Missile System,Anti-Armor,Land,Javelin / SPIKE / Milan,813,Decommissioning,Fair,2008,16,264.65,215160.45,Israel,Partial,No,2016,2029,43.2
369,Bulgaria,BGR,2004,No,No,Eastern Europe,Sofia,Anti-Tank Missile System,Anti-Armor,Land,Javelin / SPIKE / Milan,1205,Operational,Excellent,2022,2,263.83,317915.15,USA,Yes,No,2023,2027,74.6
370,Bulgaria,BGR,2004,No,No,Eastern Europe,Sofia,Anti-Tank Missile System,Anti-Armor,Land,Javelin / SPIKE / Milan,1090,On Order,Fair,2011,13,374.78,408510.2,Germany,Yes,Yes,2019,2033,64.5
371,Bulgaria,BGR,2004,No,No,Eastern Europe,Sofia,Corvette,Naval,Sea,Skjold / Visby / Burak,596,Reserve,Needs Repair,2013,11,77.01,45897.96,UK,Partial,No,2022,2034,76.8
372,Bulgaria,BGR,2004,No,No,Eastern Europe,Sofia,Corvette,Naval,Sea,Skjold / Visby / Burak,939,In Maintenance,End-of-Life,2022,2,167.14,156944.46,Italy,No,No,2024,2035,74.2
373,Bulgaria,BGR,2004,No,No,Eastern Europe,Sofia,Corvette,Naval,Sea,Skjold / Visby / Burak,1546,Decommissioning,Excellent,2020,4,57.33,88632.18,Domestic,Yes,Yes,2020,2031,84.6
374,Bulgaria,BGR,2004,No,No,Eastern Europe,Sofia,Corvette,Naval,Sea,Skjold / Visby / Burak,949,On Order,Excellent,2021,3,274.34,260348.66,Germany,No,Yes,2024,2025,67.7
375,Bulgaria,BGR,2004,No,No,Eastern Europe,Sofia,Maritime Helicopter,Aviation,Air,AW159 / MH-60R,1539,Reserve,Fair,2022,2,238.34,366805.26,USA,No,Yes,2023,2031,85.6
376,Bulgaria,BGR,2004,No,No,Eastern Europe,Sofia,Maritime Helicopter,Aviation,Air,AW159 / MH-60R,329,Decommissioning,Excellent,2020,4,447.71,147296.59,USA,Yes,Yes,2020,2027,71.6
377,Bulgaria,BGR,2004,No,No,Eastern Europe,Sofia,Maritime Helicopter,Aviation,Air,AW159 / MH-60R,701,Operational,Excellent,2017,7,382.09,267845.09,France,Partial,No,2018,2028,96.6
378,Bulgaria,BGR,2004,No,No,Eastern Europe,Sofia,Strategic Bomber,Air Force,Air,B-52 / B-2 Spirit,1182,Operational,End-of-Life,2004,20,399.43,472126.26,Germany,Yes,No,2018,2033,42.8
379,Bulgaria,BGR,2004,No,No,Eastern Europe,Sofia,Strategic Bomber,Air Force,Air,B-52 / B-2 Spirit,648,Upgrading,Needs Repair,2008,16,252.34,163516.32,France,Yes,No,2010,2034,89.7
380,Bulgaria,BGR,2004,No,No,Eastern Europe,Sofia,Strategic Bomber,Air Force,Air,B-52 / B-2 Spirit,643,Operational,Needs Repair,2020,4,242.54,155953.22,Domestic,Partial,No,2021,2026,80.3
381,Bulgaria,BGR,2004,No,No,Eastern Europe,Sofia,Air Superiority Fighter,Air Force,Air,F-22 / Typhoon,1530,In Maintenance,End-of-Life,2007,17,55.28,84578.4,USA,Yes,Yes,2024,2026,91.1
382,Bulgaria,BGR,2004,No,No,Eastern Europe,Sofia,Air Superiority Fighter,Air Force,Air,F-22 / Typhoon,973,Reserve,Fair,2013,11,60.91,59265.43,USA,Yes,No,2013,2033,43.5
383,Bulgaria,BGR,2004,No,No,Eastern Europe,Sofia,Tanker Aircraft,Air Force,Air,KC-135 / A330 MRTT,673,Decommissioning,Excellent,2021,3,359.02,241620.46,Domestic,No,No,2021,2026,57.9
384,Bulgaria,BGR,2004,No,No,Eastern Europe,Sofia,Tanker Aircraft,Air Force,Air,KC-135 / A330 MRTT,1465,Operational,Fair,2018,6,93.36,136772.4,Multi-National,No,Yes,2021,2030,48.4
385,Bulgaria,BGR,2004,No,No,Eastern Europe,Sofia,Tanker Aircraft,Air Force,Air,KC-135 / A330 MRTT,902,Reserve,End-of-Life,2006,18,98.06,88450.12,Israel,Partial,Yes,2012,2029,54.5
386,Bulgaria,BGR,2004,No,No,Eastern Europe,Sofia,Tanker Aircraft,Air Force,Air,KC-135 / A330 MRTT,1269,On Order,Fair,2005,19,317.09,402387.21,Multi-National,No,No,2007,2029,77.9
387,Bulgaria,BGR,2004,No,No,Eastern Europe,Sofia,Electronic Warfare System,Electronics,Land,JAMMER / Krasukha,924,Reserve,Needs Repair,2011,13,39.13,36156.12,Israel,Yes,No,2020,2026,61.4
388,Bulgaria,BGR,2004,No,No,Eastern Europe,Sofia,Electronic Warfare System,Electronics,Land,JAMMER / Krasukha,1619,Reserve,Good,2007,17,46.02,74506.38,Israel,Partial,Yes,2011,2032,94.6
389,Bulgaria,BGR,2004,No,No,Eastern Europe,Sofia,Electronic Warfare System,Electronics,Land,JAMMER / Krasukha,967,Operational,Good,2019,5,82.18,79468.06,Multi-National,Partial,No,2024,2030,64.6
390,Bulgaria,BGR,2004,No,No,Eastern Europe,Sofia,Transport Helicopter,Aviation,Air,CH-47 Chinook / NH90,1874,Decommissioning,Excellent,2011,13,133.1,249429.4,Israel,No,No,2012,2035,80.9
391,Bulgaria,BGR,2004,No,No,Eastern Europe,Sofia,Transport Helicopter,Aviation,Air,CH-47 Chinook / NH90,158,Decommissioning,Needs Repair,2005,19,402.04,63522.32,Italy,Partial,Yes,2015,2032,92.2
392,Bulgaria,BGR,2004,No,No,Eastern Europe,Sofia,Transport Helicopter,Aviation,Air,CH-47 Chinook / NH90,1302,Reserve,Excellent,2013,11,184.61,240362.22,Italy,Yes,Yes,2016,2034,73.6
393,Bulgaria,BGR,2004,No,No,Eastern Europe,Sofia,Armored Reconnaissance Vehicle,Armored,Land,Fennek / Fuchs,279,Operational,Fair,2019,5,441.07,123058.53,Germany,No,No,2020,2030,48.0
394,Bulgaria,BGR,2004,No,No,Eastern Europe,Sofia,Armored Reconnaissance Vehicle,Armored,Land,Fennek / Fuchs,1757,Reserve,Fair,2020,4,392.63,689850.91,UK,No,Yes,2024,2033,53.8
395,Canada,CAN,1949,Yes,No,North America,Ottawa,Anti-Aircraft Gun,Air Defense,Land,Oerlikon 35mm / ZU-23,1720,Operational,Good,1984,40,349.16,600555.2,UK,Yes,Yes,2016,2031,52.3
396,Canada,CAN,1949,Yes,No,North America,Ottawa,Anti-Aircraft Gun,Air Defense,Land,Oerlikon 35mm / ZU-23,964,Reserve,End-of-Life,2006,18,293.53,282962.92,France,Partial,Yes,2012,2030,57.0
397,Canada,CAN,1949,Yes,No,North America,Ottawa,Anti-Aircraft Gun,Air Defense,Land,Oerlikon 35mm / ZU-23,974,Reserve,Excellent,2007,17,6.76,6584.24,France,Partial,Yes,2007,2033,94.7
398,Canada,CAN,1949,Yes,No,North America,Ottawa,Light Tank,Armored,Land,CV90105 / AMX-10RC,397,Upgrading,Excellent,2015,9,371.74,147580.78,Germany,Partial,Yes,2021,2026,60.9
399,Canada,CAN,1949,Yes,No,North America,Ottawa,Light Tank,Armored,Land,CV90105 / AMX-10RC,1614,Reserve,Excellent,1971,53,436.46,704446.44,Germany,Yes,Yes,2010,2024,83.4
400,Canada,CAN,1949,Yes,No,North America,Ottawa,Light Tank,Armored,Land,CV90105 / AMX-10RC,731,Operational,Fair,2007,17,208.09,152113.79,UK,Yes,Yes,2008,2035,81.3
401,Canada,CAN,1949,Yes,No,North America,Ottawa,Logistics Support Vessel,Naval,Sea,Supply / Berlin-class,1213,In Maintenance,Good,1984,40,45.32,54973.16,UK,No,Yes,2019,2034,44.5
402,Canada,CAN,1949,Yes,No,North America,Ottawa,Logistics Support Vessel,Naval,Sea,Supply / Berlin-class,1274,Reserve,Excellent,2011,13,321.71,409858.54,Germany,Yes,No,2019,2031,41.7
403,Canada,CAN,1949,Yes,No,North America,Ottawa,Logistics Support Vessel,Naval,Sea,Supply / Berlin-class,1497,On Order,Needs Repair,2021,3,213.86,320148.42,UK,Partial,No,2022,2026,50.6
404,Canada,CAN,1949,Yes,No,North America,Ottawa,Logistics Support Vessel,Naval,Sea,Supply / Berlin-class,162,In Maintenance,Good,2013,11,378.97,61393.14,UK,Yes,No,2024,2034,80.3
405,Canada,CAN,1949,Yes,No,North America,Ottawa,Strategic Transport Aircraft,Air Force,Air,C-17 / A400M / C-130,860,Decommissioning,Excellent,1962,62,48.99,42131.4,Domestic,Yes,No,1986,2032,65.9
406,Canada,CAN,1949,Yes,No,North America,Ottawa,Strategic Transport Aircraft,Air Force,Air,C-17 / A400M / C-130,1410,Upgrading,Excellent,1998,26,97.19,137037.9,Germany,Partial,No,2012,2035,79.1
407,Canada,CAN,1949,Yes,No,North America,Ottawa,Sniper Rifle System,Small Arms,Land,Barrett M82 / Accuracy Int.,1915,Operational,End-of-Life,1969,55,350.68,671552.2,Italy,Yes,No,2020,2030,83.2
408,Canada,CAN,1949,Yes,No,North America,Ottawa,Sniper Rifle System,Small Arms,Land,Barrett M82 / Accuracy Int.,145,Upgrading,End-of-Life,2023,1,162.5,23562.5,Domestic,Yes,No,2024,2031,76.2
409,Canada,CAN,1949,Yes,No,North America,Ottawa,Infantry Fighting Vehicle,Armored,Land,Bradley / Puma / AS-21,124,In Maintenance,Fair,1962,62,222.97,27648.28,Domestic,Yes,No,1975,2033,67.6
410,Canada,CAN,1949,Yes,No,North America,Ottawa,Infantry Fighting Vehicle,Armored,Land,Bradley / Puma / AS-21,390,In Maintenance,Good,1954,70,294.63,114905.7,USA,Yes,Yes,2023,2030,73.9
411,Canada,CAN,1949,Yes,No,North America,Ottawa,NBC Detection Vehicle,CBRN,Land,Fox / TPz Fuchs,1045,On Order,Needs Repair,2010,14,398.13,416045.85,Turkey,Yes,Yes,2011,2024,88.2
412,Canada,CAN,1949,Yes,No,North America,Ottawa,NBC Detection Vehicle,CBRN,Land,Fox / TPz Fuchs,521,On Order,Fair,1990,34,391.63,204039.23,Israel,Yes,No,1997,2033,50.0
413,Canada,CAN,1949,Yes,No,North America,Ottawa,NBC Detection Vehicle,CBRN,Land,Fox / TPz Fuchs,1656,Operational,Needs Repair,1958,66,213.55,353638.8,UK,No,Yes,2010,2024,98.9
414,Canada,CAN,1949,Yes,No,North America,Ottawa,NBC Detection Vehicle,CBRN,Land,Fox / TPz Fuchs,298,Reserve,Good,1978,46,341.93,101895.14,Germany,No,Yes,1983,2034,63.8
415,Canada,CAN,1949,Yes,No,North America,Ottawa,Submarine (SSK),Naval,Sea,Type 212 / Gotland,703,Decommissioning,Fair,1973,51,97.0,68191.0,USA,Yes,Yes,2010,2028,58.3
416,Canada,CAN,1949,Yes,No,North America,Ottawa,Submarine (SSK),Naval,Sea,Type 212 / Gotland,1688,Upgrading,Good,2007,17,359.13,606211.44,Israel,Partial,Yes,2013,2034,50.9
417,Canada,CAN,1949,Yes,No,North America,Ottawa,UAV / Drone,Air Force,Air,MQ-9 Reaper / Bayraktar TB2,1283,In Maintenance,Good,1995,29,142.45,182763.35,Turkey,No,Yes,2015,2031,76.1
418,Canada,CAN,1949,Yes,No,North America,Ottawa,UAV / Drone,Air Force,Air,MQ-9 Reaper / Bayraktar TB2,616,On Order,Good,2021,3,11.34,6985.44,UK,No,No,2023,2025,62.9
419,Canada,CAN,1949,Yes,No,North America,Ottawa,UAV / Drone,Air Force,Air,MQ-9 Reaper / Bayraktar TB2,271,On Order,Excellent,1963,61,48.28,13083.88,Italy,Partial,Yes,1973,2030,72.4
420,Canada,CAN,1949,Yes,No,North America,Ottawa,UAV / Drone,Air Force,Air,MQ-9 Reaper / Bayraktar TB2,830,Decommissioning,Needs Repair,1986,38,329.76,273700.8,UK,No,No,2018,2034,65.2
421,Canada,CAN,1949,Yes,No,North America,Ottawa,Ground Attack Aircraft,Air Force,Air,A-10 / Tornado IDS,951,Operational,End-of-Life,1998,26,449.61,427579.11,Multi-National,No,No,2012,2028,41.4
422,Canada,CAN,1949,Yes,No,North America,Ottawa,Ground Attack Aircraft,Air Force,Air,A-10 / Tornado IDS,1536,On Order,End-of-Life,1979,45,197.53,303406.08,USA,Partial,Yes,2015,2024,69.4
423,Canada,CAN,1949,Yes,No,North America,Ottawa,Electronic Warfare System,Electronics,Land,JAMMER / Krasukha,1735,Upgrading,Fair,2022,2,59.22,102746.7,Domestic,Yes,No,2024,2035,83.5
424,Canada,CAN,1949,Yes,No,North America,Ottawa,Electronic Warfare System,Electronics,Land,JAMMER / Krasukha,1085,On Order,Good,1975,49,177.17,192229.45,France,No,Yes,1992,2032,56.1
425,Canada,CAN,1949,Yes,No,North America,Ottawa,Electronic Warfare System,Electronics,Land,JAMMER / Krasukha,897,Operational,End-of-Life,1984,40,202.35,181507.95,Germany,Yes,Yes,2020,2032,64.6
426,Canada,CAN,1949,Yes,No,North America,Ottawa,Electronic Warfare System,Electronics,Land,JAMMER / Krasukha,563,On Order,Excellent,2005,19,84.78,47731.14,Germany,Yes,Yes,2011,2035,83.5
427,Canada,CAN,1949,Yes,No,North America,Ottawa,Main Battle Tank,Armored,Land,M1 Abrams / Leopard 2 / Challenger 3,1924,Reserve,Fair,1968,56,389.87,750109.88,Domestic,Yes,Yes,1968,2024,41.2
428,Canada,CAN,1949,Yes,No,North America,Ottawa,Main Battle Tank,Armored,Land,M1 Abrams / Leopard 2 / Challenger 3,1125,Reserve,Needs Repair,2016,8,169.92,191160.0,Turkey,Yes,Yes,2016,2024,70.9
429,Canada,CAN,1949,Yes,No,North America,Ottawa,Main Battle Tank,Armored,Land,M1 Abrams / Leopard 2 / Challenger 3,1172,Operational,Fair,2022,2,449.67,527013.24,USA,No,Yes,2022,2033,97.2
430,Canada,CAN,1949,Yes,No,North America,Ottawa,Main Battle Tank,Armored,Land,M1 Abrams / Leopard 2 / Challenger 3,1743,On Order,Good,1961,63,173.33,302114.19,France,Yes,No,1986,2031,84.5
431,Canada,CAN,1949,Yes,No,North America,Ottawa,Ammunition Supply Vehicle,Logistics,Support,PLS / DROPS,1380,Decommissioning,Needs Repair,2018,6,425.31,586927.8,Domestic,No,Yes,2022,2035,60.2
432,Canada,CAN,1949,Yes,No,North America,Ottawa,Ammunition Supply Vehicle,Logistics,Support,PLS / DROPS,1114,Decommissioning,Needs Repair,1960,64,424.29,472659.06,Turkey,No,No,1991,2024,43.0
433,Canada,CAN,1949,Yes,No,North America,Ottawa,Ammunition Supply Vehicle,Logistics,Support,PLS / DROPS,1888,In Maintenance,Good,2015,9,125.16,236302.08,Israel,Yes,Yes,2018,2031,44.9
434,Canada,CAN,1949,Yes,No,North America,Ottawa,Ammunition Supply Vehicle,Logistics,Support,PLS / DROPS,198,Reserve,Excellent,2016,8,397.13,78631.74,Multi-National,Partial,No,2020,2029,70.0
435,Canada,CAN,1949,Yes,No,North America,Ottawa,Medium-Range SAM,Air Defense,Land,Patriot / NASAMS / SAMP/T,1973,Operational,Good,1989,35,67.96,134085.08,UK,Partial,Yes,1993,2029,52.2
436,Canada,CAN,1949,Yes,No,North America,Ottawa,Medium-Range SAM,Air Defense,Land,Patriot / NASAMS / SAMP/T,1563,Upgrading,Excellent,1980,44,125.34,195906.42,Turkey,No,No,2016,2033,75.8
437,Canada,CAN,1949,Yes,No,North America,Ottawa,Medium-Range SAM,Air Defense,Land,Patriot / NASAMS / SAMP/T,582,Reserve,Needs Repair,2024,0,400.81,233271.42,Israel,No,Yes,2024,2025,43.5
438,Canada,CAN,1949,Yes,No,North America,Ottawa,Medium-Range SAM,Air Defense,Land,Patriot / NASAMS / SAMP/T,284,On Order,Excellent,1984,40,396.61,112637.24,Germany,Partial,Yes,2016,2026,95.1
439,Canada,CAN,1949,Yes,No,North America,Ottawa,Cyber Defense Unit,Cyber,Digital,CCDCOE / NATO Cyber Centre,457,Reserve,Excellent,2015,9,201.31,91998.67,Germany,No,Yes,2015,2032,60.8
440,Canada,CAN,1949,Yes,No,North America,Ottawa,Cyber Defense Unit,Cyber,Digital,CCDCOE / NATO Cyber Centre,1819,On Order,Fair,1958,66,223.85,407183.15,Germany,No,Yes,2003,2034,98.2
441,Canada,CAN,1949,Yes,No,North America,Ottawa,Cyber Defense Unit,Cyber,Digital,CCDCOE / NATO Cyber Centre,844,In Maintenance,Fair,1989,35,72.32,61038.08,Turkey,Yes,Yes,2007,2025,49.6
442,Canada,CAN,1949,Yes,No,North America,Ottawa,Cyber Defense Unit,Cyber,Digital,CCDCOE / NATO Cyber Centre,195,Decommissioning,Fair,2021,3,427.71,83403.45,USA,Partial,Yes,2024,2025,77.6
443,Canada,CAN,1949,Yes,No,North America,Ottawa,Corvette,Naval,Sea,Skjold / Visby / Burak,1997,Operational,Fair,1991,33,156.01,311551.97,Israel,Yes,Yes,1994,2031,76.0
444,Canada,CAN,1949,Yes,No,North America,Ottawa,Corvette,Naval,Sea,Skjold / Visby / Burak,450,Upgrading,Excellent,1957,67,119.39,53725.5,Domestic,Yes,Yes,1988,2032,48.6
445,Canada,CAN,1949,Yes,No,North America,Ottawa,Corvette,Naval,Sea,Skjold / Visby / Burak,179,On Order,Good,1953,71,40.83,7308.57,France,Yes,No,1961,2029,45.4
446,Canada,CAN,1949,Yes,No,North America,Ottawa,Corvette,Naval,Sea,Skjold / Visby / Burak,62,On Order,Fair,1983,41,425.95,26408.9,Domestic,No,No,2010,2029,53.4
447,Canada,CAN,1949,Yes,No,North America,Ottawa,Strategic Bomber,Air Force,Air,B-52 / B-2 Spirit,1872,On Order,Excellent,1983,41,140.77,263521.44,UK,Partial,Yes,1992,2031,65.1
448,Canada,CAN,1949,Yes,No,North America,Ottawa,Strategic Bomber,Air Force,Air,B-52 / B-2 Spirit,450,Operational,Excellent,1988,36,172.58,77661.0,USA,No,Yes,1988,2029,69.9
449,Canada,CAN,1949,Yes,No,North America,Ottawa,Strategic Bomber,Air Force,Air,B-52 / B-2 Spirit,1524,Reserve,Needs Repair,1976,48,433.84,661172.16,Germany,No,Yes,1998,2032,97.6
450,Canada,CAN,1949,Yes,No,North America,Ottawa,Strategic Bomber,Air Force,Air,B-52 / B-2 Spirit,172,Decommissioning,Good,2012,12,449.63,77336.36,Germany,No,Yes,2023,2034,47.6
451,Canada,CAN,1949,Yes,No,North America,Ottawa,Mine Countermeasure Vessel,Naval,Sea,Hunt-class / Alkmaar,1370,Operational,End-of-Life,1973,51,177.71,243462.7,Israel,No,No,1995,2035,86.9
452,Canada,CAN,1949,Yes,No,North America,Ottawa,Mine Countermeasure Vessel,Naval,Sea,Hunt-class / Alkmaar,1953,Reserve,Excellent,1969,55,385.24,752373.72,Turkey,No,No,2001,2028,87.3
453,Canada,CAN,1949,Yes,No,North America,Ottawa,Mine Countermeasure Vessel,Naval,Sea,Hunt-class / Alkmaar,602,Operational,Good,2010,14,210.45,126690.9,Domestic,Partial,Yes,2015,2024,42.2
454,Canada,CAN,1949,Yes,No,North America,Ottawa,Frigate,Naval,Sea,FREMM / Type 23 / FREMM,1653,Decommissioning,Needs Repair,2015,9,136.84,226196.52,UK,Yes,Yes,2018,2029,91.8
455,Canada,CAN,1949,Yes,No,North America,Ottawa,Frigate,Naval,Sea,FREMM / Type 23 / FREMM,1664,Reserve,Needs Repair,1976,48,138.77,230913.28,Israel,Partial,Yes,1983,2026,45.2
456,Canada,CAN,1949,Yes,No,North America,Ottawa,AWACS Aircraft,Air Force,Air,E-3 Sentry / E-7A,888,Reserve,Good,1982,42,272.27,241775.76,Italy,No,Yes,1983,2030,79.5
457,Canada,CAN,1949,Yes,No,North America,Ottawa,AWACS Aircraft,Air Force,Air,E-3 Sentry / E-7A,568,Operational,Excellent,1986,38,289.45,164407.6,USA,Partial,No,1998,2032,73.0
458,Canada,CAN,1949,Yes,No,North America,Ottawa,AWACS Aircraft,Air Force,Air,E-3 Sentry / E-7A,1089,Operational,Needs Repair,1968,56,208.89,227481.21,France,No,Yes,1989,2034,75.1
459,Canada,CAN,1949,Yes,No,North America,Ottawa,AWACS Aircraft,Air Force,Air,E-3 Sentry / E-7A,590,Decommissioning,Good,2014,10,393.56,232200.4,USA,Partial,No,2023,2030,72.2
460,Canada,CAN,1949,Yes,No,North America,Ottawa,Mortar System,Artillery,Land,M120 / AMOS,831,Operational,Fair,1983,41,389.84,323957.04,USA,Yes,Yes,1994,2025,49.6
461,Canada,CAN,1949,Yes,No,North America,Ottawa,Mortar System,Artillery,Land,M120 / AMOS,1800,On Order,Fair,1997,27,140.3,252540.0,USA,Partial,Yes,2004,2024,47.1
462,Canada,CAN,1949,Yes,No,North America,Ottawa,Mortar System,Artillery,Land,M120 / AMOS,824,On Order,End-of-Life,1956,68,140.27,115582.48,Israel,Yes,Yes,2019,2026,46.0
463,Canada,CAN,1949,Yes,No,North America,Ottawa,Aircraft Carrier,Naval,Sea,Gerald R. Ford / Queen Elizabeth,1316,Operational,Good,2014,10,173.58,228431.28,Germany,Yes,Yes,2015,2033,66.8
464,Canada,CAN,1949,Yes,No,North America,Ottawa,Aircraft Carrier,Naval,Sea,Gerald R. Ford / Queen Elizabeth,1697,Reserve,Excellent,1956,68,36.54,62008.38,Domestic,Yes,No,2016,2025,54.4
465,Canada,CAN,1949,Yes,No,North America,Ottawa,Aircraft Carrier,Naval,Sea,Gerald R. Ford / Queen Elizabeth,1538,Decommissioning,Needs Repair,2013,11,336.52,517567.76,Multi-National,No,Yes,2024,2025,93.0
466,Canada,CAN,1949,Yes,No,North America,Ottawa,Aircraft Carrier,Naval,Sea,Gerald R. Ford / Queen Elizabeth,1553,In Maintenance,Fair,1999,25,397.91,617954.23,Domestic,Partial,No,2002,2033,78.8
467,Canada,CAN,1949,Yes,No,North America,Ottawa,Short-Range Air Defense,Air Defense,Land,SHORAD / Gepard / Stinger,957,Reserve,Excellent,2017,7,148.23,141856.11,USA,Yes,Yes,2024,2029,53.4
468,Canada,CAN,1949,Yes,No,North America,Ottawa,Short-Range Air Defense,Air Defense,Land,SHORAD / Gepard / Stinger,1087,Operational,Needs Repair,1971,53,317.92,345579.04,Germany,Partial,No,2004,2035,40.2
469,Canada,CAN,1949,Yes,No,North America,Ottawa,Short-Range Air Defense,Air Defense,Land,SHORAD / Gepard / Stinger,283,Operational,Good,2009,15,269.64,76308.12,Turkey,Yes,No,2012,2030,41.6
470,Canada,CAN,1949,Yes,No,North America,Ottawa,Short-Range Air Defense,Air Defense,Land,SHORAD / Gepard / Stinger,1415,Decommissioning,Needs Repair,2015,9,50.43,71358.45,Germany,Yes,Yes,2024,2033,78.0
471,Canada,CAN,1949,Yes,No,North America,Ottawa,Submarine (SSN),Naval,Sea,Virginia-class / Astute-class,516,Operational,End-of-Life,2011,13,220.94,114005.04,France,No,No,2024,2027,42.4
472,Canada,CAN,1949,Yes,No,North America,Ottawa,Submarine (SSN),Naval,Sea,Virginia-class / Astute-class,1800,Operational,Excellent,2003,21,252.07,453726.0,Germany,No,Yes,2024,2035,82.9
473,Canada,CAN,1949,Yes,No,North America,Ottawa,Submarine (SSN),Naval,Sea,Virginia-class / Astute-class,752,Decommissioning,Excellent,1995,29,209.75,157732.0,Domestic,Yes,No,2016,2028,51.6
474,Canada,CAN,1949,Yes,No,North America,Ottawa,Amphibious Assault Ship,Naval,Sea,USS America / HMS Albion,438,In Maintenance,Excellent,2000,24,433.82,190013.16,Israel,Partial,Yes,2012,2033,80.1
475,Canada,CAN,1949,Yes,No,North America,Ottawa,Amphibious Assault Ship,Naval,Sea,USS America / HMS Albion,785,Upgrading,Fair,2020,4,158.91,124744.35,Israel,Partial,No,2020,2030,88.0
476,Canada,CAN,1949,Yes,No,North America,Ottawa,Armored Personnel Carrier,Armored,Land,M113 / Boxer / BTR-80,1400,Decommissioning,Excellent,1995,29,30.3,42420.0,France,Partial,No,2017,2035,96.3
477,Canada,CAN,1949,Yes,No,North America,Ottawa,Armored Personnel Carrier,Armored,Land,M113 / Boxer / BTR-80,1933,Operational,Excellent,1968,56,40.7,78673.1,Israel,No,Yes,1992,2025,40.3
478,Canada,CAN,1949,Yes,No,North America,Ottawa,Armored Personnel Carrier,Armored,Land,M113 / Boxer / BTR-80,1902,Reserve,Excellent,1951,73,98.3,186966.6,Multi-National,No,Yes,1987,2027,82.1
479,Canada,CAN,1949,Yes,No,North America,Ottawa,Armored Personnel Carrier,Armored,Land,M113 / Boxer / BTR-80,1425,In Maintenance,End-of-Life,1964,60,279.19,397845.75,Germany,No,No,1996,2025,53.2
480,Canada,CAN,1949,Yes,No,North America,Ottawa,Patrol Aircraft,Air Force,Air,P-8 Poseidon / Atlantic,619,Decommissioning,Excellent,1963,61,332.5,205817.5,Domestic,No,Yes,1965,2026,46.0
481,Canada,CAN,1949,Yes,No,North America,Ottawa,Patrol Aircraft,Air Force,Air,P-8 Poseidon / Atlantic,1868,On Order,Fair,1959,65,169.99,317541.32,Multi-National,No,No,2010,2035,87.6
482,Canada,CAN,1949,Yes,No,North America,Ottawa,Multiple Launch Rocket System,Artillery,Land,M270 / HIMARS / BM-21,1369,Decommissioning,Excellent,1992,32,105.09,143868.21,USA,Yes,No,1993,2025,92.7
483,Canada,CAN,1949,Yes,No,North America,Ottawa,Multiple Launch Rocket System,Artillery,Land,M270 / HIMARS / BM-21,567,In Maintenance,Needs Repair,2013,11,189.56,107480.52,Multi-National,Partial,No,2014,2029,68.3
484,Canada,CAN,1949,Yes,No,North America,Ottawa,Destroyer,Naval,Sea,Arleigh Burke / Type 45,692,Operational,Good,1991,33,335.13,231909.96,Multi-National,Yes,No,2022,2029,88.4
485,Canada,CAN,1949,Yes,No,North America,Ottawa,Destroyer,Naval,Sea,Arleigh Burke / Type 45,276,Decommissioning,Needs Repair,1979,45,266.73,73617.48,Multi-National,Yes,No,2002,2028,49.3
486,Canada,CAN,1949,Yes,No,North America,Ottawa,Destroyer,Naval,Sea,Arleigh Burke / Type 45,1751,Decommissioning,Needs Repair,1955,69,343.21,600960.71,Germany,Yes,No,1957,2026,57.7
487,Canada,CAN,1949,Yes,No,North America,Ottawa,Destroyer,Naval,Sea,Arleigh Burke / Type 45,601,Reserve,Fair,2005,19,341.39,205175.39,Israel,No,No,2009,2024,61.5
488,Canada,CAN,1949,Yes,No,North America,Ottawa,Patrol Vessel,Naval,Sea,OPV / Fast Attack Craft,210,Operational,End-of-Life,1953,71,207.58,43591.8,Turkey,Yes,No,2002,2028,85.2
489,Canada,CAN,1949,Yes,No,North America,Ottawa,Patrol Vessel,Naval,Sea,OPV / Fast Attack Craft,986,In Maintenance,Needs Repair,2018,6,447.71,441442.06,Domestic,Yes,Yes,2021,2029,58.4
490,Canada,CAN,1949,Yes,No,North America,Ottawa,Patrol Vessel,Naval,Sea,OPV / Fast Attack Craft,469,In Maintenance,Needs Repair,2017,7,7.67,3597.23,UK,Yes,No,2022,2035,67.5
491,Canada,CAN,1949,Yes,No,North America,Ottawa,Fighter Jet,Air Force,Air,F-16 / Gripen / Typhoon,787,In Maintenance,Fair,1956,68,73.32,57702.84,UK,No,No,1974,2031,51.1
492,Canada,CAN,1949,Yes,No,North America,Ottawa,Fighter Jet,Air Force,Air,F-16 / Gripen / Typhoon,1059,Upgrading,Needs Repair,1988,36,448.67,475141.53,Israel,No,Yes,1988,2031,79.1
493,Canada,CAN,1949,Yes,No,North America,Ottawa,Armored Reconnaissance Vehicle,Armored,Land,Fennek / Fuchs,1401,Operational,Good,1976,48,65.15,91275.15,Italy,Yes,No,2006,2030,81.4
494,Canada,CAN,1949,Yes,No,North America,Ottawa,Armored Reconnaissance Vehicle,Armored,Land,Fennek / Fuchs,735,Decommissioning,Needs Repair,1966,58,98.44,72353.4,Multi-National,No,Yes,1992,2034,81.6
495,Canada,CAN,1949,Yes,No,North America,Ottawa,Armored Reconnaissance Vehicle,Armored,Land,Fennek / Fuchs,1634,Decommissioning,Needs Repair,1983,41,232.9,380558.6,France,Yes,Yes,2004,2029,86.6
496,Canada,CAN,1949,Yes,No,North America,Ottawa,Multirole Aircraft,Air Force,Air,F-35 / Rafale / F/A-18,14,On Order,End-of-Life,1994,30,354.8,4967.2,Germany,No,Yes,2012,2030,84.5
497,Canada,CAN,1949,Yes,No,North America,Ottawa,Multirole Aircraft,Air Force,Air,F-35 / Rafale / F/A-18,1961,Upgrading,Needs Repair,1991,33,268.48,526489.28,UK,Yes,No,2003,2034,79.3
498,Canada,CAN,1949,Yes,No,North America,Ottawa,Multirole Aircraft,Air Force,Air,F-35 / Rafale / F/A-18,660,On Order,Needs Repair,2002,22,202.88,133900.8,Multi-National,Partial,No,2017,2035,60.3
499,Canada,CAN,1949,Yes,No,North America,Ottawa,Bridge Layer,Engineering,Land,AVLB / Biber,327,Decommissioning,Excellent,2005,19,382.82,125182.14,France,Partial,No,2009,2026,68.6
500,Canada,CAN,1949,Yes,No,North America,Ottawa,Bridge Layer,Engineering,Land,AVLB / Biber,1763,In Maintenance,Needs Repair,2001,23,337.44,594906.72,France,Yes,Yes,2023,2026,50.5
501,Canada,CAN,1949,Yes,No,North America,Ottawa,Bridge Layer,Engineering,Land,AVLB / Biber,1319,Operational,Excellent,1968,56,217.22,286513.18,Turkey,No,No,1995,2033,47.2
502,Canada,CAN,1949,Yes,No,North America,Ottawa,Attack Helicopter,Aviation,Air,AH-64 Apache / Tiger / NH90,220,Reserve,Good,2004,20,74.39,16365.8,Multi-National,No,Yes,2013,2028,90.1
503,Canada,CAN,1949,Yes,No,North America,Ottawa,Attack Helicopter,Aviation,Air,AH-64 Apache / Tiger / NH90,829,Operational,Fair,2023,1,249.28,206653.12,Germany,Yes,No,2023,2027,75.0
504,Canada,CAN,1949,Yes,No,North America,Ottawa,Attack Helicopter,Aviation,Air,AH-64 Apache / Tiger / NH90,1653,In Maintenance,Needs Repair,1972,52,84.64,139909.92,Multi-National,Yes,Yes,1989,2026,80.6
505,Canada,CAN,1949,Yes,No,North America,Ottawa,Air Superiority Fighter,Air Force,Air,F-22 / Typhoon,1016,Decommissioning,Excellent,1959,65,27.72,28163.52,USA,No,No,1961,2027,88.3
506,Canada,CAN,1949,Yes,No,North America,Ottawa,Air Superiority Fighter,Air Force,Air,F-22 / Typhoon,166,Upgrading,Excellent,2001,23,415.77,69017.82,Italy,Partial,Yes,2002,2028,74.9
507,Canada,CAN,1949,Yes,No,North America,Ottawa,Air Superiority Fighter,Air Force,Air,F-22 / Typhoon,429,Upgrading,Good,1973,51,186.26,79905.54,UK,No,No,2009,2027,91.1
508,Canada,CAN,1949,Yes,No,North America,Ottawa,Satellite Terminal,Communications,Digital,SATCOM / JTRS,329,Upgrading,Needs Repair,2022,2,125.75,41371.75,France,Partial,Yes,2024,2027,97.4
509,Canada,CAN,1949,Yes,No,North America,Ottawa,Satellite Terminal,Communications,Digital,SATCOM / JTRS,68,Reserve,Fair,2000,24,340.43,23149.24,Domestic,Yes,No,2019,2035,76.7
510,Canada,CAN,1949,Yes,No,North America,Ottawa,Satellite Terminal,Communications,Digital,SATCOM / JTRS,1128,Decommissioning,Good,1991,33,49.37,55689.36,France,Yes,No,2001,2031,50.8
511,Canada,CAN,1949,Yes,No,North America,Ottawa,Radar System,Electronics,Land,AN/TPY-2 / AN/MPQ-65,329,Upgrading,Good,2023,1,53.48,17594.92,Italy,Partial,Yes,2024,2033,88.9
512,Canada,CAN,1949,Yes,No,North America,Ottawa,Radar System,Electronics,Land,AN/TPY-2 / AN/MPQ-65,123,On Order,Needs Repair,1966,58,373.79,45976.17,Turkey,No,No,2018,2026,67.2
513,Canada,CAN,1949,Yes,No,North America,Ottawa,Maritime Helicopter,Aviation,Air,AW159 / MH-60R,1134,In Maintenance,End-of-Life,1988,36,160.48,181984.32,Turkey,No,No,1989,2031,83.3
514,Canada,CAN,1949,Yes,No,North America,Ottawa,Maritime Helicopter,Aviation,Air,AW159 / MH-60R,1037,Operational,Needs Repair,2019,5,195.96,203210.52,Turkey,No,No,2019,2026,42.7
515,Canada,CAN,1949,Yes,No,North America,Ottawa,Towed Howitzer,Artillery,Land,M777 / FH70 / D-30,1364,In Maintenance,End-of-Life,1963,61,254.49,347124.36,Domestic,Yes,Yes,2012,2025,94.2
516,Canada,CAN,1949,Yes,No,North America,Ottawa,Towed Howitzer,Artillery,Land,M777 / FH70 / D-30,1592,In Maintenance,End-of-Life,1988,36,397.01,632039.92,Domestic,No,No,2022,2033,94.7
517,Canada,CAN,1949,Yes,No,North America,Ottawa,Combat Engineer Vehicle,Engineering,Land,M9 ACE / Leopard 2 AEV,463,Reserve,Good,1972,52,404.49,187278.87,France,Yes,Yes,1972,2026,54.7
518,Canada,CAN,1949,Yes,No,North America,Ottawa,Combat Engineer Vehicle,Engineering,Land,M9 ACE / Leopard 2 AEV,139,Reserve,Fair,1955,69,69.71,9689.69,Italy,Yes,Yes,1983,2029,57.0
519,Canada,CAN,1949,Yes,No,North America,Ottawa,Combat Engineer Vehicle,Engineering,Land,M9 ACE / Leopard 2 AEV,1632,Upgrading,End-of-Life,1954,70,102.1,166627.2,Multi-National,Partial,No,1980,2033,51.6
520,Canada,CAN,1949,Yes,No,North America,Ottawa,Combat Engineer Vehicle,Engineering,Land,M9 ACE / Leopard 2 AEV,1590,In Maintenance,Fair,1981,43,87.14,138552.6,France,No,Yes,2018,2030,47.9
521,Canada,CAN,1949,Yes,No,North America,Ottawa,Anti-Tank Missile System,Anti-Armor,Land,Javelin / SPIKE / Milan,56,On Order,End-of-Life,1994,30,254.17,14233.52,France,Yes,Yes,2020,2028,85.1
522,Canada,CAN,1949,Yes,No,North America,Ottawa,Anti-Tank Missile System,Anti-Armor,Land,Javelin / SPIKE / Milan,187,Operational,Needs Repair,1970,54,395.93,74038.91,Italy,Partial,No,1990,2033,76.0
523,Canada,CAN,1949,Yes,No,North America,Ottawa,Anti-Tank Missile System,Anti-Armor,Land,Javelin / SPIKE / Milan,276,In Maintenance,Needs Repair,1957,67,53.5,14766.0,Israel,Yes,Yes,2018,2031,58.5
524,Canada,CAN,1949,Yes,No,North America,Ottawa,Anti-Tank Missile System,Anti-Armor,Land,Javelin / SPIKE / Milan,763,Operational,Needs Repair,1985,39,72.44,55271.72,Germany,Partial,No,1990,2033,52.2
525,Canada,CAN,1949,Yes,No,North America,Ottawa,Anti-Drone System,Air Defense,Land,DroneShield / AUDS / Skyfend,702,In Maintenance,Needs Repair,1962,62,263.89,185250.78,Turkey,Yes,Yes,1968,2031,62.3
526,Canada,CAN,1949,Yes,No,North America,Ottawa,Anti-Drone System,Air Defense,Land,DroneShield / AUDS / Skyfend,1481,Upgrading,Fair,2001,23,58.08,86016.48,Turkey,No,Yes,2022,2032,77.7
527,Canada,CAN,1949,Yes,No,North America,Ottawa,Anti-Drone System,Air Defense,Land,DroneShield / AUDS / Skyfend,818,In Maintenance,Excellent,1982,42,172.7,141268.6,Israel,Yes,No,1996,2024,40.3
528,Canada,CAN,1949,Yes,No,North America,Ottawa,Field Hospital,Medical,Support,Role 2 / Role 3 Hospital,326,Reserve,Good,2018,6,406.12,132395.12,UK,Yes,Yes,2019,2035,46.3
529,Canada,CAN,1949,Yes,No,North America,Ottawa,Field Hospital,Medical,Support,Role 2 / Role 3 Hospital,726,Reserve,Excellent,1979,45,387.1,281034.6,Italy,Yes,No,1992,2035,86.2
530,Canada,CAN,1949,Yes,No,North America,Ottawa,Field Hospital,Medical,Support,Role 2 / Role 3 Hospital,207,Reserve,Good,2024,0,288.11,59638.77,Domestic,Partial,No,2024,2033,67.6
531,Canada,CAN,1949,Yes,No,North America,Ottawa,Field Hospital,Medical,Support,Role 2 / Role 3 Hospital,288,In Maintenance,Fair,1983,41,210.03,60488.64,UK,Yes,Yes,1988,2032,72.7
532,Canada,CAN,1949,Yes,No,North America,Ottawa,Long-Range SAM,Air Defense,Land,Patriot PAC-3 / S-400,1678,On Order,Fair,1982,42,282.91,474722.98,Multi-National,Yes,Yes,1982,2028,86.2
533,Canada,CAN,1949,Yes,No,North America,Ottawa,Long-Range SAM,Air Defense,Land,Patriot PAC-3 / S-400,991,Upgrading,Needs Repair,2013,11,19.13,18957.83,France,Yes,Yes,2015,2033,75.3
534,Canada,CAN,1949,Yes,No,North America,Ottawa,Long-Range SAM,Air Defense,Land,Patriot PAC-3 / S-400,1145,Reserve,End-of-Life,2005,19,159.75,182913.75,Domestic,Yes,No,2019,2035,72.5
535,Canada,CAN,1949,Yes,No,North America,Ottawa,Long-Range SAM,Air Defense,Land,Patriot PAC-3 / S-400,595,Decommissioning,Fair,2005,19,124.08,73827.6,Multi-National,No,Yes,2022,2026,98.3
536,Croatia,HRV,2009,No,No,Southern Europe,Zagreb,Logistics Truck (Heavy),Logistics,Support,HEMTT / MAN HX,1325,In Maintenance,Good,2009,15,41.24,54643.0,France,No,Yes,2018,2033,74.3
537,Croatia,HRV,2009,No,No,Southern Europe,Zagreb,Logistics Truck (Heavy),Logistics,Support,HEMTT / MAN HX,1218,Decommissioning,Needs Repair,2009,15,354.73,432061.14,Israel,Yes,No,2010,2026,64.6
538,Croatia,HRV,2009,No,No,Southern Europe,Zagreb,Aircraft Carrier,Naval,Sea,Gerald R. Ford / Queen Elizabeth,539,Operational,End-of-Life,2019,5,372.7,200885.3,Italy,No,Yes,2020,2025,68.6
539,Croatia,HRV,2009,No,No,Southern Europe,Zagreb,Aircraft Carrier,Naval,Sea,Gerald R. Ford / Queen Elizabeth,585,In Maintenance,End-of-Life,2010,14,8.93,5224.05,USA,Yes,Yes,2019,2027,54.7
540,Croatia,HRV,2009,No,No,Southern Europe,Zagreb,Ammunition Supply Vehicle,Logistics,Support,PLS / DROPS,1105,Reserve,Needs Repair,2014,10,60.94,67338.7,USA,Yes,Yes,2020,2024,81.6
541,Croatia,HRV,2009,No,No,Southern Europe,Zagreb,Ammunition Supply Vehicle,Logistics,Support,PLS / DROPS,861,In Maintenance,Needs Repair,2009,15,419.33,361043.13,Turkey,Partial,Yes,2019,2030,56.8
542,Croatia,HRV,2009,No,No,Southern Europe,Zagreb,Submarine (SSN),Naval,Sea,Virginia-class / Astute-class,1893,Operational,Needs Repair,2022,2,374.01,708000.93,Israel,Yes,No,2023,2027,82.5
543,Croatia,HRV,2009,No,No,Southern Europe,Zagreb,Submarine (SSN),Naval,Sea,Virginia-class / Astute-class,1462,Decommissioning,Fair,2020,4,5.14,7514.68,France,No,Yes,2021,2028,65.4
544,Croatia,HRV,2009,No,No,Southern Europe,Zagreb,Mortar System,Artillery,Land,M120 / AMOS,1693,In Maintenance,Excellent,2022,2,296.74,502380.82,France,Yes,No,2022,2024,78.5
545,Croatia,HRV,2009,No,No,Southern Europe,Zagreb,Mortar System,Artillery,Land,M120 / AMOS,1625,Operational,Needs Repair,2017,7,127.76,207610.0,UK,Yes,Yes,2018,2030,60.9
546,Croatia,HRV,2009,No,No,Southern Europe,Zagreb,Mortar System,Artillery,Land,M120 / AMOS,1845,On Order,Good,2018,6,52.78,97379.1,Turkey,Yes,No,2021,2034,93.6
547,Croatia,HRV,2009,No,No,Southern Europe,Zagreb,UAV / Drone,Air Force,Air,MQ-9 Reaper / Bayraktar TB2,743,Operational,Needs Repair,2024,0,427.98,317989.14,France,No,No,2024,2033,98.4
548,Croatia,HRV,2009,No,No,Southern Europe,Zagreb,UAV / Drone,Air Force,Air,MQ-9 Reaper / Bayraktar TB2,1678,Operational,Needs Repair,2017,7,396.06,664588.68,Italy,No,Yes,2024,2024,99.8
549,Croatia,HRV,2009,No,No,Southern Europe,Zagreb,UAV / Drone,Air Force,Air,MQ-9 Reaper / Bayraktar TB2,1713,Decommissioning,Good,2024,0,279.07,478046.91,Germany,No,Yes,2024,2026,57.2
550,Croatia,HRV,2009,No,No,Southern Europe,Zagreb,UAV / Drone,Air Force,Air,MQ-9 Reaper / Bayraktar TB2,450,Reserve,Excellent,2023,1,138.79,62455.5,Turkey,Yes,Yes,2024,2029,65.7
551,Croatia,HRV,2009,No,No,Southern Europe,Zagreb,Medium-Range SAM,Air Defense,Land,Patriot / NASAMS / SAMP/T,1632,Upgrading,End-of-Life,2015,9,225.69,368326.08,UK,No,Yes,2017,2029,92.4
552,Croatia,HRV,2009,No,No,Southern Europe,Zagreb,Medium-Range SAM,Air Defense,Land,Patriot / NASAMS / SAMP/T,1584,Upgrading,Good,2020,4,335.54,531495.36,Israel,Partial,Yes,2022,2035,68.0
553,Croatia,HRV,2009,No,No,Southern Europe,Zagreb,Medium-Range SAM,Air Defense,Land,Patriot / NASAMS / SAMP/T,407,Reserve,Excellent,2022,2,330.41,134476.87,Domestic,Yes,No,2022,2032,92.4
554,Croatia,HRV,2009,No,No,Southern Europe,Zagreb,Light Tank,Armored,Land,CV90105 / AMX-10RC,1815,Reserve,Good,2019,5,217.03,393909.45,USA,No,No,2020,2029,86.7
555,Croatia,HRV,2009,No,No,Southern Europe,Zagreb,Light Tank,Armored,Land,CV90105 / AMX-10RC,1237,Operational,End-of-Life,2009,15,375.94,465037.78,France,No,Yes,2017,2034,65.6
556,Croatia,HRV,2009,No,No,Southern Europe,Zagreb,Light Tank,Armored,Land,CV90105 / AMX-10RC,626,On Order,Needs Repair,2024,0,380.97,238487.22,USA,No,Yes,2024,2032,97.3
557,Croatia,HRV,2009,No,No,Southern Europe,Zagreb,Light Tank,Armored,Land,CV90105 / AMX-10RC,1072,Upgrading,Excellent,2017,7,124.48,133442.56,Israel,Partial,No,2018,2032,85.1
558,Croatia,HRV,2009,No,No,Southern Europe,Zagreb,Corvette,Naval,Sea,Skjold / Visby / Burak,1974,Reserve,Needs Repair,2020,4,395.37,780460.38,Turkey,Yes,No,2021,2030,73.2
559,Croatia,HRV,2009,No,No,Southern Europe,Zagreb,Corvette,Naval,Sea,Skjold / Visby / Burak,1659,Reserve,Excellent,2011,13,165.8,275062.2,Multi-National,No,Yes,2011,2026,67.1
560,Croatia,HRV,2009,No,No,Southern Europe,Zagreb,Corvette,Naval,Sea,Skjold / Visby / Burak,1895,Operational,Excellent,2014,10,259.8,492321.0,Multi-National,No,No,2014,2035,67.2
561,Croatia,HRV,2009,No,No,Southern Europe,Zagreb,Corvette,Naval,Sea,Skjold / Visby / Burak,1724,In Maintenance,Fair,2021,3,9.69,16705.56,Israel,No,Yes,2023,2024,53.7
562,Croatia,HRV,2009,No,No,Southern Europe,Zagreb,Strategic Bomber,Air Force,Air,B-52 / B-2 Spirit,911,Decommissioning,End-of-Life,2017,7,411.72,375076.92,France,Yes,Yes,2023,2031,78.6
563,Croatia,HRV,2009,No,No,Southern Europe,Zagreb,Strategic Bomber,Air Force,Air,B-52 / B-2 Spirit,1365,Upgrading,Needs Repair,2015,9,10.5,14332.5,USA,Partial,Yes,2017,2035,51.0
564,Croatia,HRV,2009,No,No,Southern Europe,Zagreb,Ballistic Missile Defense,Strategic,Land,THAAD / Aegis Ashore,1820,On Order,Fair,2024,0,410.1,746382.0,USA,Partial,Yes,2024,2032,78.8
565,Croatia,HRV,2009,No,No,Southern Europe,Zagreb,Ballistic Missile Defense,Strategic,Land,THAAD / Aegis Ashore,884,Reserve,End-of-Life,2019,5,98.5,87074.0,Domestic,No,No,2020,2033,64.8
566,Croatia,HRV,2009,No,No,Southern Europe,Zagreb,Ballistic Missile Defense,Strategic,Land,THAAD / Aegis Ashore,625,On Order,End-of-Life,2014,10,313.52,195950.0,Multi-National,No,No,2014,2035,90.5
567,Croatia,HRV,2009,No,No,Southern Europe,Zagreb,NBC Detection Vehicle,CBRN,Land,Fox / TPz Fuchs,662,On Order,Fair,2009,15,379.81,251434.22,Germany,Yes,Yes,2023,2024,55.7
568,Croatia,HRV,2009,No,No,Southern Europe,Zagreb,NBC Detection Vehicle,CBRN,Land,Fox / TPz Fuchs,1756,Operational,End-of-Life,2022,2,344.36,604696.16,Israel,Partial,No,2022,2030,63.4
569,Croatia,HRV,2009,No,No,Southern Europe,Zagreb,NBC Detection Vehicle,CBRN,Land,Fox / TPz Fuchs,384,Upgrading,Good,2010,14,343.26,131811.84,Domestic,No,Yes,2022,2033,74.8
570,Croatia,HRV,2009,No,No,Southern Europe,Zagreb,NBC Detection Vehicle,CBRN,Land,Fox / TPz Fuchs,1572,Decommissioning,End-of-Life,2011,13,302.97,476268.84,Germany,No,Yes,2019,2026,65.1
571,Croatia,HRV,2009,No,No,Southern Europe,Zagreb,Sniper Rifle System,Small Arms,Land,Barrett M82 / Accuracy Int.,1979,In Maintenance,Needs Repair,2015,9,347.79,688276.41,USA,No,Yes,2023,2030,89.3
572,Croatia,HRV,2009,No,No,Southern Europe,Zagreb,Sniper Rifle System,Small Arms,Land,Barrett M82 / Accuracy Int.,632,Decommissioning,Fair,2017,7,77.64,49068.48,Germany,Yes,Yes,2020,2025,80.4
573,Croatia,HRV,2009,No,No,Southern Europe,Zagreb,Sniper Rifle System,Small Arms,Land,Barrett M82 / Accuracy Int.,488,On Order,End-of-Life,2019,5,136.47,66597.36,Domestic,Yes,No,2021,2033,76.6
574,Croatia,HRV,2009,No,No,Southern Europe,Zagreb,Short-Range Air Defense,Air Defense,Land,SHORAD / Gepard / Stinger,922,Decommissioning,Good,2009,15,447.25,412364.5,USA,Partial,No,2023,2027,40.1
575,Croatia,HRV,2009,No,No,Southern Europe,Zagreb,Short-Range Air Defense,Air Defense,Land,SHORAD / Gepard / Stinger,531,Reserve,Good,2014,10,431.39,229068.09,Multi-National,Partial,No,2024,2027,88.6
576,Croatia,HRV,2009,No,No,Southern Europe,Zagreb,Short-Range Air Defense,Air Defense,Land,SHORAD / Gepard / Stinger,1430,On Order,Excellent,2013,11,352.37,503889.1,Turkey,Partial,Yes,2019,2031,70.1
577,Croatia,HRV,2009,No,No,Southern Europe,Zagreb,Tanker Aircraft,Air Force,Air,KC-135 / A330 MRTT,793,Reserve,Good,2021,3,429.25,340395.25,USA,No,Yes,2021,2030,79.0
578,Croatia,HRV,2009,No,No,Southern Europe,Zagreb,Tanker Aircraft,Air Force,Air,KC-135 / A330 MRTT,519,On Order,End-of-Life,2013,11,405.61,210511.59,USA,No,Yes,2016,2031,86.4
579,Croatia,HRV,2009,No,No,Southern Europe,Zagreb,Attack Helicopter,Aviation,Air,AH-64 Apache / Tiger / NH90,976,In Maintenance,Needs Repair,2010,14,421.64,411520.64,UK,Yes,No,2024,2024,52.2
580,Croatia,HRV,2009,No,No,Southern Europe,Zagreb,Attack Helicopter,Aviation,Air,AH-64 Apache / Tiger / NH90,1052,Operational,Needs Repair,2010,14,233.15,245273.8,Germany,No,Yes,2018,2026,76.0
581,Croatia,HRV,2009,No,No,Southern Europe,Zagreb,Anti-Aircraft Gun,Air Defense,Land,Oerlikon 35mm / ZU-23,1128,Reserve,Fair,2014,10,293.25,330786.0,Multi-National,No,Yes,2024,2024,67.4
582,Croatia,HRV,2009,No,No,Southern Europe,Zagreb,Anti-Aircraft Gun,Air Defense,Land,Oerlikon 35mm / ZU-23,1059,In Maintenance,Needs Repair,2019,5,428.16,453421.44,UK,Yes,Yes,2022,2032,40.1
583,Croatia,HRV,2009,No,No,Southern Europe,Zagreb,Anti-Aircraft Gun,Air Defense,Land,Oerlikon 35mm / ZU-23,1921,Upgrading,Excellent,2012,12,323.79,622000.59,Germany,No,No,2018,2026,40.9
584,Croatia,HRV,2009,No,No,Southern Europe,Zagreb,Transport Helicopter,Aviation,Air,CH-47 Chinook / NH90,1088,In Maintenance,End-of-Life,2013,11,378.38,411677.44,USA,No,Yes,2023,2026,99.6
585,Croatia,HRV,2009,No,No,Southern Europe,Zagreb,Transport Helicopter,Aviation,Air,CH-47 Chinook / NH90,864,Reserve,Fair,2015,9,302.8,261619.2,UK,Yes,No,2024,2030,77.7
586,Croatia,HRV,2009,No,No,Southern Europe,Zagreb,Amphibious Assault Ship,Naval,Sea,USS America / HMS Albion,1316,Decommissioning,Needs Repair,2017,7,150.64,198242.24,Domestic,Yes,Yes,2017,2035,84.7
587,Croatia,HRV,2009,No,No,Southern Europe,Zagreb,Amphibious Assault Ship,Naval,Sea,USS America / HMS Albion,1661,On Order,Fair,2013,11,134.57,223520.77,France,No,Yes,2022,2025,96.2
588,Croatia,HRV,2009,No,No,Southern Europe,Zagreb,Infantry Fighting Vehicle,Armored,Land,Bradley / Puma / AS-21,1961,In Maintenance,Excellent,2016,8,206.61,405162.21,Germany,Partial,No,2023,2030,89.3
589,Croatia,HRV,2009,No,No,Southern Europe,Zagreb,Infantry Fighting Vehicle,Armored,Land,Bradley / Puma / AS-21,1900,Upgrading,Needs Repair,2010,14,112.84,214396.0,Domestic,Yes,No,2013,2030,59.1
590,Croatia,HRV,2009,No,No,Southern Europe,Zagreb,Radar System,Electronics,Land,AN/TPY-2 / AN/MPQ-65,633,In Maintenance,Needs Repair,2010,14,158.69,100450.77,UK,Partial,Yes,2021,2032,88.8
591,Croatia,HRV,2009,No,No,Southern Europe,Zagreb,Radar System,Electronics,Land,AN/TPY-2 / AN/MPQ-65,1619,Reserve,Excellent,2020,4,350.61,567637.59,France,No,No,2024,2032,48.8
592,Croatia,HRV,2009,No,No,Southern Europe,Zagreb,Radar System,Electronics,Land,AN/TPY-2 / AN/MPQ-65,723,In Maintenance,End-of-Life,2023,1,449.14,324728.22,Italy,No,No,2024,2026,99.8
593,Croatia,HRV,2009,No,No,Southern Europe,Zagreb,Radar System,Electronics,Land,AN/TPY-2 / AN/MPQ-65,1969,Operational,Needs Repair,2013,11,104.25,205268.25,Israel,No,No,2017,2033,44.4
594,Croatia,HRV,2009,No,No,Southern Europe,Zagreb,Air Superiority Fighter,Air Force,Air,F-22 / Typhoon,1192,Upgrading,Good,2018,6,255.34,304365.28,Germany,Partial,Yes,2020,2026,76.2
595,Croatia,HRV,2009,No,No,Southern Europe,Zagreb,Air Superiority Fighter,Air Force,Air,F-22 / Typhoon,794,Upgrading,End-of-Life,2014,10,75.02,59565.88,Germany,Yes,No,2020,2030,44.4
596,Croatia,HRV,2009,No,No,Southern Europe,Zagreb,Air Superiority Fighter,Air Force,Air,F-22 / Typhoon,931,Reserve,Needs Repair,2022,2,80.03,74507.93,Germany,Partial,Yes,2022,2029,85.0
597,Croatia,HRV,2009,No,No,Southern Europe,Zagreb,Long-Range SAM,Air Defense,Land,Patriot PAC-3 / S-400,979,Upgrading,Needs Repair,2021,3,250.41,245151.39,Turkey,Partial,Yes,2023,2030,40.7
598,Croatia,HRV,2009,No,No,Southern Europe,Zagreb,Long-Range SAM,Air Defense,Land,Patriot PAC-3 / S-400,250,In Maintenance,Excellent,2016,8,115.04,28760.0,Multi-National,No,Yes,2017,2029,52.0
599,Croatia,HRV,2009,No,No,Southern Europe,Zagreb,Long-Range SAM,Air Defense,Land,Patriot PAC-3 / S-400,1083,Decommissioning,Excellent,2015,9,439.23,475686.09,Germany,Yes,No,2015,2024,40.3
600,Croatia,HRV,2009,No,No,Southern Europe,Zagreb,Long-Range SAM,Air Defense,Land,Patriot PAC-3 / S-400,138,On Order,Needs Repair,2018,6,134.22,18522.36,Israel,Yes,Yes,2024,2028,84.4
601,Croatia,HRV,2009,No,No,Southern Europe,Zagreb,Self-Propelled Howitzer,Artillery,Land,PzH 2000 / K9 Thunder / Caesar,466,On Order,End-of-Life,2010,14,391.89,182620.74,USA,Yes,No,2011,2024,52.2
602,Croatia,HRV,2009,No,No,Southern Europe,Zagreb,Self-Propelled Howitzer,Artillery,Land,PzH 2000 / K9 Thunder / Caesar,1664,On Order,End-of-Life,2024,0,144.97,241230.08,Turkey,Yes,Yes,2024,2034,59.6
603,Croatia,HRV,2009,No,No,Southern Europe,Zagreb,Self-Propelled Howitzer,Artillery,Land,PzH 2000 / K9 Thunder / Caesar,1376,On Order,Good,2021,3,134.06,184466.56,UK,Yes,No,2022,2024,71.1
604,Croatia,HRV,2009,No,No,Southern Europe,Zagreb,Self-Propelled Howitzer,Artillery,Land,PzH 2000 / K9 Thunder / Caesar,480,Operational,End-of-Life,2019,5,374.33,179678.4,Turkey,No,No,2023,2025,77.3
605,Croatia,HRV,2009,No,No,Southern Europe,Zagreb,Satellite Terminal,Communications,Digital,SATCOM / JTRS,1146,Decommissioning,End-of-Life,2021,3,56.73,65012.58,Domestic,Partial,No,2024,2032,47.9
606,Croatia,HRV,2009,No,No,Southern Europe,Zagreb,Satellite Terminal,Communications,Digital,SATCOM / JTRS,10,Reserve,Good,2011,13,213.5,2135.0,Domestic,No,No,2017,2025,96.1
607,Croatia,HRV,2009,No,No,Southern Europe,Zagreb,Satellite Terminal,Communications,Digital,SATCOM / JTRS,883,In Maintenance,Fair,2019,5,440.19,388687.77,Domestic,No,Yes,2021,2031,55.4
608,Croatia,HRV,2009,No,No,Southern Europe,Zagreb,Strategic Transport Aircraft,Air Force,Air,C-17 / A400M / C-130,336,Operational,Good,2019,5,101.88,34231.68,Turkey,Partial,No,2022,2025,40.8
609,Croatia,HRV,2009,No,No,Southern Europe,Zagreb,Strategic Transport Aircraft,Air Force,Air,C-17 / A400M / C-130,1018,On Order,Good,2024,0,223.39,227411.02,USA,No,No,2024,2027,65.1
610,Croatia,HRV,2009,No,No,Southern Europe,Zagreb,Strategic Transport Aircraft,Air Force,Air,C-17 / A400M / C-130,1553,In Maintenance,Fair,2014,10,434.72,675120.16,USA,Partial,Yes,2022,2031,51.6
611,Croatia,HRV,2009,No,No,Southern Europe,Zagreb,Strategic Transport Aircraft,Air Force,Air,C-17 / A400M / C-130,943,On Order,Good,2010,14,85.85,80956.55,UK,No,No,2023,2031,57.2
612,Croatia,HRV,2009,No,No,Southern Europe,Zagreb,AWACS Aircraft,Air Force,Air,E-3 Sentry / E-7A,2,Operational,Needs Repair,2017,7,222.28,444.56,Multi-National,No,Yes,2020,2029,99.1
613,Croatia,HRV,2009,No,No,Southern Europe,Zagreb,AWACS Aircraft,Air Force,Air,E-3 Sentry / E-7A,1892,Upgrading,Needs Repair,2009,15,311.48,589320.16,Italy,Yes,Yes,2024,2034,42.0
614,Croatia,HRV,2009,No,No,Southern Europe,Zagreb,AWACS Aircraft,Air Force,Air,E-3 Sentry / E-7A,1883,On Order,Good,2020,4,40.88,76977.04,Germany,Partial,No,2020,2028,61.1
615,Croatia,HRV,2009,No,No,Southern Europe,Zagreb,AWACS Aircraft,Air Force,Air,E-3 Sentry / E-7A,396,Operational,End-of-Life,2017,7,17.15,6791.4,Italy,Partial,Yes,2022,2029,72.6
616,Croatia,HRV,2009,No,No,Southern Europe,Zagreb,Submarine (SSK),Naval,Sea,Type 212 / Gotland,1494,Upgrading,Fair,2012,12,144.77,216286.38,UK,Partial,No,2022,2029,54.9
617,Croatia,HRV,2009,No,No,Southern Europe,Zagreb,Submarine (SSK),Naval,Sea,Type 212 / Gotland,1366,Operational,Needs Repair,2012,12,414.86,566698.76,Turkey,Yes,Yes,2016,2024,75.2
618,Croatia,HRV,2009,No,No,Southern Europe,Zagreb,Bridge Layer,Engineering,Land,AVLB / Biber,1470,Reserve,Excellent,2018,6,143.86,211474.2,Multi-National,No,Yes,2024,2027,76.2
619,Croatia,HRV,2009,No,No,Southern Europe,Zagreb,Bridge Layer,Engineering,Land,AVLB / Biber,1616,Decommissioning,Excellent,2013,11,80.61,130265.76,France,Partial,No,2019,2026,86.0
620,Croatia,HRV,2009,No,No,Southern Europe,Zagreb,Main Battle Tank,Armored,Land,M1 Abrams / Leopard 2 / Challenger 3,1499,Reserve,End-of-Life,2010,14,107.73,161487.27,Multi-National,No,No,2020,2035,84.6
621,Croatia,HRV,2009,No,No,Southern Europe,Zagreb,Main Battle Tank,Armored,Land,M1 Abrams / Leopard 2 / Challenger 3,1353,Operational,Good,2023,1,240.61,325545.33,Israel,No,Yes,2024,2025,98.2
622,Croatia,HRV,2009,No,No,Southern Europe,Zagreb,Main Battle Tank,Armored,Land,M1 Abrams / Leopard 2 / Challenger 3,784,On Order,End-of-Life,2018,6,311.58,244278.72,France,Yes,Yes,2020,2035,65.0
623,Croatia,HRV,2009,No,No,Southern Europe,Zagreb,Main Battle Tank,Armored,Land,M1 Abrams / Leopard 2 / Challenger 3,411,Decommissioning,Needs Repair,2010,14,419.68,172488.48,UK,No,Yes,2018,2032,93.9
624,Croatia,HRV,2009,No,No,Southern Europe,Zagreb,Armored Personnel Carrier,Armored,Land,M113 / Boxer / BTR-80,1000,Decommissioning,End-of-Life,2010,14,227.76,227760.0,Turkey,Yes,Yes,2010,2034,82.9
625,Croatia,HRV,2009,No,No,Southern Europe,Zagreb,Armored Personnel Carrier,Armored,Land,M113 / Boxer / BTR-80,1229,On Order,Fair,2011,13,243.61,299396.69,France,Yes,Yes,2014,2034,91.3
626,Croatia,HRV,2009,No,No,Southern Europe,Zagreb,Armored Personnel Carrier,Armored,Land,M113 / Boxer / BTR-80,299,Operational,Fair,2021,3,170.67,51030.33,Multi-National,No,No,2021,2029,49.8
627,Croatia,HRV,2009,No,No,Southern Europe,Zagreb,Frigate,Naval,Sea,FREMM / Type 23 / FREMM,495,Operational,End-of-Life,2014,10,296.33,146683.35,Israel,Yes,No,2021,2034,80.3
628,Croatia,HRV,2009,No,No,Southern Europe,Zagreb,Frigate,Naval,Sea,FREMM / Type 23 / FREMM,327,In Maintenance,End-of-Life,2013,11,8.63,2822.01,Turkey,Partial,Yes,2020,2031,97.0
629,Croatia,HRV,2009,No,No,Southern Europe,Zagreb,Frigate,Naval,Sea,FREMM / Type 23 / FREMM,746,On Order,Excellent,2017,7,133.67,99717.82,Multi-National,Partial,Yes,2020,2025,66.6
630,Croatia,HRV,2009,No,No,Southern Europe,Zagreb,Patrol Aircraft,Air Force,Air,P-8 Poseidon / Atlantic,594,Decommissioning,End-of-Life,2021,3,335.78,199453.32,Italy,Partial,Yes,2023,2030,92.5
631,Croatia,HRV,2009,No,No,Southern Europe,Zagreb,Patrol Aircraft,Air Force,Air,P-8 Poseidon / Atlantic,997,In Maintenance,Needs Repair,2021,3,449.01,447662.97,Germany,Yes,No,2024,2024,61.8
632,Croatia,HRV,2009,No,No,Southern Europe,Zagreb,Maritime Helicopter,Aviation,Air,AW159 / MH-60R,284,Decommissioning,Fair,2021,3,33.62,9548.08,Domestic,Yes,No,2024,2032,94.3
633,Croatia,HRV,2009,No,No,Southern Europe,Zagreb,Maritime Helicopter,Aviation,Air,AW159 / MH-60R,14,Decommissioning,Needs Repair,2015,9,408.13,5713.82,Domestic,No,Yes,2021,2027,42.5
634,Croatia,HRV,2009,No,No,Southern Europe,Zagreb,Anti-Drone System,Air Defense,Land,DroneShield / AUDS / Skyfend,490,Reserve,Excellent,2022,2,373.24,182887.6,Germany,Partial,Yes,2024,2034,65.7
635,Croatia,HRV,2009,No,No,Southern Europe,Zagreb,Anti-Drone System,Air Defense,Land,DroneShield / AUDS / Skyfend,1717,Decommissioning,Excellent,2009,15,280.92,482339.64,Domestic,Yes,Yes,2012,2026,43.5
636,Croatia,HRV,2009,No,No,Southern Europe,Zagreb,Anti-Drone System,Air Defense,Land,DroneShield / AUDS / Skyfend,1519,In Maintenance,Fair,2016,8,287.77,437122.63,Germany,Yes,No,2021,2026,81.2
637,Croatia,HRV,2009,No,No,Southern Europe,Zagreb,Electronic Warfare System,Electronics,Land,JAMMER / Krasukha,1552,On Order,End-of-Life,2020,4,256.01,397327.52,Italy,Yes,Yes,2024,2034,89.4
638,Croatia,HRV,2009,No,No,Southern Europe,Zagreb,Electronic Warfare System,Electronics,Land,JAMMER / Krasukha,1986,Decommissioning,End-of-Life,2021,3,19.23,38190.78,Israel,Yes,Yes,2024,2029,94.9
639,Croatia,HRV,2009,No,No,Southern Europe,Zagreb,Electronic Warfare System,Electronics,Land,JAMMER / Krasukha,1942,On Order,Fair,2024,0,420.53,816669.26,UK,No,Yes,2024,2029,57.1
640,Croatia,HRV,2009,No,No,Southern Europe,Zagreb,Multirole Aircraft,Air Force,Air,F-35 / Rafale / F/A-18,1973,Reserve,Good,2018,6,312.22,616010.06,Multi-National,Yes,Yes,2022,2024,77.8
641,Croatia,HRV,2009,No,No,Southern Europe,Zagreb,Multirole Aircraft,Air Force,Air,F-35 / Rafale / F/A-18,249,Reserve,End-of-Life,2021,3,156.86,39058.14,France,No,No,2023,2030,98.7
642,Croatia,HRV,2009,No,No,Southern Europe,Zagreb,Multirole Aircraft,Air Force,Air,F-35 / Rafale / F/A-18,323,On Order,Fair,2014,10,268.9,86854.7,Germany,Yes,No,2023,2031,43.1
643,Croatia,HRV,2009,No,No,Southern Europe,Zagreb,Multirole Aircraft,Air Force,Air,F-35 / Rafale / F/A-18,1434,In Maintenance,Needs Repair,2022,2,171.26,245586.84,USA,No,Yes,2023,2032,65.3
644,Croatia,HRV,2009,No,No,Southern Europe,Zagreb,Armored Reconnaissance Vehicle,Armored,Land,Fennek / Fuchs,23,On Order,Good,2018,6,202.28,4652.44,Israel,No,Yes,2019,2027,61.2
645,Croatia,HRV,2009,No,No,Southern Europe,Zagreb,Armored Reconnaissance Vehicle,Armored,Land,Fennek / Fuchs,130,Operational,Excellent,2020,4,227.03,29513.9,Italy,Yes,Yes,2020,2031,53.8
646,Croatia,HRV,2009,No,No,Southern Europe,Zagreb,Armored Reconnaissance Vehicle,Armored,Land,Fennek / Fuchs,1488,Operational,Fair,2011,13,190.71,283776.48,Israel,Yes,No,2019,2031,74.3
647,Croatia,HRV,2009,No,No,Southern Europe,Zagreb,Multiple Launch Rocket System,Artillery,Land,M270 / HIMARS / BM-21,266,Operational,Good,2014,10,115.42,30701.72,France,Partial,No,2018,2031,74.0
648,Croatia,HRV,2009,No,No,Southern Europe,Zagreb,Multiple Launch Rocket System,Artillery,Land,M270 / HIMARS / BM-21,117,On Order,Fair,2021,3,435.9,51000.3,France,Yes,No,2024,2033,43.3
649,Croatia,HRV,2009,No,No,Southern Europe,Zagreb,Multiple Launch Rocket System,Artillery,Land,M270 / HIMARS / BM-21,1482,On Order,Excellent,2023,1,55.84,82754.88,Multi-National,Partial,No,2024,2035,96.1
650,Croatia,HRV,2009,No,No,Southern Europe,Zagreb,Fighter Jet,Air Force,Air,F-16 / Gripen / Typhoon,830,Upgrading,Excellent,2015,9,193.64,160721.2,Multi-National,Yes,Yes,2020,2035,76.4
651,Croatia,HRV,2009,No,No,Southern Europe,Zagreb,Fighter Jet,Air Force,Air,F-16 / Gripen / Typhoon,542,Operational,Fair,2023,1,178.5,96747.0,Turkey,Yes,Yes,2023,2035,81.6
652,Croatia,HRV,2009,No,No,Southern Europe,Zagreb,Fighter Jet,Air Force,Air,F-16 / Gripen / Typhoon,1737,Operational,End-of-Life,2024,0,360.68,626501.16,UK,Yes,Yes,2024,2033,51.1
653,Croatia,HRV,2009,No,No,Southern Europe,Zagreb,Fighter Jet,Air Force,Air,F-16 / Gripen / Typhoon,54,In Maintenance,Good,2020,4,194.9,10524.6,France,Yes,No,2021,2034,48.0
654,Croatia,HRV,2009,No,No,Southern Europe,Zagreb,Cyber Defense Unit,Cyber,Digital,CCDCOE / NATO Cyber Centre,1764,Operational,Good,2021,3,130.45,230113.8,Multi-National,Yes,No,2022,2026,88.8
655,Croatia,HRV,2009,No,No,Southern Europe,Zagreb,Cyber Defense Unit,Cyber,Digital,CCDCOE / NATO Cyber Centre,1916,Decommissioning,Good,2023,1,169.54,324838.64,UK,Yes,No,2024,2027,77.3
656,Croatia,HRV,2009,No,No,Southern Europe,Zagreb,Cyber Defense Unit,Cyber,Digital,CCDCOE / NATO Cyber Centre,1454,Decommissioning,Fair,2014,10,101.11,147013.94,Germany,Yes,Yes,2017,2034,50.9
657,Croatia,HRV,2009,No,No,Southern Europe,Zagreb,Cyber Defense Unit,Cyber,Digital,CCDCOE / NATO Cyber Centre,1180,Operational,Excellent,2012,12,113.49,133918.2,Israel,Partial,Yes,2015,2026,70.9
658,Croatia,HRV,2009,No,No,Southern Europe,Zagreb,Towed Howitzer,Artillery,Land,M777 / FH70 / D-30,285,Upgrading,Excellent,2015,9,432.71,123322.35,Multi-National,Yes,Yes,2022,2029,89.1
659,Croatia,HRV,2009,No,No,Southern Europe,Zagreb,Towed Howitzer,Artillery,Land,M777 / FH70 / D-30,1767,Reserve,Fair,2011,13,148.05,261604.35,Germany,No,Yes,2018,2029,66.1
660,Croatia,HRV,2009,No,No,Southern Europe,Zagreb,Towed Howitzer,Artillery,Land,M777 / FH70 / D-30,1414,In Maintenance,Excellent,2011,13,91.18,128928.52,Domestic,Yes,No,2023,2028,99.0
661,Croatia,HRV,2009,No,No,Southern Europe,Zagreb,Mine Countermeasure Vessel,Naval,Sea,Hunt-class / Alkmaar,1381,Upgrading,Good,2013,11,83.35,115106.35,Germany,No,No,2020,2031,53.1
662,Croatia,HRV,2009,No,No,Southern Europe,Zagreb,Mine Countermeasure Vessel,Naval,Sea,Hunt-class / Alkmaar,1925,On Order,End-of-Life,2011,13,186.67,359339.75,Domestic,No,No,2015,2035,68.6
663,Croatia,HRV,2009,No,No,Southern Europe,Zagreb,Patrol Vessel,Naval,Sea,OPV / Fast Attack Craft,9,Operational,Good,2015,9,251.55,2263.95,Israel,Yes,No,2024,2029,50.2
664,Croatia,HRV,2009,No,No,Southern Europe,Zagreb,Patrol Vessel,Naval,Sea,OPV / Fast Attack Craft,1033,Reserve,Excellent,2018,6,61.3,63322.9,Domestic,Partial,No,2024,2035,57.8
665,Croatia,HRV,2009,No,No,Southern Europe,Zagreb,Patrol Vessel,Naval,Sea,OPV / Fast Attack Craft,111,Reserve,Excellent,2013,11,404.06,44850.66,Israel,No,No,2021,2026,65.6
666,Croatia,HRV,2009,No,No,Southern Europe,Zagreb,Logistics Support Vessel,Naval,Sea,Supply / Berlin-class,284,Operational,Needs Repair,2020,4,256.34,72800.56,Germany,Yes,Yes,2021,2035,64.2
667,Croatia,HRV,2009,No,No,Southern Europe,Zagreb,Logistics Support Vessel,Naval,Sea,Supply / Berlin-class,1650,Upgrading,Fair,2020,4,285.61,471256.5,Israel,Partial,Yes,2022,2033,66.8
668,Croatia,HRV,2009,No,No,Southern Europe,Zagreb,Logistics Support Vessel,Naval,Sea,Supply / Berlin-class,647,In Maintenance,Excellent,2024,0,290.74,188108.78,Multi-National,Yes,No,2024,2033,87.3
669,Czech Republic,CZE,1999,No,No,Central Europe,Prague,Electronic Warfare System,Electronics,Land,JAMMER / Krasukha,151,Upgrading,Good,2004,20,308.43,46572.93,Germany,Yes,No,2019,2028,50.3
670,Czech Republic,CZE,1999,No,No,Central Europe,Prague,Electronic Warfare System,Electronics,Land,JAMMER / Krasukha,1823,Upgrading,Needs Repair,2019,5,73.15,133352.45,Multi-National,Partial,No,2019,2032,86.4
671,Czech Republic,CZE,1999,No,No,Central Europe,Prague,Electronic Warfare System,Electronics,Land,JAMMER / Krasukha,1079,In Maintenance,Good,2003,21,409.09,441408.11,Turkey,Partial,No,2004,2029,79.4
672,Czech Republic,CZE,1999,No,No,Central Europe,Prague,Electronic Warfare System,Electronics,Land,JAMMER / Krasukha,1993,Decommissioning,Excellent,2008,16,30.79,61364.47,Israel,Partial,Yes,2014,2035,83.3
673,Czech Republic,CZE,1999,No,No,Central Europe,Prague,Ammunition Supply Vehicle,Logistics,Support,PLS / DROPS,1317,Upgrading,End-of-Life,2010,14,180.67,237942.39,Multi-National,No,No,2010,2034,59.4
674,Czech Republic,CZE,1999,No,No,Central Europe,Prague,Ammunition Supply Vehicle,Logistics,Support,PLS / DROPS,879,Reserve,End-of-Life,2020,4,200.0,175800.0,Israel,Yes,Yes,2020,2033,91.4
675,Czech Republic,CZE,1999,No,No,Central Europe,Prague,Ammunition Supply Vehicle,Logistics,Support,PLS / DROPS,912,Operational,Excellent,2003,21,91.0,82992.0,Multi-National,Yes,Yes,2016,2025,63.0
676,Czech Republic,CZE,1999,No,No,Central Europe,Prague,Ammunition Supply Vehicle,Logistics,Support,PLS / DROPS,273,Reserve,Fair,1999,25,44.98,12279.54,Italy,Partial,No,2020,2032,64.3
677,Czech Republic,CZE,1999,No,No,Central Europe,Prague,Corvette,Naval,Sea,Skjold / Visby / Burak,678,Decommissioning,Needs Repair,2014,10,299.65,203162.7,Italy,No,No,2021,2029,46.0
678,Czech Republic,CZE,1999,No,No,Central Europe,Prague,Corvette,Naval,Sea,Skjold / Visby / Burak,1980,Upgrading,Fair,2004,20,115.02,227739.6,Domestic,Yes,Yes,2016,2032,66.7
679,Czech Republic,CZE,1999,No,No,Central Europe,Prague,Corvette,Naval,Sea,Skjold / Visby / Burak,1069,Decommissioning,Good,2024,0,364.28,389415.32,UK,Partial,Yes,2024,2025,64.8
680,Czech Republic,CZE,1999,No,No,Central Europe,Prague,Aircraft Carrier,Naval,Sea,Gerald R. Ford / Queen Elizabeth,524,In Maintenance,Fair,2009,15,48.38,25351.12,UK,No,Yes,2024,2028,40.3
681,Czech Republic,CZE,1999,No,No,Central Europe,Prague,Aircraft Carrier,Naval,Sea,Gerald R. Ford / Queen Elizabeth,1643,Upgrading,End-of-Life,2005,19,91.12,149710.16,Israel,Yes,Yes,2015,2031,91.9
682,Czech Republic,CZE,1999,No,No,Central Europe,Prague,Aircraft Carrier,Naval,Sea,Gerald R. Ford / Queen Elizabeth,1497,In Maintenance,Needs Repair,2001,23,203.96,305328.12,France,Yes,No,2009,2026,94.9
683,Czech Republic,CZE,1999,No,No,Central Europe,Prague,Infantry Fighting Vehicle,Armored,Land,Bradley / Puma / AS-21,1318,Operational,Fair,2012,12,27.81,36653.58,Domestic,Partial,Yes,2012,2033,86.5
684,Czech Republic,CZE,1999,No,No,Central Europe,Prague,Infantry Fighting Vehicle,Armored,Land,Bradley / Puma / AS-21,571,Reserve,End-of-Life,2022,2,31.59,18037.89,Domestic,Partial,No,2024,2025,89.3
685,Czech Republic,CZE,1999,No,No,Central Europe,Prague,Infantry Fighting Vehicle,Armored,Land,Bradley / Puma / AS-21,976,Decommissioning,Needs Repair,2018,6,218.41,213168.16,Germany,No,No,2019,2032,56.1
686,Czech Republic,CZE,1999,No,No,Central Europe,Prague,Infantry Fighting Vehicle,Armored,Land,Bradley / Puma / AS-21,431,Reserve,End-of-Life,2010,14,175.46,75623.26,Domestic,No,No,2024,2024,67.8
687,Czech Republic,CZE,1999,No,No,Central Europe,Prague,Cyber Defense Unit,Cyber,Digital,CCDCOE / NATO Cyber Centre,1545,On Order,Needs Repair,2023,1,170.25,263036.25,UK,Partial,Yes,2024,2031,78.3
688,Czech Republic,CZE,1999,No,No,Central Europe,Prague,Cyber Defense Unit,Cyber,Digital,CCDCOE / NATO Cyber Centre,1954,On Order,Excellent,2006,18,258.08,504288.32,Italy,Partial,Yes,2010,2034,98.9
689,Czech Republic,CZE,1999,No,No,Central Europe,Prague,Cyber Defense Unit,Cyber,Digital,CCDCOE / NATO Cyber Centre,4,Reserve,Fair,2004,20,322.89,1291.56,Germany,Partial,Yes,2011,2025,61.2
690,Czech Republic,CZE,1999,No,No,Central Europe,Prague,Radar System,Electronics,Land,AN/TPY-2 / AN/MPQ-65,1231,Decommissioning,Fair,2023,1,63.39,78033.09,Domestic,No,Yes,2024,2026,42.4
691,Czech Republic,CZE,1999,No,No,Central Europe,Prague,Radar System,Electronics,Land,AN/TPY-2 / AN/MPQ-65,199,On Order,Needs Repair,2017,7,334.97,66659.03,Turkey,No,No,2024,2029,76.5
692,Czech Republic,CZE,1999,No,No,Central Europe,Prague,Radar System,Electronics,Land,AN/TPY-2 / AN/MPQ-65,1959,Operational,End-of-Life,2002,22,295.51,578904.09,Israel,Partial,No,2023,2032,83.2
693,Czech Republic,CZE,1999,No,No,Central Europe,Prague,Radar System,Electronics,Land,AN/TPY-2 / AN/MPQ-65,414,On Order,Good,1999,25,225.64,93414.96,Italy,Partial,No,2021,2032,88.3
694,Czech Republic,CZE,1999,No,No,Central Europe,Prague,Transport Helicopter,Aviation,Air,CH-47 Chinook / NH90,219,In Maintenance,Good,2017,7,189.42,41482.98,Germany,No,Yes,2022,2035,72.9
695,Czech Republic,CZE,1999,No,No,Central Europe,Prague,Transport Helicopter,Aviation,Air,CH-47 Chinook / NH90,1469,In Maintenance,Needs Repair,2018,6,340.66,500429.54,Israel,No,No,2022,2027,45.9
696,Czech Republic,CZE,1999,No,No,Central Europe,Prague,Transport Helicopter,Aviation,Air,CH-47 Chinook / NH90,910,Upgrading,Needs Repair,2005,19,315.06,286704.6,Germany,Partial,Yes,2007,2029,45.5
697,Czech Republic,CZE,1999,No,No,Central Europe,Prague,Combat Engineer Vehicle,Engineering,Land,M9 ACE / Leopard 2 AEV,1892,Upgrading,End-of-Life,2024,0,344.08,650999.36,Multi-National,Yes,No,2024,2030,89.3
698,Czech Republic,CZE,1999,No,No,Central Europe,Prague,Combat Engineer Vehicle,Engineering,Land,M9 ACE / Leopard 2 AEV,1684,Upgrading,End-of-Life,2009,15,253.63,427112.92,Multi-National,Partial,Yes,2022,2026,54.1
699,Czech Republic,CZE,1999,No,No,Central Europe,Prague,Combat Engineer Vehicle,Engineering,Land,M9 ACE / Leopard 2 AEV,944,On Order,Needs Repair,2022,2,65.41,61747.04,USA,No,Yes,2022,2026,53.7
700,Czech Republic,CZE,1999,No,No,Central Europe,Prague,Combat Engineer Vehicle,Engineering,Land,M9 ACE / Leopard 2 AEV,1393,On Order,Needs Repair,2017,7,25.95,36148.35,Italy,No,No,2017,2034,93.2
701,Czech Republic,CZE,1999,No,No,Central Europe,Prague,Main Battle Tank,Armored,Land,M1 Abrams / Leopard 2 / Challenger 3,1660,Decommissioning,Fair,2013,11,443.0,735380.0,UK,Yes,No,2019,2031,58.8
702,Czech Republic,CZE,1999,No,No,Central Europe,Prague,Main Battle Tank,Armored,Land,M1 Abrams / Leopard 2 / Challenger 3,416,Decommissioning,End-of-Life,2017,7,236.41,98346.56,Domestic,No,Yes,2024,2032,44.0
703,Czech Republic,CZE,1999,No,No,Central Europe,Prague,Main Battle Tank,Armored,Land,M1 Abrams / Leopard 2 / Challenger 3,1196,Decommissioning,Excellent,2001,23,144.52,172845.92,Multi-National,Partial,No,2012,2032,99.2
704,Czech Republic,CZE,1999,No,No,Central Europe,Prague,Air Superiority Fighter,Air Force,Air,F-22 / Typhoon,1286,Decommissioning,Good,2011,13,75.86,97555.96,Multi-National,No,No,2017,2027,71.5
705,Czech Republic,CZE,1999,No,No,Central Europe,Prague,Air Superiority Fighter,Air Force,Air,F-22 / Typhoon,1765,On Order,Needs Repair,2003,21,431.79,762109.35,Israel,Yes,Yes,2010,2033,63.9
706,Czech Republic,CZE,1999,No,No,Central Europe,Prague,Air Superiority Fighter,Air Force,Air,F-22 / Typhoon,224,On Order,End-of-Life,2004,20,51.98,11643.52,Domestic,Partial,No,2006,2032,92.6
707,Czech Republic,CZE,1999,No,No,Central Europe,Prague,Air Superiority Fighter,Air Force,Air,F-22 / Typhoon,1121,Decommissioning,End-of-Life,2002,22,70.03,78503.63,Multi-National,Partial,No,2022,2025,70.6
708,Czech Republic,CZE,1999,No,No,Central Europe,Prague,Ballistic Missile Defense,Strategic,Land,THAAD / Aegis Ashore,1672,Upgrading,Excellent,2024,0,12.44,20799.68,Israel,No,Yes,2024,2024,67.2
709,Czech Republic,CZE,1999,No,No,Central Europe,Prague,Ballistic Missile Defense,Strategic,Land,THAAD / Aegis Ashore,272,In Maintenance,End-of-Life,2006,18,216.73,58950.56,Multi-National,Yes,No,2023,2033,93.5
710,Czech Republic,CZE,1999,No,No,Central Europe,Prague,Anti-Aircraft Gun,Air Defense,Land,Oerlikon 35mm / ZU-23,564,Upgrading,Fair,2021,3,230.37,129928.68,Turkey,Yes,Yes,2023,2024,65.2
711,Czech Republic,CZE,1999,No,No,Central Europe,Prague,Anti-Aircraft Gun,Air Defense,Land,Oerlikon 35mm / ZU-23,673,Upgrading,End-of-Life,2013,11,230.21,154931.33,France,Yes,No,2018,2035,66.7
712,Czech Republic,CZE,1999,No,No,Central Europe,Prague,Anti-Tank Missile System,Anti-Armor,Land,Javelin / SPIKE / Milan,907,In Maintenance,Good,2006,18,333.01,302040.07,USA,No,No,2016,2034,42.6
713,Czech Republic,CZE,1999,No,No,Central Europe,Prague,Anti-Tank Missile System,Anti-Armor,Land,Javelin / SPIKE / Milan,1730,On Order,Excellent,2023,1,143.57,248376.1,Italy,Yes,Yes,2024,2033,76.1
714,Czech Republic,CZE,1999,No,No,Central Europe,Prague,Anti-Tank Missile System,Anti-Armor,Land,Javelin / SPIKE / Milan,1798,Reserve,Fair,2022,2,100.58,180842.84,UK,Yes,No,2023,2032,72.2
715,Czech Republic,CZE,1999,No,No,Central Europe,Prague,Strategic Transport Aircraft,Air Force,Air,C-17 / A400M / C-130,1992,Reserve,Needs Repair,2001,23,140.46,279796.32,Domestic,Partial,Yes,2005,2027,98.6
716,Czech Republic,CZE,1999,No,No,Central Europe,Prague,Strategic Transport Aircraft,Air Force,Air,C-17 / A400M / C-130,1626,In Maintenance,Needs Repair,2009,15,382.95,622676.7,Multi-National,No,Yes,2019,2034,84.9
717,Czech Republic,CZE,1999,No,No,Central Europe,Prague,NBC Detection Vehicle,CBRN,Land,Fox / TPz Fuchs,1234,Decommissioning,Needs Repair,2001,23,334.77,413106.18,Turkey,Partial,No,2018,2024,92.3
718,Czech Republic,CZE,1999,No,No,Central Europe,Prague,NBC Detection Vehicle,CBRN,Land,Fox / TPz Fuchs,293,Reserve,Fair,2006,18,287.64,84278.52,Italy,No,No,2014,2030,98.5
719,Czech Republic,CZE,1999,No,No,Central Europe,Prague,NBC Detection Vehicle,CBRN,Land,Fox / TPz Fuchs,1178,In Maintenance,Needs Repair,2024,0,132.4,155967.2,Israel,No,Yes,2024,2030,53.1
720,Czech Republic,CZE,1999,No,No,Central Europe,Prague,NBC Detection Vehicle,CBRN,Land,Fox / TPz Fuchs,277,In Maintenance,Needs Repair,2018,6,144.02,39893.54,Multi-National,Partial,Yes,2024,2025,61.3
721,Czech Republic,CZE,1999,No,No,Central Europe,Prague,Bridge Layer,Engineering,Land,AVLB / Biber,751,In Maintenance,End-of-Life,2013,11,318.04,238848.04,Germany,Partial,No,2016,2025,70.5
722,Czech Republic,CZE,1999,No,No,Central Europe,Prague,Bridge Layer,Engineering,Land,AVLB / Biber,1971,In Maintenance,Excellent,2016,8,348.42,686735.82,Germany,Partial,Yes,2021,2032,62.1
723,Czech Republic,CZE,1999,No,No,Central Europe,Prague,Bridge Layer,Engineering,Land,AVLB / Biber,1446,In Maintenance,Good,2020,4,137.28,198506.88,France,Yes,No,2020,2030,91.2
724,Czech Republic,CZE,1999,No,No,Central Europe,Prague,Logistics Truck (Heavy),Logistics,Support,HEMTT / MAN HX,765,On Order,Fair,2001,23,247.72,189505.8,Multi-National,Yes,No,2013,2024,96.7
725,Czech Republic,CZE,1999,No,No,Central Europe,Prague,Logistics Truck (Heavy),Logistics,Support,HEMTT / MAN HX,1866,Upgrading,Needs Repair,2005,19,135.3,252469.8,UK,No,Yes,2008,2029,84.5
726,Czech Republic,CZE,1999,No,No,Central Europe,Prague,Logistics Truck (Heavy),Logistics,Support,HEMTT / MAN HX,1174,On Order,Excellent,2010,14,245.37,288064.38,Turkey,No,Yes,2016,2025,66.5
727,Czech Republic,CZE,1999,No,No,Central Europe,Prague,Logistics Truck (Heavy),Logistics,Support,HEMTT / MAN HX,691,In Maintenance,Excellent,1999,25,426.76,294891.16,Multi-National,Partial,Yes,2011,2033,73.1
728,Czech Republic,CZE,1999,No,No,Central Europe,Prague,Mortar System,Artillery,Land,M120 / AMOS,1710,Operational,Good,2008,16,401.11,685898.1,UK,No,No,2020,2035,93.3
729,Czech Republic,CZE,1999,No,No,Central Europe,Prague,Mortar System,Artillery,Land,M120 / AMOS,1446,Decommissioning,Good,2017,7,115.19,166564.74,Turkey,No,No,2017,2035,99.7
730,Czech Republic,CZE,1999,No,No,Central Europe,Prague,Mortar System,Artillery,Land,M120 / AMOS,1213,In Maintenance,End-of-Life,2024,0,323.68,392623.84,Israel,No,Yes,2024,2024,88.6
731,Czech Republic,CZE,1999,No,No,Central Europe,Prague,Mortar System,Artillery,Land,M120 / AMOS,871,On Order,Excellent,2019,5,156.87,136633.77,Israel,Partial,Yes,2019,2032,93.4
732,Czech Republic,CZE,1999,No,No,Central Europe,Prague,Armored Reconnaissance Vehicle,Armored,Land,Fennek / Fuchs,774,Decommissioning,Needs Repair,2013,11,207.13,160318.62,Israel,No,No,2014,2024,48.4
733,Czech Republic,CZE,1999,No,No,Central Europe,Prague,Armored Reconnaissance Vehicle,Armored,Land,Fennek / Fuchs,643,In Maintenance,Fair,2022,2,177.67,114241.81,Germany,Yes,Yes,2022,2026,80.7
734,Czech Republic,CZE,1999,No,No,Central Europe,Prague,Armored Reconnaissance Vehicle,Armored,Land,Fennek / Fuchs,452,Decommissioning,Excellent,2007,17,276.37,124919.24,USA,Yes,No,2020,2032,53.2
735,Czech Republic,CZE,1999,No,No,Central Europe,Prague,Tanker Aircraft,Air Force,Air,KC-135 / A330 MRTT,1001,Operational,Excellent,2010,14,277.93,278207.93,Turkey,No,Yes,2015,2026,78.1
736,Czech Republic,CZE,1999,No,No,Central Europe,Prague,Tanker Aircraft,Air Force,Air,KC-135 / A330 MRTT,567,Reserve,Excellent,2011,13,54.57,30941.19,Germany,Yes,Yes,2023,2029,43.8
737,Czech Republic,CZE,1999,No,No,Central Europe,Prague,Tanker Aircraft,Air Force,Air,KC-135 / A330 MRTT,624,Upgrading,Fair,2011,13,408.63,254985.12,Germany,No,Yes,2012,2032,63.0
738,Czech Republic,CZE,1999,No,No,Central Europe,Prague,Multiple Launch Rocket System,Artillery,Land,M270 / HIMARS / BM-21,1541,Operational,End-of-Life,2003,21,171.13,263711.33,Italy,Partial,No,2022,2034,60.1
739,Czech Republic,CZE,1999,No,No,Central Europe,Prague,Multiple Launch Rocket System,Artillery,Land,M270 / HIMARS / BM-21,1195,In Maintenance,Needs Repair,2023,1,71.5,85442.5,Turkey,No,No,2023,2028,76.4
740,Czech Republic,CZE,1999,No,No,Central Europe,Prague,Multiple Launch Rocket System,Artillery,Land,M270 / HIMARS / BM-21,55,Decommissioning,Fair,2005,19,417.32,22952.6,Domestic,Yes,No,2015,2025,83.6
741,Czech Republic,CZE,1999,No,No,Central Europe,Prague,Patrol Vessel,Naval,Sea,OPV / Fast Attack Craft,1705,Reserve,Fair,2024,0,435.86,743141.3,Multi-National,No,No,2024,2026,72.0
742,Czech Republic,CZE,1999,No,No,Central Europe,Prague,Patrol Vessel,Naval,Sea,OPV / Fast Attack Craft,1099,Reserve,Needs Repair,2006,18,257.91,283443.09,France,Yes,Yes,2014,2029,56.5
743,Czech Republic,CZE,1999,No,No,Central Europe,Prague,Submarine (SSK),Naval,Sea,Type 212 / Gotland,1515,On Order,Needs Repair,2021,3,38.12,57751.8,UK,Partial,Yes,2022,2029,45.6
744,Czech Republic,CZE,1999,No,No,Central Europe,Prague,Submarine (SSK),Naval,Sea,Type 212 / Gotland,535,Upgrading,End-of-Life,2021,3,351.86,188245.1,Multi-National,No,No,2022,2025,48.0
745,Czech Republic,CZE,1999,No,No,Central Europe,Prague,Submarine (SSK),Naval,Sea,Type 212 / Gotland,1411,Decommissioning,Fair,1999,25,130.64,184333.04,UK,Yes,No,2014,2034,66.1
746,Czech Republic,CZE,1999,No,No,Central Europe,Prague,Submarine (SSK),Naval,Sea,Type 212 / Gotland,196,On Order,End-of-Life,2015,9,87.85,17218.6,Italy,Partial,Yes,2015,2025,83.3
747,Czech Republic,CZE,1999,No,No,Central Europe,Prague,Long-Range SAM,Air Defense,Land,Patriot PAC-3 / S-400,985,In Maintenance,End-of-Life,2006,18,39.06,38474.1,USA,No,Yes,2008,2028,53.7
748,Czech Republic,CZE,1999,No,No,Central Europe,Prague,Long-Range SAM,Air Defense,Land,Patriot PAC-3 / S-400,987,On Order,Excellent,2016,8,185.94,183522.78,Domestic,No,Yes,2024,2031,45.8
749,Czech Republic,CZE,1999,No,No,Central Europe,Prague,Long-Range SAM,Air Defense,Land,Patriot PAC-3 / S-400,1261,Decommissioning,Fair,2020,4,182.72,230409.92,Israel,No,Yes,2022,2031,90.3
750,Czech Republic,CZE,1999,No,No,Central Europe,Prague,Long-Range SAM,Air Defense,Land,Patriot PAC-3 / S-400,834,Operational,Good,2019,5,246.79,205822.86,Israel,Partial,Yes,2020,2035,44.3
751,Czech Republic,CZE,1999,No,No,Central Europe,Prague,Armored Personnel Carrier,Armored,Land,M113 / Boxer / BTR-80,369,Operational,Needs Repair,2021,3,334.5,123430.5,Domestic,Yes,Yes,2022,2024,51.1
752,Czech Republic,CZE,1999,No,No,Central Europe,Prague,Armored Personnel Carrier,Armored,Land,M113 / Boxer / BTR-80,1030,On Order,Fair,2012,12,393.49,405294.7,Domestic,Partial,No,2014,2026,57.3
753,Czech Republic,CZE,1999,No,No,Central Europe,Prague,Armored Personnel Carrier,Armored,Land,M113 / Boxer / BTR-80,197,In Maintenance,Excellent,2002,22,130.53,25714.41,Israel,No,No,2003,2025,58.9
754,Czech Republic,CZE,1999,No,No,Central Europe,Prague,Submarine (SSN),Naval,Sea,Virginia-class / Astute-class,656,In Maintenance,Excellent,2022,2,265.18,173958.08,USA,No,No,2022,2027,90.8
755,Czech Republic,CZE,1999,No,No,Central Europe,Prague,Submarine (SSN),Naval,Sea,Virginia-class / Astute-class,1065,In Maintenance,Fair,2003,21,58.36,62153.4,Domestic,Yes,No,2010,2033,47.8
756,Czech Republic,CZE,1999,No,No,Central Europe,Prague,Submarine (SSN),Naval,Sea,Virginia-class / Astute-class,1363,Upgrading,Good,2004,20,21.71,29590.73,Domestic,Yes,Yes,2006,2025,85.4
757,Czech Republic,CZE,1999,No,No,Central Europe,Prague,AWACS Aircraft,Air Force,Air,E-3 Sentry / E-7A,1096,Decommissioning,Excellent,2008,16,94.48,103550.08,France,Yes,Yes,2019,2026,71.0
758,Czech Republic,CZE,1999,No,No,Central Europe,Prague,AWACS Aircraft,Air Force,Air,E-3 Sentry / E-7A,1958,In Maintenance,Good,2002,22,358.57,702080.06,UK,No,No,2023,2028,60.0
759,Czech Republic,CZE,1999,No,No,Central Europe,Prague,AWACS Aircraft,Air Force,Air,E-3 Sentry / E-7A,445,Upgrading,Fair,2008,16,83.96,37362.2,UK,Partial,No,2021,2024,50.4
760,Czech Republic,CZE,1999,No,No,Central Europe,Prague,Self-Propelled Howitzer,Artillery,Land,PzH 2000 / K9 Thunder / Caesar,1050,Reserve,Good,2012,12,193.51,203185.5,Domestic,Partial,No,2015,2030,84.9
761,Czech Republic,CZE,1999,No,No,Central Europe,Prague,Self-Propelled Howitzer,Artillery,Land,PzH 2000 / K9 Thunder / Caesar,1305,In Maintenance,Fair,2020,4,213.36,278434.8,Multi-National,Partial,No,2021,2033,68.3
762,Czech Republic,CZE,1999,No,No,Central Europe,Prague,Self-Propelled Howitzer,Artillery,Land,PzH 2000 / K9 Thunder / Caesar,477,Operational,Fair,2010,14,182.44,87023.88,Germany,No,No,2015,2029,73.7
763,Czech Republic,CZE,1999,No,No,Central Europe,Prague,Self-Propelled Howitzer,Artillery,Land,PzH 2000 / K9 Thunder / Caesar,137,Upgrading,Good,2007,17,219.82,30115.34,Italy,Yes,Yes,2020,2030,58.0
764,Czech Republic,CZE,1999,No,No,Central Europe,Prague,Strategic Bomber,Air Force,Air,B-52 / B-2 Spirit,970,In Maintenance,Good,2024,0,446.68,433279.6,Israel,Partial,No,2024,2028,92.6
765,Czech Republic,CZE,1999,No,No,Central Europe,Prague,Strategic Bomber,Air Force,Air,B-52 / B-2 Spirit,1594,Upgrading,Needs Repair,2007,17,415.75,662705.5,Italy,Partial,Yes,2017,2027,73.6
766,Czech Republic,CZE,1999,No,No,Central Europe,Prague,Strategic Bomber,Air Force,Air,B-52 / B-2 Spirit,1433,Upgrading,Good,2021,3,315.02,451423.66,Multi-National,No,Yes,2022,2028,52.1
767,Czech Republic,CZE,1999,No,No,Central Europe,Prague,Mine Countermeasure Vessel,Naval,Sea,Hunt-class / Alkmaar,1548,Decommissioning,Good,2011,13,222.49,344414.52,UK,Yes,No,2018,2025,49.4
768,Czech Republic,CZE,1999,No,No,Central Europe,Prague,Mine Countermeasure Vessel,Naval,Sea,Hunt-class / Alkmaar,939,Upgrading,Good,2019,5,314.18,295015.02,Multi-National,Yes,No,2021,2027,96.3
769,Czech Republic,CZE,1999,No,No,Central Europe,Prague,Mine Countermeasure Vessel,Naval,Sea,Hunt-class / Alkmaar,588,Decommissioning,Needs Repair,2012,12,247.06,145271.28,France,Partial,Yes,2018,2025,63.6
770,Czech Republic,CZE,1999,No,No,Central Europe,Prague,Mine Countermeasure Vessel,Naval,Sea,Hunt-class / Alkmaar,1104,Upgrading,End-of-Life,2003,21,133.57,147461.28,France,Partial,Yes,2016,2025,61.2
771,Czech Republic,CZE,1999,No,No,Central Europe,Prague,Field Hospital,Medical,Support,Role 2 / Role 3 Hospital,1381,Upgrading,End-of-Life,2015,9,37.94,52395.14,France,Partial,No,2016,2024,54.7
772,Czech Republic,CZE,1999,No,No,Central Europe,Prague,Field Hospital,Medical,Support,Role 2 / Role 3 Hospital,1020,In Maintenance,Needs Repair,2024,0,94.09,95971.8,Domestic,No,Yes,2024,2025,56.4
773,Czech Republic,CZE,1999,No,No,Central Europe,Prague,Anti-Drone System,Air Defense,Land,DroneShield / AUDS / Skyfend,869,On Order,Excellent,2014,10,431.54,375008.26,Multi-National,Yes,No,2018,2033,52.5
774,Czech Republic,CZE,1999,No,No,Central Europe,Prague,Anti-Drone System,Air Defense,Land,DroneShield / AUDS / Skyfend,271,Upgrading,Good,2002,22,440.58,119397.18,UK,No,No,2007,2029,78.5
775,Czech Republic,CZE,1999,No,No,Central Europe,Prague,Anti-Drone System,Air Defense,Land,DroneShield / AUDS / Skyfend,1718,On Order,Good,2003,21,337.03,579017.54,Israel,Partial,No,2014,2030,52.3
776,Czech Republic,CZE,1999,No,No,Central Europe,Prague,Anti-Drone System,Air Defense,Land,DroneShield / AUDS / Skyfend,1673,Upgrading,Good,2005,19,269.23,450421.79,UK,Yes,Yes,2017,2033,55.7
777,Czech Republic,CZE,1999,No,No,Central Europe,Prague,Patrol Aircraft,Air Force,Air,P-8 Poseidon / Atlantic,165,On Order,Needs Repair,2020,4,49.87,8228.55,Israel,Partial,No,2024,2031,45.3
778,Czech Republic,CZE,1999,No,No,Central Europe,Prague,Patrol Aircraft,Air Force,Air,P-8 Poseidon / Atlantic,841,Operational,Needs Repair,2013,11,445.31,374505.71,Multi-National,Yes,Yes,2018,2027,75.9
779,Czech Republic,CZE,1999,No,No,Central Europe,Prague,Patrol Aircraft,Air Force,Air,P-8 Poseidon / Atlantic,69,Operational,Good,2002,22,430.19,29683.11,Italy,Partial,Yes,2005,2030,86.5
780,Czech Republic,CZE,1999,No,No,Central Europe,Prague,Patrol Aircraft,Air Force,Air,P-8 Poseidon / Atlantic,507,On Order,End-of-Life,2017,7,270.93,137361.51,Domestic,Yes,Yes,2020,2027,56.3
781,Czech Republic,CZE,1999,No,No,Central Europe,Prague,Short-Range Air Defense,Air Defense,Land,SHORAD / Gepard / Stinger,443,Upgrading,Needs Repair,2014,10,412.98,182950.14,France,Partial,No,2022,2025,56.9
782,Czech Republic,CZE,1999,No,No,Central Europe,Prague,Short-Range Air Defense,Air Defense,Land,SHORAD / Gepard / Stinger,1692,On Order,Fair,2017,7,245.7,415724.4,USA,Partial,Yes,2018,2030,69.6
783,Czech Republic,CZE,1999,No,No,Central Europe,Prague,Short-Range Air Defense,Air Defense,Land,SHORAD / Gepard / Stinger,445,Reserve,End-of-Life,2000,24,33.72,15005.4,USA,Yes,No,2000,2028,74.6
784,Czech Republic,CZE,1999,No,No,Central Europe,Prague,Logistics Support Vessel,Naval,Sea,Supply / Berlin-class,1210,Operational,Excellent,2020,4,296.13,358317.3,UK,Partial,Yes,2020,2026,71.7
785,Czech Republic,CZE,1999,No,No,Central Europe,Prague,Logistics Support Vessel,Naval,Sea,Supply / Berlin-class,1703,Operational,Needs Repair,2012,12,384.02,653986.06,Multi-National,Yes,Yes,2021,2033,42.4
786,Czech Republic,CZE,1999,No,No,Central Europe,Prague,Logistics Support Vessel,Naval,Sea,Supply / Berlin-class,599,In Maintenance,Fair,2003,21,55.34,33148.66,Multi-National,Partial,No,2012,2032,55.6
787,Czech Republic,CZE,1999,No,No,Central Europe,Prague,Logistics Support Vessel,Naval,Sea,Supply / Berlin-class,321,In Maintenance,Excellent,2000,24,94.68,30392.28,Israel,Yes,No,2018,2034,45.8
788,Czech Republic,CZE,1999,No,No,Central Europe,Prague,Frigate,Naval,Sea,FREMM / Type 23 / FREMM,206,Upgrading,Excellent,2005,19,414.39,85364.34,USA,No,No,2008,2035,92.9
789,Czech Republic,CZE,1999,No,No,Central Europe,Prague,Frigate,Naval,Sea,FREMM / Type 23 / FREMM,1621,In Maintenance,Excellent,2014,10,52.64,85329.44,UK,Yes,Yes,2018,2031,80.1
790,Czech Republic,CZE,1999,No,No,Central Europe,Prague,Frigate,Naval,Sea,FREMM / Type 23 / FREMM,10,Decommissioning,End-of-Life,2004,20,436.81,4368.1,USA,No,Yes,2007,2026,90.3
791,Czech Republic,CZE,1999,No,No,Central Europe,Prague,Frigate,Naval,Sea,FREMM / Type 23 / FREMM,942,In Maintenance,Needs Repair,2019,5,134.93,127104.06,USA,Partial,Yes,2022,2031,90.9
792,Czech Republic,CZE,1999,No,No,Central Europe,Prague,Amphibious Assault Ship,Naval,Sea,USS America / HMS Albion,1007,Upgrading,Good,2011,13,132.91,133840.37,USA,Yes,Yes,2011,2034,69.9
793,Czech Republic,CZE,1999,No,No,Central Europe,Prague,Amphibious Assault Ship,Naval,Sea,USS America / HMS Albion,1260,Upgrading,Excellent,2002,22,296.1,373086.0,UK,Yes,Yes,2022,2026,47.1
794,Czech Republic,CZE,1999,No,No,Central Europe,Prague,Amphibious Assault Ship,Naval,Sea,USS America / HMS Albion,583,In Maintenance,Excellent,2000,24,34.72,20241.76,Italy,Yes,No,2001,2030,75.7
795,Czech Republic,CZE,1999,No,No,Central Europe,Prague,Maritime Helicopter,Aviation,Air,AW159 / MH-60R,1979,Operational,Needs Repair,2020,4,83.9,166038.1,Multi-National,No,No,2022,2026,99.8
796,Czech Republic,CZE,1999,No,No,Central Europe,Prague,Maritime Helicopter,Aviation,Air,AW159 / MH-60R,361,On Order,Fair,2023,1,295.37,106628.57,USA,Yes,Yes,2024,2028,69.1
797,Czech Republic,CZE,1999,No,No,Central Europe,Prague,Maritime Helicopter,Aviation,Air,AW159 / MH-60R,1658,Upgrading,End-of-Life,2001,23,420.44,697089.52,Multi-National,Partial,No,2017,2032,94.8
798,Czech Republic,CZE,1999,No,No,Central Europe,Prague,Ground Attack Aircraft,Air Force,Air,A-10 / Tornado IDS,874,Decommissioning,End-of-Life,2011,13,272.23,237929.02,France,Yes,Yes,2016,2025,75.4
799,Czech Republic,CZE,1999,No,No,Central Europe,Prague,Ground Attack Aircraft,Air Force,Air,A-10 / Tornado IDS,1289,Upgrading,Needs Repair,2021,3,328.85,423887.65,Italy,Partial,No,2022,2029,61.8
800,Czech Republic,CZE,1999,No,No,Central Europe,Prague,Ground Attack Aircraft,Air Force,Air,A-10 / Tornado IDS,1035,In Maintenance,Needs Repair,2008,16,398.99,412954.65,USA,No,Yes,2020,2030,48.0
801,Czech Republic,CZE,1999,No,No,Central Europe,Prague,Sniper Rifle System,Small Arms,Land,Barrett M82 / Accuracy Int.,742,Reserve,Needs Repair,2011,13,165.45,122763.9,Domestic,No,Yes,2021,2024,45.0
802,Czech Republic,CZE,1999,No,No,Central Europe,Prague,Sniper Rifle System,Small Arms,Land,Barrett M82 / Accuracy Int.,1761,Operational,Good,2019,5,414.48,729899.28,Domestic,No,No,2020,2028,42.4
803,Czech Republic,CZE,1999,No,No,Central Europe,Prague,Sniper Rifle System,Small Arms,Land,Barrett M82 / Accuracy Int.,1436,Operational,Excellent,2015,9,200.56,288004.16,Domestic,Partial,No,2021,2032,75.9
804,Czech Republic,CZE,1999,No,No,Central Europe,Prague,Sniper Rifle System,Small Arms,Land,Barrett M82 / Accuracy Int.,1378,Operational,Needs Repair,2007,17,444.73,612837.94,Germany,Partial,Yes,2007,2031,64.4
805,Czech Republic,CZE,1999,No,No,Central Europe,Prague,Satellite Terminal,Communications,Digital,SATCOM / JTRS,1029,Reserve,Good,2022,2,50.54,52005.66,Germany,Yes,Yes,2024,2026,50.8
806,Czech Republic,CZE,1999,No,No,Central Europe,Prague,Satellite Terminal,Communications,Digital,SATCOM / JTRS,1140,Decommissioning,Fair,2003,21,128.12,146056.8,Turkey,No,Yes,2019,2027,61.4
807,Czech Republic,CZE,1999,No,No,Central Europe,Prague,UAV / Drone,Air Force,Air,MQ-9 Reaper / Bayraktar TB2,1212,Operational,Fair,2018,6,134.07,162492.84,USA,Yes,No,2021,2033,88.1
808,Czech Republic,CZE,1999,No,No,Central Europe,Prague,UAV / Drone,Air Force,Air,MQ-9 Reaper / Bayraktar TB2,469,Operational,Excellent,2010,14,400.51,187839.19,France,No,Yes,2023,2029,51.6
809,Czech Republic,CZE,1999,No,No,Central Europe,Prague,UAV / Drone,Air Force,Air,MQ-9 Reaper / Bayraktar TB2,1982,In Maintenance,Good,2023,1,424.68,841715.76,Multi-National,Partial,Yes,2023,2030,57.3
810,Czech Republic,CZE,1999,No,No,Central Europe,Prague,UAV / Drone,Air Force,Air,MQ-9 Reaper / Bayraktar TB2,1311,Reserve,Needs Repair,2021,3,421.24,552245.64,Multi-National,Yes,No,2022,2024,47.6
811,Denmark,DNK,1949,Yes,No,Northern Europe,Copenhagen,Armored Reconnaissance Vehicle,Armored,Land,Fennek / Fuchs,1550,Decommissioning,Excellent,1994,30,224.23,347556.5,France,No,Yes,2015,2026,45.8
812,Denmark,DNK,1949,Yes,No,Northern Europe,Copenhagen,Armored Reconnaissance Vehicle,Armored,Land,Fennek / Fuchs,1689,In Maintenance,Needs Repair,2006,18,113.14,191093.46,Domestic,No,No,2023,2029,97.4
813,Denmark,DNK,1949,Yes,No,Northern Europe,Copenhagen,Light Tank,Armored,Land,CV90105 / AMX-10RC,1608,Reserve,Excellent,1997,27,266.76,428950.08,Multi-National,No,Yes,2015,2035,40.0
814,Denmark,DNK,1949,Yes,No,Northern Europe,Copenhagen,Light Tank,Armored,Land,CV90105 / AMX-10RC,860,Operational,Fair,2005,19,255.11,219394.6,Italy,Yes,No,2005,2030,44.0
815,Denmark,DNK,1949,Yes,No,Northern Europe,Copenhagen,Light Tank,Armored,Land,CV90105 / AMX-10RC,101,Upgrading,Good,1999,25,149.54,15103.54,France,No,No,2010,2031,93.5
816,Denmark,DNK,1949,Yes,No,Northern Europe,Copenhagen,Attack Helicopter,Aviation,Air,AH-64 Apache / Tiger / NH90,819,Upgrading,Excellent,1990,34,65.18,53382.42,France,No,Yes,2009,2033,93.8
817,Denmark,DNK,1949,Yes,No,Northern Europe,Copenhagen,Attack Helicopter,Aviation,Air,AH-64 Apache / Tiger / NH90,121,On Order,Excellent,1967,57,161.29,19516.09,Multi-National,No,Yes,1997,2035,63.9
818,Denmark,DNK,1949,Yes,No,Northern Europe,Copenhagen,Towed Howitzer,Artillery,Land,M777 / FH70 / D-30,331,Reserve,Needs Repair,2000,24,133.44,44168.64,Turkey,Yes,No,2000,2032,56.9
819,Denmark,DNK,1949,Yes,No,Northern Europe,Copenhagen,Towed Howitzer,Artillery,Land,M777 / FH70 / D-30,379,Reserve,Good,1980,44,334.9,126927.1,France,No,Yes,1982,2028,44.8
820,Denmark,DNK,1949,Yes,No,Northern Europe,Copenhagen,Towed Howitzer,Artillery,Land,M777 / FH70 / D-30,1454,On Order,Fair,1966,58,138.86,201902.44,Italy,Yes,No,2004,2025,59.6
821,Denmark,DNK,1949,Yes,No,Northern Europe,Copenhagen,Towed Howitzer,Artillery,Land,M777 / FH70 / D-30,694,Decommissioning,Excellent,1990,34,206.61,143387.34,Israel,Yes,No,2014,2024,49.7
822,Denmark,DNK,1949,Yes,No,Northern Europe,Copenhagen,Radar System,Electronics,Land,AN/TPY-2 / AN/MPQ-65,757,In Maintenance,Good,2007,17,28.11,21279.27,Germany,Partial,No,2016,2029,50.9
823,Denmark,DNK,1949,Yes,No,Northern Europe,Copenhagen,Radar System,Electronics,Land,AN/TPY-2 / AN/MPQ-65,457,Decommissioning,Good,1960,64,145.31,66406.67,Multi-National,No,Yes,1965,2028,41.2
824,Denmark,DNK,1949,Yes,No,Northern Europe,Copenhagen,Air Superiority Fighter,Air Force,Air,F-22 / Typhoon,1241,On Order,End-of-Life,2005,19,176.84,219458.44,USA,No,Yes,2008,2031,57.7
825,Denmark,DNK,1949,Yes,No,Northern Europe,Copenhagen,Air Superiority Fighter,Air Force,Air,F-22 / Typhoon,323,Operational,Fair,1967,57,373.23,120553.29,USA,No,No,2001,2026,94.2
826,Denmark,DNK,1949,Yes,No,Northern Europe,Copenhagen,Maritime Helicopter,Aviation,Air,AW159 / MH-60R,1403,Upgrading,Needs Repair,1980,44,265.86,373001.58,France,No,Yes,2005,2027,99.1
827,Denmark,DNK,1949,Yes,No,Northern Europe,Copenhagen,Maritime Helicopter,Aviation,Air,AW159 / MH-60R,1680,In Maintenance,Excellent,1995,29,338.31,568360.8,France,Partial,Yes,2011,2024,58.1
828,Denmark,DNK,1949,Yes,No,Northern Europe,Copenhagen,Maritime Helicopter,Aviation,Air,AW159 / MH-60R,1599,In Maintenance,Excellent,1995,29,3.91,6252.09,Israel,Yes,Yes,1998,2033,54.3
829,Denmark,DNK,1949,Yes,No,Northern Europe,Copenhagen,Multirole Aircraft,Air Force,Air,F-35 / Rafale / F/A-18,435,Upgrading,End-of-Life,1997,27,278.74,121251.9,Turkey,Yes,Yes,1997,2024,78.7
830,Denmark,DNK,1949,Yes,No,Northern Europe,Copenhagen,Multirole Aircraft,Air Force,Air,F-35 / Rafale / F/A-18,378,Upgrading,Excellent,2024,0,291.79,110296.62,Israel,Yes,Yes,2024,2030,82.9
831,Denmark,DNK,1949,Yes,No,Northern Europe,Copenhagen,Sniper Rifle System,Small Arms,Land,Barrett M82 / Accuracy Int.,577,On Order,Fair,2013,11,29.26,16883.02,Italy,Partial,No,2013,2035,66.9
832,Denmark,DNK,1949,Yes,No,Northern Europe,Copenhagen,Sniper Rifle System,Small Arms,Land,Barrett M82 / Accuracy Int.,1275,Reserve,Fair,1968,56,102.49,130674.75,France,Yes,Yes,1973,2030,79.0
833,Denmark,DNK,1949,Yes,No,Northern Europe,Copenhagen,Sniper Rifle System,Small Arms,Land,Barrett M82 / Accuracy Int.,961,Decommissioning,Excellent,2009,15,412.26,396181.86,UK,No,No,2018,2031,84.0
834,Denmark,DNK,1949,Yes,No,Northern Europe,Copenhagen,Sniper Rifle System,Small Arms,Land,Barrett M82 / Accuracy Int.,1717,On Order,Excellent,1981,43,200.05,343485.85,UK,No,Yes,2024,2033,81.9
835,Denmark,DNK,1949,Yes,No,Northern Europe,Copenhagen,Ballistic Missile Defense,Strategic,Land,THAAD / Aegis Ashore,1886,Upgrading,Needs Repair,1960,64,301.7,569006.2,Israel,Partial,No,2003,2024,60.6
836,Denmark,DNK,1949,Yes,No,Northern Europe,Copenhagen,Ballistic Missile Defense,Strategic,Land,THAAD / Aegis Ashore,1351,Upgrading,Excellent,2010,14,291.82,394248.82,Germany,Yes,Yes,2018,2025,89.2
837,Denmark,DNK,1949,Yes,No,Northern Europe,Copenhagen,Ammunition Supply Vehicle,Logistics,Support,PLS / DROPS,659,Upgrading,Excellent,2011,13,246.57,162489.63,Domestic,Yes,Yes,2014,2025,80.4
838,Denmark,DNK,1949,Yes,No,Northern Europe,Copenhagen,Ammunition Supply Vehicle,Logistics,Support,PLS / DROPS,802,On Order,Needs Repair,2011,13,281.92,226099.84,Domestic,No,No,2021,2030,52.2
839,Denmark,DNK,1949,Yes,No,Northern Europe,Copenhagen,Ammunition Supply Vehicle,Logistics,Support,PLS / DROPS,505,On Order,Needs Repair,1967,57,68.45,34567.25,USA,Partial,No,2004,2026,44.3
840,Denmark,DNK,1949,Yes,No,Northern Europe,Copenhagen,Ammunition Supply Vehicle,Logistics,Support,PLS / DROPS,284,Decommissioning,Fair,1998,26,368.52,104659.68,Multi-National,No,No,2005,2031,45.0
841,Denmark,DNK,1949,Yes,No,Northern Europe,Copenhagen,Bridge Layer,Engineering,Land,AVLB / Biber,1734,In Maintenance,Excellent,1969,55,273.02,473416.68,Domestic,Yes,Yes,1998,2029,86.3
842,Denmark,DNK,1949,Yes,No,Northern Europe,Copenhagen,Bridge Layer,Engineering,Land,AVLB / Biber,505,Decommissioning,Good,2022,2,338.68,171033.4,France,Partial,Yes,2022,2026,55.6
843,Denmark,DNK,1949,Yes,No,Northern Europe,Copenhagen,Bridge Layer,Engineering,Land,AVLB / Biber,707,Upgrading,End-of-Life,2014,10,383.23,270943.61,France,Yes,No,2022,2035,55.4
844,Denmark,DNK,1949,Yes,No,Northern Europe,Copenhagen,Mortar System,Artillery,Land,M120 / AMOS,1351,On Order,Needs Repair,2020,4,91.17,123170.67,Israel,No,Yes,2022,2027,95.1
845,Denmark,DNK,1949,Yes,No,Northern Europe,Copenhagen,Mortar System,Artillery,Land,M120 / AMOS,287,Reserve,Excellent,1955,69,42.86,12300.82,Israel,No,Yes,2009,2030,57.5
846,Denmark,DNK,1949,Yes,No,Northern Europe,Copenhagen,Mortar System,Artillery,Land,M120 / AMOS,884,In Maintenance,Fair,2006,18,389.68,344477.12,USA,Yes,No,2011,2028,58.9
847,Denmark,DNK,1949,Yes,No,Northern Europe,Copenhagen,Corvette,Naval,Sea,Skjold / Visby / Burak,453,Reserve,Needs Repair,1981,43,220.31,99800.43,Italy,No,No,2007,2028,71.7
848,Denmark,DNK,1949,Yes,No,Northern Europe,Copenhagen,Corvette,Naval,Sea,Skjold / Visby / Burak,1049,In Maintenance,Good,1987,37,265.11,278100.39,UK,Partial,No,2010,2025,41.3
849,Denmark,DNK,1949,Yes,No,Northern Europe,Copenhagen,Corvette,Naval,Sea,Skjold / Visby / Burak,835,Upgrading,End-of-Life,1967,57,142.05,118611.75,Germany,Partial,No,1987,2030,72.0
850,Denmark,DNK,1949,Yes,No,Northern Europe,Copenhagen,NBC Detection Vehicle,CBRN,Land,Fox / TPz Fuchs,1760,On Order,Excellent,1964,60,64.78,114012.8,Israel,Yes,No,2020,2030,82.6
851,Denmark,DNK,1949,Yes,No,Northern Europe,Copenhagen,NBC Detection Vehicle,CBRN,Land,Fox / TPz Fuchs,369,On Order,Excellent,1979,45,332.99,122873.31,Turkey,Partial,Yes,1995,2034,92.6
852,Denmark,DNK,1949,Yes,No,Northern Europe,Copenhagen,NBC Detection Vehicle,CBRN,Land,Fox / TPz Fuchs,1776,Decommissioning,Excellent,1967,57,33.29,59123.04,UK,No,No,2024,2024,51.1
853,Denmark,DNK,1949,Yes,No,Northern Europe,Copenhagen,Ground Attack Aircraft,Air Force,Air,A-10 / Tornado IDS,601,On Order,Excellent,2013,11,207.93,124965.93,UK,No,No,2024,2033,67.8
854,Denmark,DNK,1949,Yes,No,Northern Europe,Copenhagen,Ground Attack Aircraft,Air Force,Air,A-10 / Tornado IDS,1798,Decommissioning,Fair,1967,57,168.42,302819.16,Domestic,No,Yes,1980,2027,78.9
855,Denmark,DNK,1949,Yes,No,Northern Europe,Copenhagen,Logistics Truck (Heavy),Logistics,Support,HEMTT / MAN HX,276,Decommissioning,Good,1961,63,132.03,36440.28,France,Yes,No,1980,2035,43.4
856,Denmark,DNK,1949,Yes,No,Northern Europe,Copenhagen,Logistics Truck (Heavy),Logistics,Support,HEMTT / MAN HX,1164,On Order,Needs Repair,1984,40,142.84,166265.76,Turkey,No,No,1984,2030,51.8
857,Denmark,DNK,1949,Yes,No,Northern Europe,Copenhagen,Logistics Truck (Heavy),Logistics,Support,HEMTT / MAN HX,1292,Decommissioning,Needs Repair,1978,46,302.07,390274.44,France,Yes,Yes,1982,2026,92.9
858,Denmark,DNK,1949,Yes,No,Northern Europe,Copenhagen,Logistics Truck (Heavy),Logistics,Support,HEMTT / MAN HX,1692,Operational,End-of-Life,1969,55,12.67,21437.64,UK,Partial,No,1977,2030,88.9
859,Denmark,DNK,1949,Yes,No,Northern Europe,Copenhagen,Submarine (SSN),Naval,Sea,Virginia-class / Astute-class,418,In Maintenance,Needs Repair,1976,48,446.79,186758.22,Turkey,Partial,No,1977,2032,50.0
860,Denmark,DNK,1949,Yes,No,Northern Europe,Copenhagen,Submarine (SSN),Naval,Sea,Virginia-class / Astute-class,1417,Upgrading,Excellent,2019,5,272.56,386217.52,France,No,Yes,2021,2034,80.6
861,Denmark,DNK,1949,Yes,No,Northern Europe,Copenhagen,Submarine (SSN),Naval,Sea,Virginia-class / Astute-class,1244,Decommissioning,Good,1986,38,400.85,498657.4,Domestic,Partial,No,2012,2028,74.0
862,Denmark,DNK,1949,Yes,No,Northern Europe,Copenhagen,Submarine (SSN),Naval,Sea,Virginia-class / Astute-class,1709,In Maintenance,Good,1956,68,51.62,88218.58,UK,Partial,No,1967,2033,95.7
863,Denmark,DNK,1949,Yes,No,Northern Europe,Copenhagen,Strategic Transport Aircraft,Air Force,Air,C-17 / A400M / C-130,104,Reserve,Fair,1950,74,35.31,3672.24,Israel,Yes,No,1994,2032,82.9
864,Denmark,DNK,1949,Yes,No,Northern Europe,Copenhagen,Strategic Transport Aircraft,Air Force,Air,C-17 / A400M / C-130,1834,Operational,Good,1957,67,243.63,446817.42,Multi-National,Partial,Yes,1993,2028,78.2
865,Denmark,DNK,1949,Yes,No,Northern Europe,Copenhagen,Strategic Transport Aircraft,Air Force,Air,C-17 / A400M / C-130,127,In Maintenance,Excellent,1986,38,28.12,3571.24,Italy,No,No,2018,2029,44.5
866,Denmark,DNK,1949,Yes,No,Northern Europe,Copenhagen,UAV / Drone,Air Force,Air,MQ-9 Reaper / Bayraktar TB2,1709,On Order,Excellent,1992,32,86.32,147520.88,UK,Partial,Yes,2022,2028,67.4
867,Denmark,DNK,1949,Yes,No,Northern Europe,Copenhagen,UAV / Drone,Air Force,Air,MQ-9 Reaper / Bayraktar TB2,723,Operational,End-of-Life,2014,10,22.95,16592.85,Domestic,Yes,No,2022,2029,62.8
868,Denmark,DNK,1949,Yes,No,Northern Europe,Copenhagen,Fighter Jet,Air Force,Air,F-16 / Gripen / Typhoon,227,Upgrading,End-of-Life,2012,12,378.44,85905.88,UK,Yes,Yes,2021,2024,49.3
869,Denmark,DNK,1949,Yes,No,Northern Europe,Copenhagen,Fighter Jet,Air Force,Air,F-16 / Gripen / Typhoon,949,Decommissioning,End-of-Life,1963,61,182.46,173154.54,Multi-National,Partial,Yes,1993,2035,46.2
870,Denmark,DNK,1949,Yes,No,Northern Europe,Copenhagen,Fighter Jet,Air Force,Air,F-16 / Gripen / Typhoon,193,Upgrading,Needs Repair,1963,61,164.93,31831.49,Multi-National,No,Yes,1968,2033,74.2
871,Denmark,DNK,1949,Yes,No,Northern Europe,Copenhagen,Anti-Tank Missile System,Anti-Armor,Land,Javelin / SPIKE / Milan,900,On Order,End-of-Life,1995,29,260.82,234738.0,France,Partial,Yes,2000,2030,43.9
872,Denmark,DNK,1949,Yes,No,Northern Europe,Copenhagen,Anti-Tank Missile System,Anti-Armor,Land,Javelin / SPIKE / Milan,1783,Operational,Fair,1955,69,323.88,577478.04,Multi-National,Yes,No,1979,2028,61.4
873,Denmark,DNK,1949,Yes,No,Northern Europe,Copenhagen,Anti-Tank Missile System,Anti-Armor,Land,Javelin / SPIKE / Milan,1106,Upgrading,Fair,1958,66,264.83,292901.98,Turkey,Partial,Yes,2005,2027,61.8
874,Denmark,DNK,1949,Yes,No,Northern Europe,Copenhagen,Tanker Aircraft,Air Force,Air,KC-135 / A330 MRTT,508,Decommissioning,Good,2024,0,295.43,150078.44,UK,Yes,No,2024,2034,48.5
875,Denmark,DNK,1949,Yes,No,Northern Europe,Copenhagen,Tanker Aircraft,Air Force,Air,KC-135 / A330 MRTT,960,Operational,Excellent,2011,13,151.15,145104.0,Italy,Partial,No,2017,2030,72.8
876,Denmark,DNK,1949,Yes,No,Northern Europe,Copenhagen,Transport Helicopter,Aviation,Air,CH-47 Chinook / NH90,1781,In Maintenance,Excellent,1976,48,2.43,4327.83,Germany,Partial,No,1989,2026,94.0
877,Denmark,DNK,1949,Yes,No,Northern Europe,Copenhagen,Transport Helicopter,Aviation,Air,CH-47 Chinook / NH90,948,Upgrading,Needs Repair,1972,52,215.81,204587.88,Multi-National,Partial,Yes,1988,2029,44.2
878,Denmark,DNK,1949,Yes,No,Northern Europe,Copenhagen,Transport Helicopter,Aviation,Air,CH-47 Chinook / NH90,761,In Maintenance,End-of-Life,1957,67,74.49,56686.89,Italy,No,No,1970,2027,40.3
879,Denmark,DNK,1949,Yes,No,Northern Europe,Copenhagen,Transport Helicopter,Aviation,Air,CH-47 Chinook / NH90,1116,Operational,End-of-Life,2009,15,368.27,410989.32,Turkey,Yes,Yes,2023,2027,73.3
880,Denmark,DNK,1949,Yes,No,Northern Europe,Copenhagen,Satellite Terminal,Communications,Digital,SATCOM / JTRS,1731,Upgrading,Needs Repair,1971,53,427.58,740140.98,Turkey,Partial,Yes,1978,2032,57.5
881,Denmark,DNK,1949,Yes,No,Northern Europe,Copenhagen,Satellite Terminal,Communications,Digital,SATCOM / JTRS,655,Upgrading,End-of-Life,1966,58,312.14,204451.7,Israel,Yes,Yes,2015,2033,43.7
882,Denmark,DNK,1949,Yes,No,Northern Europe,Copenhagen,Satellite Terminal,Communications,Digital,SATCOM / JTRS,908,Operational,Good,1960,64,66.32,60218.56,UK,Yes,Yes,1997,2034,57.4
883,Denmark,DNK,1949,Yes,No,Northern Europe,Copenhagen,Satellite Terminal,Communications,Digital,SATCOM / JTRS,445,On Order,Needs Repair,1956,68,157.29,69994.05,Turkey,No,Yes,2010,2025,80.6
884,Denmark,DNK,1949,Yes,No,Northern Europe,Copenhagen,Strategic Bomber,Air Force,Air,B-52 / B-2 Spirit,1294,Reserve,End-of-Life,2010,14,49.2,63664.8,Israel,No,No,2016,2031,64.4
885,Denmark,DNK,1949,Yes,No,Northern Europe,Copenhagen,Strategic Bomber,Air Force,Air,B-52 / B-2 Spirit,85,In Maintenance,Good,1998,26,236.04,20063.4,UK,No,Yes,1998,2033,82.7
886,Denmark,DNK,1949,Yes,No,Northern Europe,Copenhagen,Strategic Bomber,Air Force,Air,B-52 / B-2 Spirit,313,Reserve,Good,1970,54,421.31,131870.03,Israel,Partial,No,1982,2031,77.4
887,Denmark,DNK,1949,Yes,No,Northern Europe,Copenhagen,Strategic Bomber,Air Force,Air,B-52 / B-2 Spirit,1962,Operational,End-of-Life,1973,51,57.67,113148.54,USA,No,Yes,2012,2035,40.8
888,Denmark,DNK,1949,Yes,No,Northern Europe,Copenhagen,Anti-Drone System,Air Defense,Land,DroneShield / AUDS / Skyfend,743,In Maintenance,Needs Repair,1986,38,215.47,160094.21,Domestic,Yes,No,2017,2034,75.1
889,Denmark,DNK,1949,Yes,No,Northern Europe,Copenhagen,Anti-Drone System,Air Defense,Land,DroneShield / AUDS / Skyfend,171,On Order,Excellent,1992,32,17.2,2941.2,Domestic,Yes,No,2001,2030,40.5
890,Denmark,DNK,1949,Yes,No,Northern Europe,Copenhagen,Self-Propelled Howitzer,Artillery,Land,PzH 2000 / K9 Thunder / Caesar,68,Decommissioning,End-of-Life,1967,57,180.9,12301.2,France,Partial,No,2021,2031,94.5
891,Denmark,DNK,1949,Yes,No,Northern Europe,Copenhagen,Self-Propelled Howitzer,Artillery,Land,PzH 2000 / K9 Thunder / Caesar,1226,In Maintenance,Good,2008,16,388.65,476484.9,Italy,No,Yes,2019,2031,93.6
892,Denmark,DNK,1949,Yes,No,Northern Europe,Copenhagen,Self-Propelled Howitzer,Artillery,Land,PzH 2000 / K9 Thunder / Caesar,1231,Decommissioning,Needs Repair,1973,51,48.95,60257.45,Turkey,Partial,Yes,1989,2030,54.5
893,Denmark,DNK,1949,Yes,No,Northern Europe,Copenhagen,Self-Propelled Howitzer,Artillery,Land,PzH 2000 / K9 Thunder / Caesar,1837,On Order,Needs Repair,2014,10,415.9,764008.3,UK,Partial,Yes,2016,2024,92.5
894,Denmark,DNK,1949,Yes,No,Northern Europe,Copenhagen,Infantry Fighting Vehicle,Armored,Land,Bradley / Puma / AS-21,1932,On Order,Needs Repair,2013,11,311.86,602513.52,Israel,No,Yes,2021,2026,58.6
895,Denmark,DNK,1949,Yes,No,Northern Europe,Copenhagen,Infantry Fighting Vehicle,Armored,Land,Bradley / Puma / AS-21,1105,Decommissioning,Good,1992,32,119.11,131616.55,Turkey,Partial,Yes,2010,2024,42.4
896,Denmark,DNK,1949,Yes,No,Northern Europe,Copenhagen,Submarine (SSK),Naval,Sea,Type 212 / Gotland,1413,Upgrading,Excellent,1968,56,9.85,13918.05,USA,No,No,2018,2024,59.1
897,Denmark,DNK,1949,Yes,No,Northern Europe,Copenhagen,Submarine (SSK),Naval,Sea,Type 212 / Gotland,1208,Reserve,Fair,1953,71,251.99,304403.92,France,Yes,No,1967,2030,97.2
898,Denmark,DNK,1949,Yes,No,Northern Europe,Copenhagen,Mine Countermeasure Vessel,Naval,Sea,Hunt-class / Alkmaar,1496,On Order,Good,1957,67,395.66,591907.36,France,No,No,1984,2030,75.8
899,Denmark,DNK,1949,Yes,No,Northern Europe,Copenhagen,Mine Countermeasure Vessel,Naval,Sea,Hunt-class / Alkmaar,1563,Operational,Excellent,1975,49,365.41,571135.83,Domestic,Partial,Yes,2012,2024,71.5
900,Denmark,DNK,1949,Yes,No,Northern Europe,Copenhagen,AWACS Aircraft,Air Force,Air,E-3 Sentry / E-7A,1207,Upgrading,End-of-Life,1980,44,30.15,36391.05,USA,Partial,Yes,1999,2032,97.9
901,Denmark,DNK,1949,Yes,No,Northern Europe,Copenhagen,AWACS Aircraft,Air Force,Air,E-3 Sentry / E-7A,357,In Maintenance,Fair,2017,7,289.84,103472.88,UK,Yes,No,2019,2033,80.9
902,Denmark,DNK,1949,Yes,No,Northern Europe,Copenhagen,AWACS Aircraft,Air Force,Air,E-3 Sentry / E-7A,1275,Reserve,Good,1979,45,22.69,28929.75,Turkey,No,No,1984,2027,86.1
903,Denmark,DNK,1949,Yes,No,Northern Europe,Copenhagen,AWACS Aircraft,Air Force,Air,E-3 Sentry / E-7A,808,On Order,Excellent,1971,53,240.44,194275.52,Multi-National,Yes,Yes,1979,2034,78.0
904,Denmark,DNK,1949,Yes,No,Northern Europe,Copenhagen,Multiple Launch Rocket System,Artillery,Land,M270 / HIMARS / BM-21,138,Decommissioning,Fair,1994,30,383.95,52985.1,Turkey,Partial,No,2018,2031,90.7
905,Denmark,DNK,1949,Yes,No,Northern Europe,Copenhagen,Multiple Launch Rocket System,Artillery,Land,M270 / HIMARS / BM-21,1787,In Maintenance,Excellent,1994,30,410.16,732955.92,USA,Yes,No,2015,2032,96.7
906,Denmark,DNK,1949,Yes,No,Northern Europe,Copenhagen,Multiple Launch Rocket System,Artillery,Land,M270 / HIMARS / BM-21,1383,Decommissioning,Needs Repair,1981,43,4.26,5891.58,Turkey,Yes,No,2020,2032,57.4
907,Denmark,DNK,1949,Yes,No,Northern Europe,Copenhagen,Multiple Launch Rocket System,Artillery,Land,M270 / HIMARS / BM-21,287,Operational,Fair,1962,62,251.19,72091.53,Germany,Partial,No,2000,2027,68.4
908,Denmark,DNK,1949,Yes,No,Northern Europe,Copenhagen,Main Battle Tank,Armored,Land,M1 Abrams / Leopard 2 / Challenger 3,1504,On Order,Excellent,1995,29,291.61,438581.44,Israel,No,No,2010,2035,91.9
909,Denmark,DNK,1949,Yes,No,Northern Europe,Copenhagen,Main Battle Tank,Armored,Land,M1 Abrams / Leopard 2 / Challenger 3,1044,In Maintenance,End-of-Life,2013,11,215.68,225169.92,Multi-National,Yes,No,2016,2030,72.6
910,Denmark,DNK,1949,Yes,No,Northern Europe,Copenhagen,Main Battle Tank,Armored,Land,M1 Abrams / Leopard 2 / Challenger 3,1857,On Order,Needs Repair,1995,29,11.55,21448.35,Germany,No,No,2000,2033,49.5
911,Denmark,DNK,1949,Yes,No,Northern Europe,Copenhagen,Long-Range SAM,Air Defense,Land,Patriot PAC-3 / S-400,887,On Order,End-of-Life,2005,19,200.01,177408.87,Domestic,Partial,Yes,2019,2034,63.8
912,Denmark,DNK,1949,Yes,No,Northern Europe,Copenhagen,Long-Range SAM,Air Defense,Land,Patriot PAC-3 / S-400,1946,Reserve,Good,2000,24,445.28,866514.88,Germany,Partial,Yes,2014,2028,74.8
913,Denmark,DNK,1949,Yes,No,Northern Europe,Copenhagen,Long-Range SAM,Air Defense,Land,Patriot PAC-3 / S-400,497,Operational,Good,1990,34,254.74,126605.78,Italy,No,No,2020,2031,49.1
914,Estonia,EST,2004,No,No,Northern Europe,Tallinn,Electronic Warfare System,Electronics,Land,JAMMER / Krasukha,1473,Reserve,End-of-Life,2023,1,83.04,122317.92,Germany,Partial,No,2024,2029,78.3
915,Estonia,EST,2004,No,No,Northern Europe,Tallinn,Electronic Warfare System,Electronics,Land,JAMMER / Krasukha,103,Operational,Good,2024,0,105.2,10835.6,France,Yes,Yes,2024,2035,92.5
916,Estonia,EST,2004,No,No,Northern Europe,Tallinn,Submarine (SSK),Naval,Sea,Type 212 / Gotland,1299,Decommissioning,Needs Repair,2004,20,29.18,37904.82,Domestic,No,No,2009,2033,85.2
917,Estonia,EST,2004,No,No,Northern Europe,Tallinn,Submarine (SSK),Naval,Sea,Type 212 / Gotland,49,Decommissioning,Fair,2016,8,297.87,14595.63,Germany,Yes,Yes,2019,2027,64.4
918,Estonia,EST,2004,No,No,Northern Europe,Tallinn,Submarine (SSK),Naval,Sea,Type 212 / Gotland,433,Operational,Needs Repair,2007,17,285.48,123612.84,Germany,Yes,Yes,2022,2034,51.7
919,Estonia,EST,2004,No,No,Northern Europe,Tallinn,AWACS Aircraft,Air Force,Air,E-3 Sentry / E-7A,1665,Upgrading,Needs Repair,2012,12,353.58,588710.7,Germany,No,No,2017,2027,68.1
920,Estonia,EST,2004,No,No,Northern Europe,Tallinn,AWACS Aircraft,Air Force,Air,E-3 Sentry / E-7A,1625,Operational,Fair,2024,0,130.08,211380.0,Turkey,Partial,Yes,2024,2028,63.4
921,Estonia,EST,2004,No,No,Northern Europe,Tallinn,Air Superiority Fighter,Air Force,Air,F-22 / Typhoon,1970,Upgrading,Needs Repair,2023,1,165.68,326389.6,UK,Yes,No,2024,2027,61.7
922,Estonia,EST,2004,No,No,Northern Europe,Tallinn,Air Superiority Fighter,Air Force,Air,F-22 / Typhoon,624,In Maintenance,Fair,2012,12,422.92,263902.08,Italy,Partial,Yes,2016,2030,79.3
923,Estonia,EST,2004,No,No,Northern Europe,Tallinn,Air Superiority Fighter,Air Force,Air,F-22 / Typhoon,1837,On Order,Needs Repair,2021,3,438.84,806149.08,Italy,Partial,Yes,2023,2032,51.9
924,Estonia,EST,2004,No,No,Northern Europe,Tallinn,Air Superiority Fighter,Air Force,Air,F-22 / Typhoon,609,In Maintenance,Fair,2021,3,333.76,203259.84,Multi-National,No,Yes,2024,2031,52.9
925,Estonia,EST,2004,No,No,Northern Europe,Tallinn,Light Tank,Armored,Land,CV90105 / AMX-10RC,1701,In Maintenance,Good,2013,11,233.15,396588.15,Domestic,Partial,No,2020,2029,71.4
926,Estonia,EST,2004,No,No,Northern Europe,Tallinn,Light Tank,Armored,Land,CV90105 / AMX-10RC,11,Reserve,Good,2020,4,405.54,4460.94,Germany,Partial,No,2024,2032,53.1
927,Estonia,EST,2004,No,No,Northern Europe,Tallinn,Light Tank,Armored,Land,CV90105 / AMX-10RC,1700,In Maintenance,Needs Repair,2024,0,113.69,193273.0,Italy,Partial,Yes,2024,2024,85.7
928,Estonia,EST,2004,No,No,Northern Europe,Tallinn,Amphibious Assault Ship,Naval,Sea,USS America / HMS Albion,655,On Order,Excellent,2005,19,162.85,106666.75,Germany,Partial,No,2017,2031,49.9
929,Estonia,EST,2004,No,No,Northern Europe,Tallinn,Amphibious Assault Ship,Naval,Sea,USS America / HMS Albion,1686,In Maintenance,Fair,2004,20,23.49,39604.14,Germany,Partial,Yes,2022,2024,81.7
930,Estonia,EST,2004,No,No,Northern Europe,Tallinn,Amphibious Assault Ship,Naval,Sea,USS America / HMS Albion,917,Upgrading,Good,2011,13,411.65,377483.05,Italy,No,No,2021,2034,98.1
931,Estonia,EST,2004,No,No,Northern Europe,Tallinn,Long-Range SAM,Air Defense,Land,Patriot PAC-3 / S-400,496,Operational,Needs Repair,2021,3,416.46,206564.16,Germany,No,No,2021,2029,42.3
932,Estonia,EST,2004,No,No,Northern Europe,Tallinn,Long-Range SAM,Air Defense,Land,Patriot PAC-3 / S-400,273,Reserve,Excellent,2024,0,2.69,734.37,Germany,Partial,Yes,2024,2027,60.6
933,Estonia,EST,2004,No,No,Northern Europe,Tallinn,Logistics Truck (Heavy),Logistics,Support,HEMTT / MAN HX,287,On Order,Good,2018,6,268.68,77111.16,France,No,No,2019,2025,87.8
934,Estonia,EST,2004,No,No,Northern Europe,Tallinn,Logistics Truck (Heavy),Logistics,Support,HEMTT / MAN HX,1486,In Maintenance,Fair,2007,17,50.7,75340.2,Domestic,No,Yes,2019,2029,51.1
935,Estonia,EST,2004,No,No,Northern Europe,Tallinn,Tanker Aircraft,Air Force,Air,KC-135 / A330 MRTT,1675,Upgrading,Needs Repair,2012,12,67.47,113012.25,Germany,Partial,No,2013,2035,43.1
936,Estonia,EST,2004,No,No,Northern Europe,Tallinn,Tanker Aircraft,Air Force,Air,KC-135 / A330 MRTT,746,In Maintenance,End-of-Life,2019,5,100.94,75301.24,Italy,No,No,2021,2025,55.5
937,Estonia,EST,2004,No,No,Northern Europe,Tallinn,Tanker Aircraft,Air Force,Air,KC-135 / A330 MRTT,1551,Decommissioning,Excellent,2017,7,439.57,681773.07,France,No,Yes,2018,2031,79.9
938,Estonia,EST,2004,No,No,Northern Europe,Tallinn,Mine Countermeasure Vessel,Naval,Sea,Hunt-class / Alkmaar,706,On Order,Good,2015,9,141.04,99574.24,Turkey,Partial,Yes,2021,2026,68.4
939,Estonia,EST,2004,No,No,Northern Europe,Tallinn,Mine Countermeasure Vessel,Naval,Sea,Hunt-class / Alkmaar,1115,In Maintenance,Good,2007,17,187.37,208917.55,Turkey,No,No,2010,2026,90.7
940,Estonia,EST,2004,No,No,Northern Europe,Tallinn,Mine Countermeasure Vessel,Naval,Sea,Hunt-class / Alkmaar,1369,Reserve,Needs Repair,2014,10,373.79,511718.51,Germany,No,No,2015,2026,85.1
941,Estonia,EST,2004,No,No,Northern Europe,Tallinn,Ammunition Supply Vehicle,Logistics,Support,PLS / DROPS,1054,Decommissioning,Needs Repair,2012,12,236.81,249597.74,Israel,Yes,Yes,2021,2033,95.9
942,Estonia,EST,2004,No,No,Northern Europe,Tallinn,Ammunition Supply Vehicle,Logistics,Support,PLS / DROPS,870,Decommissioning,Needs Repair,2022,2,105.7,91959.0,France,Yes,Yes,2024,2033,60.1
943,Estonia,EST,2004,No,No,Northern Europe,Tallinn,Transport Helicopter,Aviation,Air,CH-47 Chinook / NH90,894,Reserve,Fair,2019,5,423.49,378600.06,Domestic,Partial,No,2024,2033,89.2
944,Estonia,EST,2004,No,No,Northern Europe,Tallinn,Transport Helicopter,Aviation,Air,CH-47 Chinook / NH90,1107,In Maintenance,Needs Repair,2008,16,413.0,457191.0,Turkey,Yes,Yes,2013,2027,56.8
945,Estonia,EST,2004,No,No,Northern Europe,Tallinn,Radar System,Electronics,Land,AN/TPY-2 / AN/MPQ-65,1697,Decommissioning,Excellent,2020,4,413.93,702439.21,UK,Partial,No,2020,2034,57.5
946,Estonia,EST,2004,No,No,Northern Europe,Tallinn,Radar System,Electronics,Land,AN/TPY-2 / AN/MPQ-65,313,Decommissioning,Good,2005,19,65.79,20592.27,Israel,No,No,2006,2034,48.7
947,Estonia,EST,2004,No,No,Northern Europe,Tallinn,Armored Reconnaissance Vehicle,Armored,Land,Fennek / Fuchs,1610,Reserve,Good,2011,13,48.63,78294.3,Turkey,No,No,2018,2030,67.9
948,Estonia,EST,2004,No,No,Northern Europe,Tallinn,Armored Reconnaissance Vehicle,Armored,Land,Fennek / Fuchs,1243,On Order,Fair,2023,1,29.23,36332.89,UK,Partial,Yes,2024,2034,55.5
949,Estonia,EST,2004,No,No,Northern Europe,Tallinn,NBC Detection Vehicle,CBRN,Land,Fox / TPz Fuchs,1069,In Maintenance,Needs Repair,2010,14,291.28,311378.32,Italy,Yes,Yes,2024,2024,81.1
950,Estonia,EST,2004,No,No,Northern Europe,Tallinn,NBC Detection Vehicle,CBRN,Land,Fox / TPz Fuchs,1754,Decommissioning,Needs Repair,2009,15,299.18,524761.72,Turkey,Yes,Yes,2019,2024,64.4
951,Estonia,EST,2004,No,No,Northern Europe,Tallinn,Multiple Launch Rocket System,Artillery,Land,M270 / HIMARS / BM-21,1199,Upgrading,End-of-Life,2007,17,426.95,511913.05,Germany,No,No,2009,2031,52.8
952,Estonia,EST,2004,No,No,Northern Europe,Tallinn,Multiple Launch Rocket System,Artillery,Land,M270 / HIMARS / BM-21,333,Upgrading,Good,2020,4,50.64,16863.12,USA,Partial,Yes,2024,2031,53.7
953,Estonia,EST,2004,No,No,Northern Europe,Tallinn,Multiple Launch Rocket System,Artillery,Land,M270 / HIMARS / BM-21,1268,Decommissioning,End-of-Life,2008,16,70.95,89964.6,France,No,Yes,2018,2031,53.0
954,Estonia,EST,2004,No,No,Northern Europe,Tallinn,Multiple Launch Rocket System,Artillery,Land,M270 / HIMARS / BM-21,945,Operational,Excellent,2017,7,350.22,330957.9,Italy,Yes,No,2024,2024,66.5
955,Estonia,EST,2004,No,No,Northern Europe,Tallinn,Destroyer,Naval,Sea,Arleigh Burke / Type 45,711,On Order,Excellent,2023,1,333.35,237011.85,Italy,Yes,Yes,2024,2028,59.0
956,Estonia,EST,2004,No,No,Northern Europe,Tallinn,Destroyer,Naval,Sea,Arleigh Burke / Type 45,23,On Order,Needs Repair,2009,15,3.14,72.22,Multi-National,Yes,No,2010,2027,84.6
957,Estonia,EST,2004,No,No,Northern Europe,Tallinn,Destroyer,Naval,Sea,Arleigh Burke / Type 45,636,Operational,Good,2024,0,156.13,99298.68,Italy,Partial,No,2024,2030,42.8
958,Estonia,EST,2004,No,No,Northern Europe,Tallinn,Towed Howitzer,Artillery,Land,M777 / FH70 / D-30,1597,Decommissioning,Good,2005,19,122.85,196191.45,UK,No,No,2016,2028,77.5
959,Estonia,EST,2004,No,No,Northern Europe,Tallinn,Towed Howitzer,Artillery,Land,M777 / FH70 / D-30,1100,Upgrading,End-of-Life,2008,16,108.42,119262.0,Multi-National,Yes,Yes,2010,2027,89.7
960,Estonia,EST,2004,No,No,Northern Europe,Tallinn,Towed Howitzer,Artillery,Land,M777 / FH70 / D-30,1363,Operational,Excellent,2008,16,201.16,274181.08,Italy,Yes,Yes,2015,2028,62.5
961,Estonia,EST,2004,No,No,Northern Europe,Tallinn,Towed Howitzer,Artillery,Land,M777 / FH70 / D-30,207,In Maintenance,Excellent,2021,3,140.07,28994.49,USA,Yes,Yes,2023,2027,50.4
962,Estonia,EST,2004,No,No,Northern Europe,Tallinn,Sniper Rifle System,Small Arms,Land,Barrett M82 / Accuracy Int.,1517,Operational,Needs Repair,2010,14,308.47,467948.99,Multi-National,Yes,No,2013,2030,90.4
963,Estonia,EST,2004,No,No,Northern Europe,Tallinn,Sniper Rifle System,Small Arms,Land,Barrett M82 / Accuracy Int.,488,On Order,Excellent,2021,3,254.62,124254.56,Turkey,Yes,No,2021,2031,84.9
964,Estonia,EST,2004,No,No,Northern Europe,Tallinn,Sniper Rifle System,Small Arms,Land,Barrett M82 / Accuracy Int.,1215,Upgrading,Needs Repair,2013,11,291.78,354512.7,Germany,Yes,Yes,2013,2029,47.8
965,Estonia,EST,2004,No,No,Northern Europe,Tallinn,Sniper Rifle System,Small Arms,Land,Barrett M82 / Accuracy Int.,528,Upgrading,Excellent,2007,17,351.35,185512.8,Turkey,Yes,No,2014,2028,73.6
966,Estonia,EST,2004,No,No,Northern Europe,Tallinn,Short-Range Air Defense,Air Defense,Land,SHORAD / Gepard / Stinger,1629,Decommissioning,Fair,2024,0,302.25,492365.25,USA,Yes,Yes,2024,2024,71.7
967,Estonia,EST,2004,No,No,Northern Europe,Tallinn,Short-Range Air Defense,Air Defense,Land,SHORAD / Gepard / Stinger,167,Decommissioning,Excellent,2007,17,397.03,66304.01,UK,Partial,No,2018,2028,96.0
968,Estonia,EST,2004,No,No,Northern Europe,Tallinn,Multirole Aircraft,Air Force,Air,F-35 / Rafale / F/A-18,1242,Upgrading,Fair,2019,5,64.22,79761.24,Italy,No,Yes,2023,2026,67.2
969,Estonia,EST,2004,No,No,Northern Europe,Tallinn,Multirole Aircraft,Air Force,Air,F-35 / Rafale / F/A-18,1022,Upgrading,Excellent,2006,18,106.73,109078.06,Multi-National,Partial,No,2010,2030,54.4
970,Estonia,EST,2004,No,No,Northern Europe,Tallinn,Multirole Aircraft,Air Force,Air,F-35 / Rafale / F/A-18,727,On Order,Needs Repair,2016,8,48.4,35186.8,Israel,No,Yes,2016,2029,61.8
971,Estonia,EST,2004,No,No,Northern Europe,Tallinn,Strategic Bomber,Air Force,Air,B-52 / B-2 Spirit,941,Decommissioning,Needs Repair,2007,17,88.42,83203.22,UK,Yes,Yes,2011,2027,81.2
972,Estonia,EST,2004,No,No,Northern Europe,Tallinn,Strategic Bomber,Air Force,Air,B-52 / B-2 Spirit,1901,Operational,Fair,2013,11,300.41,571079.41,UK,No,No,2015,2031,65.4
973,Estonia,EST,2004,No,No,Northern Europe,Tallinn,Combat Engineer Vehicle,Engineering,Land,M9 ACE / Leopard 2 AEV,449,On Order,Excellent,2004,20,133.94,60139.06,USA,No,No,2007,2034,57.9
974,Estonia,EST,2004,No,No,Northern Europe,Tallinn,Combat Engineer Vehicle,Engineering,Land,M9 ACE / Leopard 2 AEV,1284,Reserve,End-of-Life,2007,17,168.88,216841.92,France,Yes,No,2024,2035,65.2
975,Estonia,EST,2004,No,No,Northern Europe,Tallinn,Combat Engineer Vehicle,Engineering,Land,M9 ACE / Leopard 2 AEV,1818,Operational,Fair,2017,7,118.24,214960.32,Israel,No,No,2023,2033,70.6
976,Estonia,EST,2004,No,No,Northern Europe,Tallinn,Combat Engineer Vehicle,Engineering,Land,M9 ACE / Leopard 2 AEV,991,Decommissioning,End-of-Life,2004,20,97.79,96909.89,France,Yes,Yes,2012,2032,53.2
977,Estonia,EST,2004,No,No,Northern Europe,Tallinn,Corvette,Naval,Sea,Skjold / Visby / Burak,1237,On Order,Good,2024,0,102.91,127299.67,USA,No,Yes,2024,2035,99.2
978,Estonia,EST,2004,No,No,Northern Europe,Tallinn,Corvette,Naval,Sea,Skjold / Visby / Burak,1218,In Maintenance,Needs Repair,2007,17,297.76,362671.68,Domestic,No,No,2014,2028,43.9
979,Estonia,EST,2004,No,No,Northern Europe,Tallinn,Corvette,Naval,Sea,Skjold / Visby / Burak,1861,On Order,Good,2012,12,22.92,42654.12,USA,Yes,No,2014,2026,70.8
980,Estonia,EST,2004,No,No,Northern Europe,Tallinn,Corvette,Naval,Sea,Skjold / Visby / Burak,577,In Maintenance,Excellent,2019,5,56.27,32467.79,USA,Partial,Yes,2022,2035,74.9
981,Estonia,EST,2004,No,No,Northern Europe,Tallinn,Aircraft Carrier,Naval,Sea,Gerald R. Ford / Queen Elizabeth,1337,Upgrading,Fair,2005,19,381.67,510292.79,Turkey,Partial,No,2023,2031,93.6
982,Estonia,EST,2004,No,No,Northern Europe,Tallinn,Aircraft Carrier,Naval,Sea,Gerald R. Ford / Queen Elizabeth,1193,Decommissioning,Excellent,2023,1,202.23,241260.39,Italy,Yes,Yes,2023,2031,47.4
983,Estonia,EST,2004,No,No,Northern Europe,Tallinn,Aircraft Carrier,Naval,Sea,Gerald R. Ford / Queen Elizabeth,573,Reserve,Needs Repair,2021,3,384.22,220158.06,Italy,Partial,Yes,2021,2024,65.9
984,Estonia,EST,2004,No,No,Northern Europe,Tallinn,Infantry Fighting Vehicle,Armored,Land,Bradley / Puma / AS-21,434,On Order,Fair,2024,0,360.45,156435.3,Israel,Yes,Yes,2024,2027,89.7
985,Estonia,EST,2004,No,No,Northern Europe,Tallinn,Infantry Fighting Vehicle,Armored,Land,Bradley / Puma / AS-21,346,Reserve,Fair,2023,1,207.72,71871.12,Turkey,Yes,No,2023,2030,75.7
986,Estonia,EST,2004,No,No,Northern Europe,Tallinn,Infantry Fighting Vehicle,Armored,Land,Bradley / Puma / AS-21,1248,Decommissioning,End-of-Life,2017,7,98.45,122865.6,USA,Yes,Yes,2017,2030,71.8
987,Estonia,EST,2004,No,No,Northern Europe,Tallinn,Logistics Support Vessel,Naval,Sea,Supply / Berlin-class,1430,In Maintenance,Excellent,2005,19,51.67,73888.1,Turkey,Yes,No,2020,2029,51.3
988,Estonia,EST,2004,No,No,Northern Europe,Tallinn,Logistics Support Vessel,Naval,Sea,Supply / Berlin-class,1401,In Maintenance,Good,2009,15,52.16,73076.16,Israel,Yes,Yes,2011,2031,76.8
989,Estonia,EST,2004,No,No,Northern Europe,Tallinn,UAV / Drone,Air Force,Air,MQ-9 Reaper / Bayraktar TB2,676,Operational,Fair,2012,12,260.49,176091.24,Domestic,Yes,No,2022,2026,76.0
990,Estonia,EST,2004,No,No,Northern Europe,Tallinn,UAV / Drone,Air Force,Air,MQ-9 Reaper / Bayraktar TB2,1537,Reserve,End-of-Life,2013,11,167.52,257478.24,France,No,No,2016,2034,75.8
991,Estonia,EST,2004,No,No,Northern Europe,Tallinn,UAV / Drone,Air Force,Air,MQ-9 Reaper / Bayraktar TB2,1202,Operational,Good,2021,3,341.45,410422.9,Turkey,No,Yes,2022,2026,94.6
992,Estonia,EST,2004,No,No,Northern Europe,Tallinn,UAV / Drone,Air Force,Air,MQ-9 Reaper / Bayraktar TB2,1593,Reserve,Excellent,2014,10,48.08,76591.44,Germany,No,Yes,2024,2035,90.5
993,Estonia,EST,2004,No,No,Northern Europe,Tallinn,Medium-Range SAM,Air Defense,Land,Patriot / NASAMS / SAMP/T,1706,In Maintenance,Excellent,2019,5,390.51,666210.06,Germany,Partial,Yes,2022,2024,47.3
994,Estonia,EST,2004,No,No,Northern Europe,Tallinn,Medium-Range SAM,Air Defense,Land,Patriot / NASAMS / SAMP/T,1112,Decommissioning,Fair,2016,8,105.36,117160.32,Italy,No,Yes,2019,2035,86.3
995,Estonia,EST,2004,No,No,Northern Europe,Tallinn,Medium-Range SAM,Air Defense,Land,Patriot / NASAMS / SAMP/T,517,Reserve,Needs Repair,2014,10,105.57,54579.69,France,Yes,Yes,2014,2031,75.8
996,Estonia,EST,2004,No,No,Northern Europe,Tallinn,Bridge Layer,Engineering,Land,AVLB / Biber,1356,Decommissioning,Excellent,2014,10,348.94,473162.64,Israel,Partial,No,2019,2033,72.2
997,Estonia,EST,2004,No,No,Northern Europe,Tallinn,Bridge Layer,Engineering,Land,AVLB / Biber,279,On Order,Excellent,2024,0,125.27,34950.33,Multi-National,Partial,Yes,2024,2031,69.0
998,Estonia,EST,2004,No,No,Northern Europe,Tallinn,Bridge Layer,Engineering,Land,AVLB / Biber,1592,Operational,Needs Repair,2010,14,148.22,235966.24,Israel,Partial,Yes,2011,2027,52.9
999,Estonia,EST,2004,No,No,Northern Europe,Tallinn,Bridge Layer,Engineering,Land,AVLB / Biber,1275,Upgrading,Needs Repair,2019,5,86.85,110733.75,Domestic,No,Yes,2019,2031,79.3
1000,Estonia,EST,2004,No,No,Northern Europe,Tallinn,Maritime Helicopter,Aviation,Air,AW159 / MH-60R,603,In Maintenance,Fair,2004,20,318.0,191754.0,Germany,Partial,Yes,2024,2026,84.0
1001,Estonia,EST,2004,No,No,Northern Europe,Tallinn,Maritime Helicopter,Aviation,Air,AW159 / MH-60R,1937,Decommissioning,End-of-Life,2012,12,42.78,82864.86,France,Yes,No,2022,2027,51.1
1002,Estonia,EST,2004,No,No,Northern Europe,Tallinn,Maritime Helicopter,Aviation,Air,AW159 / MH-60R,482,Operational,Excellent,2017,7,141.05,67986.1,Multi-National,Yes,No,2021,2028,50.1
1003,Estonia,EST,2004,No,No,Northern Europe,Tallinn,Maritime Helicopter,Aviation,Air,AW159 / MH-60R,1560,Reserve,Good,2021,3,392.74,612674.4,Domestic,Yes,No,2022,2029,40.4
1004,Estonia,EST,2004,No,No,Northern Europe,Tallinn,Anti-Drone System,Air Defense,Land,DroneShield / AUDS / Skyfend,632,On Order,Excellent,2018,6,185.4,117172.8,USA,Partial,No,2023,2025,98.7
1005,Estonia,EST,2004,No,No,Northern Europe,Tallinn,Anti-Drone System,Air Defense,Land,DroneShield / AUDS / Skyfend,855,Decommissioning,Fair,2012,12,4.12,3522.6,USA,No,No,2017,2027,77.2
1006,Estonia,EST,2004,No,No,Northern Europe,Tallinn,Anti-Drone System,Air Defense,Land,DroneShield / AUDS / Skyfend,1271,Upgrading,Excellent,2006,18,403.82,513255.22,Italy,No,Yes,2015,2029,99.3
1007,Estonia,EST,2004,No,No,Northern Europe,Tallinn,Anti-Drone System,Air Defense,Land,DroneShield / AUDS / Skyfend,1403,Decommissioning,Good,2024,0,280.8,393962.4,Israel,Yes,Yes,2024,2034,52.0
1008,Estonia,EST,2004,No,No,Northern Europe,Tallinn,Patrol Vessel,Naval,Sea,OPV / Fast Attack Craft,656,On Order,End-of-Life,2023,1,120.59,79107.04,Germany,Yes,Yes,2023,2031,62.9
1009,Estonia,EST,2004,No,No,Northern Europe,Tallinn,Patrol Vessel,Naval,Sea,OPV / Fast Attack Craft,783,Upgrading,End-of-Life,2017,7,262.6,205615.8,Germany,Yes,No,2020,2027,72.2
1010,Estonia,EST,2004,No,No,Northern Europe,Tallinn,Patrol Vessel,Naval,Sea,OPV / Fast Attack Craft,193,Operational,End-of-Life,2022,2,112.9,21789.7,France,Partial,Yes,2024,2027,86.9
1011,Estonia,EST,2004,No,No,Northern Europe,Tallinn,Fighter Jet,Air Force,Air,F-16 / Gripen / Typhoon,261,In Maintenance,Fair,2012,12,294.34,76822.74,Domestic,No,No,2022,2026,70.7
1012,Estonia,EST,2004,No,No,Northern Europe,Tallinn,Fighter Jet,Air Force,Air,F-16 / Gripen / Typhoon,386,In Maintenance,Fair,2012,12,184.85,71352.1,Multi-National,Partial,Yes,2015,2028,52.5
1013,Estonia,EST,2004,No,No,Northern Europe,Tallinn,Fighter Jet,Air Force,Air,F-16 / Gripen / Typhoon,761,On Order,End-of-Life,2007,17,422.61,321606.21,Israel,No,No,2008,2032,66.0
1014,Estonia,EST,2004,No,No,Northern Europe,Tallinn,Patrol Aircraft,Air Force,Air,P-8 Poseidon / Atlantic,1664,In Maintenance,End-of-Life,2013,11,79.49,132271.36,Germany,No,Yes,2021,2029,60.6
1015,Estonia,EST,2004,No,No,Northern Europe,Tallinn,Patrol Aircraft,Air Force,Air,P-8 Poseidon / Atlantic,923,Operational,End-of-Life,2012,12,92.29,85183.67,Italy,Yes,No,2021,2028,92.7
1016,Estonia,EST,2004,No,No,Northern Europe,Tallinn,Patrol Aircraft,Air Force,Air,P-8 Poseidon / Atlantic,1888,Operational,Good,2019,5,379.67,716816.96,Israel,Partial,No,2021,2029,52.6
1017,Estonia,EST,2004,No,No,Northern Europe,Tallinn,Submarine (SSN),Naval,Sea,Virginia-class / Astute-class,198,Operational,Fair,2019,5,182.48,36131.04,Turkey,Yes,Yes,2019,2024,85.6
1018,Estonia,EST,2004,No,No,Northern Europe,Tallinn,Submarine (SSN),Naval,Sea,Virginia-class / Astute-class,1636,In Maintenance,End-of-Life,2022,2,153.43,251011.48,Multi-National,No,Yes,2023,2028,84.3
1019,Estonia,EST,2004,No,No,Northern Europe,Tallinn,Submarine (SSN),Naval,Sea,Virginia-class / Astute-class,1252,Upgrading,End-of-Life,2024,0,181.18,226837.36,Israel,No,No,2024,2031,41.0
1020,Estonia,EST,2004,No,No,Northern Europe,Tallinn,Submarine (SSN),Naval,Sea,Virginia-class / Astute-class,1437,On Order,Excellent,2007,17,206.18,296280.66,Israel,Partial,Yes,2009,2028,77.2
1021,Estonia,EST,2004,No,No,Northern Europe,Tallinn,Cyber Defense Unit,Cyber,Digital,CCDCOE / NATO Cyber Centre,167,In Maintenance,End-of-Life,2004,20,433.54,72401.18,UK,Partial,No,2007,2029,63.5
1022,Estonia,EST,2004,No,No,Northern Europe,Tallinn,Cyber Defense Unit,Cyber,Digital,CCDCOE / NATO Cyber Centre,1700,On Order,Fair,2015,9,188.76,320892.0,Domestic,Partial,No,2016,2032,83.6
1023,Estonia,EST,2004,No,No,Northern Europe,Tallinn,Field Hospital,Medical,Support,Role 2 / Role 3 Hospital,1934,Upgrading,Needs Repair,2004,20,308.96,597528.64,UK,No,Yes,2010,2028,81.6
1024,Estonia,EST,2004,No,No,Northern Europe,Tallinn,Field Hospital,Medical,Support,Role 2 / Role 3 Hospital,1987,On Order,Needs Repair,2015,9,275.01,546444.87,Multi-National,No,Yes,2019,2029,85.5
1025,Estonia,EST,2004,No,No,Northern Europe,Tallinn,Field Hospital,Medical,Support,Role 2 / Role 3 Hospital,36,Upgrading,Needs Repair,2024,0,151.14,5441.04,France,No,No,2024,2024,48.1
1026,Estonia,EST,2004,No,No,Northern Europe,Tallinn,Mortar System,Artillery,Land,M120 / AMOS,1536,Decommissioning,Needs Repair,2012,12,405.61,623016.96,USA,No,Yes,2017,2031,47.4
1027,Estonia,EST,2004,No,No,Northern Europe,Tallinn,Mortar System,Artillery,Land,M120 / AMOS,1965,Reserve,Excellent,2005,19,380.1,746896.5,France,Partial,No,2020,2030,84.6
1028,Estonia,EST,2004,No,No,Northern Europe,Tallinn,Mortar System,Artillery,Land,M120 / AMOS,1549,Reserve,End-of-Life,2016,8,393.61,609701.89,USA,Partial,No,2019,2032,78.7
1029,Estonia,EST,2004,No,No,Northern Europe,Tallinn,Mortar System,Artillery,Land,M120 / AMOS,1175,Upgrading,End-of-Life,2011,13,341.55,401321.25,Domestic,Partial,No,2014,2029,70.7
1030,Estonia,EST,2004,No,No,Northern Europe,Tallinn,Strategic Transport Aircraft,Air Force,Air,C-17 / A400M / C-130,40,Operational,Good,2006,18,10.27,410.8,Turkey,Partial,No,2016,2025,97.9
1031,Estonia,EST,2004,No,No,Northern Europe,Tallinn,Strategic Transport Aircraft,Air Force,Air,C-17 / A400M / C-130,1252,Reserve,End-of-Life,2024,0,94.17,117900.84,Italy,Yes,No,2024,2029,71.4
1032,Estonia,EST,2004,No,No,Northern Europe,Tallinn,Main Battle Tank,Armored,Land,M1 Abrams / Leopard 2 / Challenger 3,101,Upgrading,Good,2010,14,174.59,17633.59,Domestic,Yes,No,2013,2028,58.2
1033,Estonia,EST,2004,No,No,Northern Europe,Tallinn,Main Battle Tank,Armored,Land,M1 Abrams / Leopard 2 / Challenger 3,578,Reserve,Needs Repair,2010,14,283.18,163678.04,Multi-National,Partial,No,2021,2035,83.1
1034,Estonia,EST,2004,No,No,Northern Europe,Tallinn,Main Battle Tank,Armored,Land,M1 Abrams / Leopard 2 / Challenger 3,478,On Order,Good,2007,17,241.98,115666.44,France,Yes,No,2021,2034,65.3
1035,Estonia,EST,2004,No,No,Northern Europe,Tallinn,Anti-Tank Missile System,Anti-Armor,Land,Javelin / SPIKE / Milan,1464,In Maintenance,Excellent,2005,19,202.1,295874.4,Turkey,No,No,2016,2031,67.6
1036,Estonia,EST,2004,No,No,Northern Europe,Tallinn,Anti-Tank Missile System,Anti-Armor,Land,Javelin / SPIKE / Milan,878,In Maintenance,Needs Repair,2009,15,304.0,266912.0,France,No,No,2019,2035,42.5
1037,Estonia,EST,2004,No,No,Northern Europe,Tallinn,Anti-Tank Missile System,Anti-Armor,Land,Javelin / SPIKE / Milan,1259,Decommissioning,Needs Repair,2021,3,411.72,518355.48,Turkey,No,No,2023,2033,56.3
1038,Estonia,EST,2004,No,No,Northern Europe,Tallinn,Self-Propelled Howitzer,Artillery,Land,PzH 2000 / K9 Thunder / Caesar,1333,Decommissioning,Fair,2011,13,423.46,564472.18,Germany,Partial,No,2024,2027,66.7
1039,Estonia,EST,2004,No,No,Northern Europe,Tallinn,Self-Propelled Howitzer,Artillery,Land,PzH 2000 / K9 Thunder / Caesar,943,Operational,Good,2012,12,395.24,372711.32,Turkey,No,No,2018,2032,68.5
1040,Estonia,EST,2004,No,No,Northern Europe,Tallinn,Self-Propelled Howitzer,Artillery,Land,PzH 2000 / K9 Thunder / Caesar,53,Operational,Needs Repair,2012,12,392.52,20803.56,Israel,No,No,2013,2028,75.7
1041,Estonia,EST,2004,No,No,Northern Europe,Tallinn,Ground Attack Aircraft,Air Force,Air,A-10 / Tornado IDS,411,Reserve,Needs Repair,2013,11,40.18,16513.98,France,Partial,Yes,2013,2033,75.2
1042,Estonia,EST,2004,No,No,Northern Europe,Tallinn,Ground Attack Aircraft,Air Force,Air,A-10 / Tornado IDS,1617,Operational,End-of-Life,2005,19,289.69,468428.73,UK,Partial,Yes,2018,2029,63.9
1043,Estonia,EST,2004,No,No,Northern Europe,Tallinn,Ground Attack Aircraft,Air Force,Air,A-10 / Tornado IDS,1488,On Order,Fair,2020,4,67.93,101079.84,UK,No,Yes,2024,2029,79.2
1044,Estonia,EST,2004,No,No,Northern Europe,Tallinn,Attack Helicopter,Aviation,Air,AH-64 Apache / Tiger / NH90,750,In Maintenance,Good,2011,13,154.21,115657.5,Germany,No,No,2011,2034,80.9
1045,Estonia,EST,2004,No,No,Northern Europe,Tallinn,Attack Helicopter,Aviation,Air,AH-64 Apache / Tiger / NH90,1876,Operational,Fair,2004,20,387.83,727569.08,Turkey,Yes,Yes,2006,2024,84.1
1046,Estonia,EST,2004,No,No,Northern Europe,Tallinn,Attack Helicopter,Aviation,Air,AH-64 Apache / Tiger / NH90,1670,On Order,Fair,2013,11,263.42,439911.4,Israel,Yes,Yes,2022,2035,85.8
1047,Finland,FIN,2023,No,No,Northern Europe,Helsinki,Transport Helicopter,Aviation,Air,CH-47 Chinook / NH90,1080,In Maintenance,Good,2023,1,124.66,134632.8,France,Yes,Yes,2023,2031,65.3
1048,Finland,FIN,2023,No,No,Northern Europe,Helsinki,Transport Helicopter,Aviation,Air,CH-47 Chinook / NH90,587,Upgrading,Good,2023,1,142.34,83553.58,Multi-National,No,Yes,2023,2025,55.2
1049,Finland,FIN,2023,No,No,Northern Europe,Helsinki,Self-Propelled Howitzer,Artillery,Land,PzH 2000 / K9 Thunder / Caesar,139,Decommissioning,Needs Repair,2023,1,394.11,54781.29,Israel,Yes,No,2024,2028,67.0
1050,Finland,FIN,2023,No,No,Northern Europe,Helsinki,Self-Propelled Howitzer,Artillery,Land,PzH 2000 / K9 Thunder / Caesar,500,Operational,Fair,2023,1,248.52,124260.0,Turkey,Partial,No,2023,2028,67.3
1051,Finland,FIN,2023,No,No,Northern Europe,Helsinki,Self-Propelled Howitzer,Artillery,Land,PzH 2000 / K9 Thunder / Caesar,1772,Operational,Good,2024,0,372.51,660087.72,Italy,Partial,No,2024,2025,41.0
1052,Finland,FIN,2023,No,No,Northern Europe,Helsinki,Anti-Drone System,Air Defense,Land,DroneShield / AUDS / Skyfend,1791,In Maintenance,End-of-Life,2023,1,412.39,738590.49,Turkey,Partial,Yes,2024,2025,72.2
1053,Finland,FIN,2023,No,No,Northern Europe,Helsinki,Anti-Drone System,Air Defense,Land,DroneShield / AUDS / Skyfend,1533,Upgrading,Needs Repair,2024,0,186.42,285781.86,UK,Yes,Yes,2024,2027,95.0
1054,Finland,FIN,2023,No,No,Northern Europe,Helsinki,Anti-Drone System,Air Defense,Land,DroneShield / AUDS / Skyfend,158,Reserve,End-of-Life,2023,1,4.39,693.62,Italy,Yes,No,2024,2029,72.0
1055,Finland,FIN,2023,No,No,Northern Europe,Helsinki,Anti-Drone System,Air Defense,Land,DroneShield / AUDS / Skyfend,162,Decommissioning,End-of-Life,2024,0,94.91,15375.42,Multi-National,No,Yes,2024,2031,73.0
1056,Finland,FIN,2023,No,No,Northern Europe,Helsinki,Amphibious Assault Ship,Naval,Sea,USS America / HMS Albion,705,Decommissioning,Fair,2023,1,364.08,256676.4,USA,Yes,No,2024,2029,88.4
1057,Finland,FIN,2023,No,No,Northern Europe,Helsinki,Amphibious Assault Ship,Naval,Sea,USS America / HMS Albion,1721,Reserve,End-of-Life,2023,1,169.87,292346.27,Germany,Yes,Yes,2023,2033,53.2
1058,Finland,FIN,2023,No,No,Northern Europe,Helsinki,Amphibious Assault Ship,Naval,Sea,USS America / HMS Albion,1092,On Order,Excellent,2023,1,246.71,269407.32,Domestic,Yes,Yes,2024,2030,51.3
1059,Finland,FIN,2023,No,No,Northern Europe,Helsinki,Towed Howitzer,Artillery,Land,M777 / FH70 / D-30,1442,In Maintenance,Excellent,2023,1,140.63,202788.46,Italy,Partial,No,2023,2024,90.3
1060,Finland,FIN,2023,No,No,Northern Europe,Helsinki,Towed Howitzer,Artillery,Land,M777 / FH70 / D-30,1508,Decommissioning,Fair,2023,1,78.44,118287.52,Germany,No,Yes,2024,2025,99.3
1061,Finland,FIN,2023,No,No,Northern Europe,Helsinki,Bridge Layer,Engineering,Land,AVLB / Biber,1484,In Maintenance,Excellent,2024,0,40.11,59523.24,Italy,Partial,No,2024,2027,90.9
1062,Finland,FIN,2023,No,No,Northern Europe,Helsinki,Bridge Layer,Engineering,Land,AVLB / Biber,1952,Operational,Good,2023,1,144.67,282395.84,Domestic,No,No,2023,2031,66.4
1063,Finland,FIN,2023,No,No,Northern Europe,Helsinki,Bridge Layer,Engineering,Land,AVLB / Biber,182,Decommissioning,Needs Repair,2023,1,402.22,73204.04,Italy,Partial,No,2024,2029,67.4
1064,Finland,FIN,2023,No,No,Northern Europe,Helsinki,Ballistic Missile Defense,Strategic,Land,THAAD / Aegis Ashore,1721,Reserve,Fair,2024,0,107.2,184491.2,UK,Yes,Yes,2024,2026,64.4
1065,Finland,FIN,2023,No,No,Northern Europe,Helsinki,Ballistic Missile Defense,Strategic,Land,THAAD / Aegis Ashore,1259,Operational,Needs Repair,2024,0,153.89,193747.51,UK,Partial,Yes,2024,2024,65.1
1066,Finland,FIN,2023,No,No,Northern Europe,Helsinki,Ballistic Missile Defense,Strategic,Land,THAAD / Aegis Ashore,216,Upgrading,End-of-Life,2024,0,442.0,95472.0,USA,Yes,Yes,2024,2026,79.8
1067,Finland,FIN,2023,No,No,Northern Europe,Helsinki,Ballistic Missile Defense,Strategic,Land,THAAD / Aegis Ashore,276,In Maintenance,Needs Repair,2023,1,182.32,50320.32,Multi-National,Yes,Yes,2023,2034,88.6
1068,Finland,FIN,2023,No,No,Northern Europe,Helsinki,Corvette,Naval,Sea,Skjold / Visby / Burak,1902,Upgrading,End-of-Life,2024,0,77.14,146720.28,Israel,Yes,Yes,2024,2034,56.2
1069,Finland,FIN,2023,No,No,Northern Europe,Helsinki,Corvette,Naval,Sea,Skjold / Visby / Burak,1175,Operational,Fair,2023,1,335.72,394471.0,France,Yes,No,2024,2026,85.5
1070,Finland,FIN,2023,No,No,Northern Europe,Helsinki,Corvette,Naval,Sea,Skjold / Visby / Burak,1130,In Maintenance,Good,2024,0,22.6,25538.0,Germany,Yes,Yes,2024,2028,73.5
1071,Finland,FIN,2023,No,No,Northern Europe,Helsinki,Anti-Aircraft Gun,Air Defense,Land,Oerlikon 35mm / ZU-23,1012,In Maintenance,End-of-Life,2023,1,114.71,116086.52,Turkey,Yes,Yes,2024,2025,57.7
1072,Finland,FIN,2023,No,No,Northern Europe,Helsinki,Anti-Aircraft Gun,Air Defense,Land,Oerlikon 35mm / ZU-23,383,Decommissioning,Excellent,2023,1,149.37,57208.71,Germany,Partial,No,2023,2030,42.6
1073,Finland,FIN,2023,No,No,Northern Europe,Helsinki,Anti-Aircraft Gun,Air Defense,Land,Oerlikon 35mm / ZU-23,1133,In Maintenance,Fair,2023,1,78.49,88929.17,Domestic,No,No,2024,2031,55.8
1074,Finland,FIN,2023,No,No,Northern Europe,Helsinki,Anti-Aircraft Gun,Air Defense,Land,Oerlikon 35mm / ZU-23,1957,Decommissioning,Fair,2024,0,311.82,610231.74,Domestic,Partial,Yes,2024,2025,78.0
1075,Finland,FIN,2023,No,No,Northern Europe,Helsinki,Destroyer,Naval,Sea,Arleigh Burke / Type 45,1198,On Order,Fair,2024,0,196.33,235203.34,France,Yes,Yes,2024,2029,77.6
1076,Finland,FIN,2023,No,No,Northern Europe,Helsinki,Destroyer,Naval,Sea,Arleigh Burke / Type 45,727,In Maintenance,End-of-Life,2024,0,362.46,263508.42,Multi-National,No,No,2024,2029,65.5
1077,Finland,FIN,2023,No,No,Northern Europe,Helsinki,Destroyer,Naval,Sea,Arleigh Burke / Type 45,1868,Upgrading,Excellent,2023,1,33.79,63119.72,Israel,Partial,Yes,2023,2033,41.4
1078,Finland,FIN,2023,No,No,Northern Europe,Helsinki,Destroyer,Naval,Sea,Arleigh Burke / Type 45,182,In Maintenance,End-of-Life,2023,1,359.81,65485.42,Israel,Yes,No,2024,2033,56.6
1079,Finland,FIN,2023,No,No,Northern Europe,Helsinki,Strategic Bomber,Air Force,Air,B-52 / B-2 Spirit,1850,Decommissioning,Excellent,2023,1,339.27,627649.5,France,Partial,Yes,2023,2029,47.3
1080,Finland,FIN,2023,No,No,Northern Europe,Helsinki,Strategic Bomber,Air Force,Air,B-52 / B-2 Spirit,1478,Decommissioning,End-of-Life,2024,0,385.65,569990.7,Italy,Partial,Yes,2024,2035,74.1
1081,Finland,FIN,2023,No,No,Northern Europe,Helsinki,Strategic Bomber,Air Force,Air,B-52 / B-2 Spirit,632,Operational,Fair,2023,1,265.31,167675.92,Turkey,Partial,Yes,2024,2027,58.4
1082,Finland,FIN,2023,No,No,Northern Europe,Helsinki,UAV / Drone,Air Force,Air,MQ-9 Reaper / Bayraktar TB2,1150,Operational,Needs Repair,2023,1,265.04,304796.0,Turkey,Yes,Yes,2024,2035,53.2
1083,Finland,FIN,2023,No,No,Northern Europe,Helsinki,UAV / Drone,Air Force,Air,MQ-9 Reaper / Bayraktar TB2,1348,Decommissioning,Fair,2024,0,222.29,299646.92,Multi-National,Partial,No,2024,2029,62.8
1084,Finland,FIN,2023,No,No,Northern Europe,Helsinki,Aircraft Carrier,Naval,Sea,Gerald R. Ford / Queen Elizabeth,307,On Order,End-of-Life,2023,1,165.72,50876.04,Germany,Yes,Yes,2023,2025,71.6
1085,Finland,FIN,2023,No,No,Northern Europe,Helsinki,Aircraft Carrier,Naval,Sea,Gerald R. Ford / Queen Elizabeth,317,Operational,Needs Repair,2023,1,168.4,53382.8,Multi-National,Partial,No,2024,2032,83.6
1086,Finland,FIN,2023,No,No,Northern Europe,Helsinki,Aircraft Carrier,Naval,Sea,Gerald R. Ford / Queen Elizabeth,1397,Upgrading,Needs Repair,2024,0,218.49,305230.53,Multi-National,Yes,No,2024,2029,88.0
1087,Finland,FIN,2023,No,No,Northern Europe,Helsinki,Aircraft Carrier,Naval,Sea,Gerald R. Ford / Queen Elizabeth,450,On Order,Fair,2024,0,438.12,197154.0,Italy,Partial,No,2024,2026,44.8
1088,Finland,FIN,2023,No,No,Northern Europe,Helsinki,Armored Reconnaissance Vehicle,Armored,Land,Fennek / Fuchs,1304,Upgrading,Fair,2023,1,36.98,48221.92,Italy,Partial,No,2023,2032,81.9
1089,Finland,FIN,2023,No,No,Northern Europe,Helsinki,Armored Reconnaissance Vehicle,Armored,Land,Fennek / Fuchs,1002,Upgrading,Fair,2024,0,242.08,242564.16,USA,Partial,Yes,2024,2032,63.1
1090,Finland,FIN,2023,No,No,Northern Europe,Helsinki,Armored Reconnaissance Vehicle,Armored,Land,Fennek / Fuchs,1819,Reserve,Excellent,2023,1,193.13,351303.47,USA,Partial,No,2024,2028,60.0
1091,Finland,FIN,2023,No,No,Northern Europe,Helsinki,Attack Helicopter,Aviation,Air,AH-64 Apache / Tiger / NH90,1257,Reserve,Excellent,2024,0,160.34,201547.38,Italy,Partial,No,2024,2025,76.6
1092,Finland,FIN,2023,No,No,Northern Europe,Helsinki,Attack Helicopter,Aviation,Air,AH-64 Apache / Tiger / NH90,904,On Order,Excellent,2024,0,107.29,96990.16,Domestic,Partial,Yes,2024,2035,70.2
1093,Finland,FIN,2023,No,No,Northern Europe,Helsinki,Attack Helicopter,Aviation,Air,AH-64 Apache / Tiger / NH90,378,Upgrading,Good,2023,1,375.86,142075.08,Domestic,Yes,No,2024,2034,78.3
1094,Finland,FIN,2023,No,No,Northern Europe,Helsinki,NBC Detection Vehicle,CBRN,Land,Fox / TPz Fuchs,1890,Decommissioning,Fair,2024,0,65.49,123776.1,Multi-National,Partial,Yes,2024,2034,76.0
1095,Finland,FIN,2023,No,No,Northern Europe,Helsinki,NBC Detection Vehicle,CBRN,Land,Fox / TPz Fuchs,984,Operational,End-of-Life,2024,0,184.89,181931.76,Multi-National,No,No,2024,2025,88.2
1096,Finland,FIN,2023,No,No,Northern Europe,Helsinki,Submarine (SSN),Naval,Sea,Virginia-class / Astute-class,1990,In Maintenance,Good,2023,1,123.93,246620.7,UK,Partial,Yes,2023,2029,92.1
1097,Finland,FIN,2023,No,No,Northern Europe,Helsinki,Submarine (SSN),Naval,Sea,Virginia-class / Astute-class,900,Decommissioning,Needs Repair,2023,1,168.94,152046.0,Israel,Partial,No,2023,2029,59.5
1098,Finland,FIN,2023,No,No,Northern Europe,Helsinki,Submarine (SSN),Naval,Sea,Virginia-class / Astute-class,560,Reserve,Good,2024,0,396.4,221984.0,Germany,No,Yes,2024,2031,91.3
1099,Finland,FIN,2023,No,No,Northern Europe,Helsinki,Submarine (SSN),Naval,Sea,Virginia-class / Astute-class,1909,In Maintenance,Needs Repair,2024,0,285.03,544122.27,Germany,Yes,No,2024,2030,95.4
1100,Finland,FIN,2023,No,No,Northern Europe,Helsinki,Satellite Terminal,Communications,Digital,SATCOM / JTRS,1280,On Order,Good,2023,1,48.63,62246.4,Multi-National,No,No,2024,2035,77.5
1101,Finland,FIN,2023,No,No,Northern Europe,Helsinki,Satellite Terminal,Communications,Digital,SATCOM / JTRS,1400,Reserve,Excellent,2023,1,361.46,506044.0,Germany,Yes,No,2024,2035,93.1
1102,Finland,FIN,2023,No,No,Northern Europe,Helsinki,Satellite Terminal,Communications,Digital,SATCOM / JTRS,1608,Operational,Needs Repair,2023,1,250.91,403463.28,Turkey,No,No,2023,2025,94.8
1103,Finland,FIN,2023,No,No,Northern Europe,Helsinki,Cyber Defense Unit,Cyber,Digital,CCDCOE / NATO Cyber Centre,375,Decommissioning,Fair,2024,0,117.29,43983.75,Israel,No,No,2024,2035,63.7
1104,Finland,FIN,2023,No,No,Northern Europe,Helsinki,Cyber Defense Unit,Cyber,Digital,CCDCOE / NATO Cyber Centre,915,Reserve,Excellent,2023,1,374.12,342319.8,USA,Partial,Yes,2024,2031,62.4
1105,Finland,FIN,2023,No,No,Northern Europe,Helsinki,Cyber Defense Unit,Cyber,Digital,CCDCOE / NATO Cyber Centre,142,On Order,Fair,2023,1,257.88,36618.96,UK,Yes,No,2023,2029,52.3
1106,Finland,FIN,2023,No,No,Northern Europe,Helsinki,Frigate,Naval,Sea,FREMM / Type 23 / FREMM,881,In Maintenance,End-of-Life,2024,0,279.15,245931.15,France,Partial,No,2024,2028,66.4
1107,Finland,FIN,2023,No,No,Northern Europe,Helsinki,Frigate,Naval,Sea,FREMM / Type 23 / FREMM,891,Reserve,End-of-Life,2024,0,170.97,152334.27,Domestic,No,Yes,2024,2029,58.1
1108,Finland,FIN,2023,No,No,Northern Europe,Helsinki,Infantry Fighting Vehicle,Armored,Land,Bradley / Puma / AS-21,541,Reserve,Good,2023,1,287.57,155575.37,Israel,Partial,No,2024,2025,60.1
1109,Finland,FIN,2023,No,No,Northern Europe,Helsinki,Infantry Fighting Vehicle,Armored,Land,Bradley / Puma / AS-21,842,On Order,Excellent,2023,1,427.86,360258.12,UK,Partial,Yes,2024,2030,96.7
1110,Finland,FIN,2023,No,No,Northern Europe,Helsinki,Infantry Fighting Vehicle,Armored,Land,Bradley / Puma / AS-21,1423,Operational,Fair,2023,1,134.66,191621.18,France,No,No,2024,2025,99.5
1111,Finland,FIN,2023,No,No,Northern Europe,Helsinki,Infantry Fighting Vehicle,Armored,Land,Bradley / Puma / AS-21,1361,Reserve,Fair,2023,1,49.85,67845.85,Turkey,No,Yes,2024,2033,97.6
1112,Finland,FIN,2023,No,No,Northern Europe,Helsinki,Ground Attack Aircraft,Air Force,Air,A-10 / Tornado IDS,1360,On Order,Fair,2023,1,368.48,501132.8,Multi-National,No,Yes,2023,2029,96.5
1113,Finland,FIN,2023,No,No,Northern Europe,Helsinki,Ground Attack Aircraft,Air Force,Air,A-10 / Tornado IDS,961,Operational,Good,2024,0,180.88,173825.68,Italy,No,No,2024,2025,63.6
1114,Finland,FIN,2023,No,No,Northern Europe,Helsinki,Logistics Truck (Heavy),Logistics,Support,HEMTT / MAN HX,1795,Decommissioning,Fair,2024,0,210.68,378170.6,Germany,Yes,Yes,2024,2029,60.9
1115,Finland,FIN,2023,No,No,Northern Europe,Helsinki,Logistics Truck (Heavy),Logistics,Support,HEMTT / MAN HX,38,Decommissioning,Fair,2024,0,218.95,8320.1,Turkey,No,Yes,2024,2030,42.7
1116,Finland,FIN,2023,No,No,Northern Europe,Helsinki,Logistics Truck (Heavy),Logistics,Support,HEMTT / MAN HX,1614,Operational,Good,2024,0,282.82,456471.48,Israel,Yes,Yes,2024,2035,84.1
1117,Finland,FIN,2023,No,No,Northern Europe,Helsinki,AWACS Aircraft,Air Force,Air,E-3 Sentry / E-7A,620,Operational,Needs Repair,2024,0,1.35,837.0,USA,No,No,2024,2034,82.9
1118,Finland,FIN,2023,No,No,Northern Europe,Helsinki,AWACS Aircraft,Air Force,Air,E-3 Sentry / E-7A,523,Upgrading,Good,2024,0,301.41,157637.43,UK,Yes,No,2024,2033,60.4
1119,Finland,FIN,2023,No,No,Northern Europe,Helsinki,AWACS Aircraft,Air Force,Air,E-3 Sentry / E-7A,87,Reserve,Fair,2023,1,224.94,19569.78,Israel,Yes,Yes,2024,2024,51.4
1120,Finland,FIN,2023,No,No,Northern Europe,Helsinki,AWACS Aircraft,Air Force,Air,E-3 Sentry / E-7A,1690,Operational,Needs Repair,2024,0,45.8,77402.0,Italy,Partial,Yes,2024,2025,66.3
1121,Finland,FIN,2023,No,No,Northern Europe,Helsinki,Submarine (SSK),Naval,Sea,Type 212 / Gotland,1927,On Order,Fair,2024,0,207.28,399428.56,Domestic,No,No,2024,2032,58.7
1122,Finland,FIN,2023,No,No,Northern Europe,Helsinki,Submarine (SSK),Naval,Sea,Type 212 / Gotland,1394,On Order,Good,2023,1,179.34,249999.96,USA,Partial,No,2023,2034,72.9
1123,Finland,FIN,2023,No,No,Northern Europe,Helsinki,Field Hospital,Medical,Support,Role 2 / Role 3 Hospital,870,In Maintenance,Fair,2024,0,181.11,157565.7,France,No,No,2024,2029,92.7
1124,Finland,FIN,2023,No,No,Northern Europe,Helsinki,Field Hospital,Medical,Support,Role 2 / Role 3 Hospital,1631,Decommissioning,Needs Repair,2024,0,316.6,516374.6,Domestic,No,Yes,2024,2026,48.0
1125,Finland,FIN,2023,No,No,Northern Europe,Helsinki,Field Hospital,Medical,Support,Role 2 / Role 3 Hospital,1104,Operational,Good,2023,1,121.91,134588.64,France,No,Yes,2023,2033,40.4
1126,Finland,FIN,2023,No,No,Northern Europe,Helsinki,Field Hospital,Medical,Support,Role 2 / Role 3 Hospital,559,Upgrading,Fair,2023,1,21.68,12119.12,Germany,No,No,2023,2030,64.3
1127,Finland,FIN,2023,No,No,Northern Europe,Helsinki,Combat Engineer Vehicle,Engineering,Land,M9 ACE / Leopard 2 AEV,1892,On Order,End-of-Life,2023,1,141.48,267680.16,Israel,No,Yes,2024,2032,97.7
1128,Finland,FIN,2023,No,No,Northern Europe,Helsinki,Combat Engineer Vehicle,Engineering,Land,M9 ACE / Leopard 2 AEV,403,Upgrading,Good,2023,1,299.05,120517.15,Italy,Partial,No,2024,2032,88.7
1129,Finland,FIN,2023,No,No,Northern Europe,Helsinki,Combat Engineer Vehicle,Engineering,Land,M9 ACE / Leopard 2 AEV,800,Reserve,Good,2023,1,231.39,185112.0,Israel,Yes,No,2024,2035,86.6
1130,Finland,FIN,2023,No,No,Northern Europe,Helsinki,Combat Engineer Vehicle,Engineering,Land,M9 ACE / Leopard 2 AEV,141,Decommissioning,Needs Repair,2023,1,398.92,56247.72,Israel,Partial,Yes,2023,2026,80.3
1131,Finland,FIN,2023,No,No,Northern Europe,Helsinki,Multirole Aircraft,Air Force,Air,F-35 / Rafale / F/A-18,1633,On Order,Good,2023,1,34.46,56273.18,Italy,Yes,No,2023,2025,75.1
1132,Finland,FIN,2023,No,No,Northern Europe,Helsinki,Multirole Aircraft,Air Force,Air,F-35 / Rafale / F/A-18,1619,Decommissioning,Fair,2023,1,379.38,614216.22,Israel,No,No,2024,2034,77.7
1133,Finland,FIN,2023,No,No,Northern Europe,Helsinki,Maritime Helicopter,Aviation,Air,AW159 / MH-60R,1875,In Maintenance,Fair,2024,0,315.18,590962.5,Italy,No,No,2024,2025,71.2
1134,Finland,FIN,2023,No,No,Northern Europe,Helsinki,Maritime Helicopter,Aviation,Air,AW159 / MH-60R,1634,Upgrading,Needs Repair,2024,0,38.85,63480.9,France,Partial,Yes,2024,2026,43.5
1135,Finland,FIN,2023,No,No,Northern Europe,Helsinki,Maritime Helicopter,Aviation,Air,AW159 / MH-60R,1133,In Maintenance,Needs Repair,2023,1,310.66,351977.78,Israel,Partial,No,2023,2032,86.6
1136,Finland,FIN,2023,No,No,Northern Europe,Helsinki,Main Battle Tank,Armored,Land,M1 Abrams / Leopard 2 / Challenger 3,1767,Reserve,Needs Repair,2024,0,422.63,746787.21,Germany,Yes,Yes,2024,2028,79.6
1137,Finland,FIN,2023,No,No,Northern Europe,Helsinki,Main Battle Tank,Armored,Land,M1 Abrams / Leopard 2 / Challenger 3,501,Reserve,Excellent,2023,1,109.7,54959.7,USA,Yes,Yes,2024,2026,72.4
1138,Finland,FIN,2023,No,No,Northern Europe,Helsinki,Main Battle Tank,Armored,Land,M1 Abrams / Leopard 2 / Challenger 3,1868,Operational,End-of-Life,2024,0,5.63,10516.84,Turkey,No,No,2024,2031,42.8
1139,Finland,FIN,2023,No,No,Northern Europe,Helsinki,Mortar System,Artillery,Land,M120 / AMOS,23,Upgrading,Needs Repair,2024,0,297.8,6849.4,USA,Partial,Yes,2024,2030,48.6
1140,Finland,FIN,2023,No,No,Northern Europe,Helsinki,Mortar System,Artillery,Land,M120 / AMOS,1238,Upgrading,Needs Repair,2024,0,1.66,2055.08,USA,Partial,No,2024,2025,69.9
1141,Finland,FIN,2023,No,No,Northern Europe,Helsinki,Mortar System,Artillery,Land,M120 / AMOS,87,Decommissioning,Needs Repair,2024,0,245.75,21380.25,Multi-National,Yes,No,2024,2032,63.4
1142,Finland,FIN,2023,No,No,Northern Europe,Helsinki,Mortar System,Artillery,Land,M120 / AMOS,1178,On Order,Good,2023,1,20.6,24266.8,Israel,No,No,2024,2028,76.8
1143,Finland,FIN,2023,No,No,Northern Europe,Helsinki,Fighter Jet,Air Force,Air,F-16 / Gripen / Typhoon,613,Operational,Needs Repair,2023,1,265.18,162555.34,Domestic,No,Yes,2023,2030,87.0
1144,Finland,FIN,2023,No,No,Northern Europe,Helsinki,Fighter Jet,Air Force,Air,F-16 / Gripen / Typhoon,514,On Order,Needs Repair,2023,1,434.38,223271.32,Domestic,Yes,No,2023,2029,88.8
1145,Finland,FIN,2023,No,No,Northern Europe,Helsinki,Fighter Jet,Air Force,Air,F-16 / Gripen / Typhoon,236,Operational,End-of-Life,2024,0,307.36,72536.96,USA,Partial,No,2024,2027,63.8
1146,Finland,FIN,2023,No,No,Northern Europe,Helsinki,Strategic Transport Aircraft,Air Force,Air,C-17 / A400M / C-130,293,Operational,Needs Repair,2024,0,209.31,61327.83,UK,Yes,Yes,2024,2027,44.0
1147,Finland,FIN,2023,No,No,Northern Europe,Helsinki,Strategic Transport Aircraft,Air Force,Air,C-17 / A400M / C-130,511,Reserve,Good,2024,0,328.02,167618.22,Israel,Yes,Yes,2024,2025,65.4
1148,Finland,FIN,2023,No,No,Northern Europe,Helsinki,Strategic Transport Aircraft,Air Force,Air,C-17 / A400M / C-130,1507,Decommissioning,Needs Repair,2023,1,247.91,373600.37,Italy,No,Yes,2023,2033,53.9
1149,Finland,FIN,2023,No,No,Northern Europe,Helsinki,Strategic Transport Aircraft,Air Force,Air,C-17 / A400M / C-130,1584,Decommissioning,Fair,2024,0,245.58,388998.72,France,Partial,Yes,2024,2030,61.7
1150,Finland,FIN,2023,No,No,Northern Europe,Helsinki,Long-Range SAM,Air Defense,Land,Patriot PAC-3 / S-400,1815,Upgrading,Fair,2024,0,383.15,695417.25,Italy,No,No,2024,2035,82.3
1151,Finland,FIN,2023,No,No,Northern Europe,Helsinki,Long-Range SAM,Air Defense,Land,Patriot PAC-3 / S-400,252,On Order,Excellent,2023,1,394.3,99363.6,UK,Yes,Yes,2023,2032,54.6
1152,Finland,FIN,2023,No,No,Northern Europe,Helsinki,Tanker Aircraft,Air Force,Air,KC-135 / A330 MRTT,1172,On Order,End-of-Life,2024,0,165.76,194270.72,Turkey,Partial,Yes,2024,2029,88.4
1153,Finland,FIN,2023,No,No,Northern Europe,Helsinki,Tanker Aircraft,Air Force,Air,KC-135 / A330 MRTT,1768,Upgrading,Excellent,2024,0,45.43,80320.24,Turkey,Partial,Yes,2024,2024,60.7
1154,Finland,FIN,2023,No,No,Northern Europe,Helsinki,Mine Countermeasure Vessel,Naval,Sea,Hunt-class / Alkmaar,927,Reserve,Excellent,2023,1,402.02,372672.54,Germany,No,No,2023,2029,45.6
1155,Finland,FIN,2023,No,No,Northern Europe,Helsinki,Mine Countermeasure Vessel,Naval,Sea,Hunt-class / Alkmaar,805,In Maintenance,End-of-Life,2024,0,243.62,196114.1,Italy,Yes,Yes,2024,2030,73.5
1156,Finland,FIN,2023,No,No,Northern Europe,Helsinki,Mine Countermeasure Vessel,Naval,Sea,Hunt-class / Alkmaar,238,Upgrading,Needs Repair,2024,0,343.9,81848.2,Turkey,Partial,No,2024,2024,63.2
1157,Finland,FIN,2023,No,No,Northern Europe,Helsinki,Mine Countermeasure Vessel,Naval,Sea,Hunt-class / Alkmaar,461,On Order,End-of-Life,2024,0,146.41,67495.01,Turkey,Partial,Yes,2024,2034,85.7
1158,Finland,FIN,2023,No,No,Northern Europe,Helsinki,Patrol Vessel,Naval,Sea,OPV / Fast Attack Craft,93,Reserve,End-of-Life,2023,1,102.0,9486.0,Israel,Partial,No,2024,2031,93.7
1159,Finland,FIN,2023,No,No,Northern Europe,Helsinki,Patrol Vessel,Naval,Sea,OPV / Fast Attack Craft,542,Operational,Fair,2024,0,52.78,28606.76,Multi-National,No,Yes,2024,2035,92.3
1160,Finland,FIN,2023,No,No,Northern Europe,Helsinki,Medium-Range SAM,Air Defense,Land,Patriot / NASAMS / SAMP/T,1487,Decommissioning,Excellent,2023,1,379.74,564673.38,Italy,No,Yes,2024,2028,49.7
1161,Finland,FIN,2023,No,No,Northern Europe,Helsinki,Medium-Range SAM,Air Defense,Land,Patriot / NASAMS / SAMP/T,107,Decommissioning,Fair,2024,0,267.66,28639.62,UK,No,No,2024,2025,46.4
1162,Finland,FIN,2023,No,No,Northern Europe,Helsinki,Medium-Range SAM,Air Defense,Land,Patriot / NASAMS / SAMP/T,993,Upgrading,Fair,2024,0,176.8,175562.4,UK,Partial,No,2024,2029,67.6
1163,Finland,FIN,2023,No,No,Northern Europe,Helsinki,Anti-Tank Missile System,Anti-Armor,Land,Javelin / SPIKE / Milan,1159,Upgrading,End-of-Life,2024,0,68.69,79611.71,France,No,No,2024,2034,41.5
1164,Finland,FIN,2023,No,No,Northern Europe,Helsinki,Anti-Tank Missile System,Anti-Armor,Land,Javelin / SPIKE / Milan,418,Reserve,Needs Repair,2023,1,274.18,114607.24,Multi-National,No,No,2023,2030,62.7
1165,Finland,FIN,2023,No,No,Northern Europe,Helsinki,Anti-Tank Missile System,Anti-Armor,Land,Javelin / SPIKE / Milan,1210,On Order,Needs Repair,2023,1,415.01,502162.1,USA,Yes,Yes,2024,2032,68.5
1166,Finland,FIN,2023,No,No,Northern Europe,Helsinki,Anti-Tank Missile System,Anti-Armor,Land,Javelin / SPIKE / Milan,1281,Upgrading,Needs Repair,2024,0,397.48,509171.88,Italy,No,Yes,2024,2033,73.8
1167,Finland,FIN,2023,No,No,Northern Europe,Helsinki,Electronic Warfare System,Electronics,Land,JAMMER / Krasukha,297,Upgrading,End-of-Life,2024,0,100.66,29896.02,Germany,Partial,No,2024,2034,87.0
1168,Finland,FIN,2023,No,No,Northern Europe,Helsinki,Electronic Warfare System,Electronics,Land,JAMMER / Krasukha,114,Reserve,Excellent,2024,0,341.8,38965.2,Germany,Partial,No,2024,2026,79.6
1169,Finland,FIN,2023,No,No,Northern Europe,Helsinki,Electronic Warfare System,Electronics,Land,JAMMER / Krasukha,68,On Order,Good,2024,0,243.07,16528.76,UK,Yes,Yes,2024,2027,81.0
1170,Finland,FIN,2023,No,No,Northern Europe,Helsinki,Sniper Rifle System,Small Arms,Land,Barrett M82 / Accuracy Int.,108,Decommissioning,Good,2023,1,97.45,10524.6,UK,No,No,2023,2030,88.8
1171,Finland,FIN,2023,No,No,Northern Europe,Helsinki,Sniper Rifle System,Small Arms,Land,Barrett M82 / Accuracy Int.,1823,Upgrading,End-of-Life,2023,1,375.62,684755.26,UK,Partial,Yes,2023,2030,76.7
1172,Finland,FIN,2023,No,No,Northern Europe,Helsinki,Radar System,Electronics,Land,AN/TPY-2 / AN/MPQ-65,269,Decommissioning,Needs Repair,2023,1,153.79,41369.51,Italy,Yes,No,2023,2026,70.3
1173,Finland,FIN,2023,No,No,Northern Europe,Helsinki,Radar System,Electronics,Land,AN/TPY-2 / AN/MPQ-65,498,Operational,Excellent,2024,0,322.07,160390.86,Israel,No,No,2024,2028,71.8
1174,Finland,FIN,2023,No,No,Northern Europe,Helsinki,Radar System,Electronics,Land,AN/TPY-2 / AN/MPQ-65,1599,Operational,End-of-Life,2024,0,110.81,177185.19,Multi-National,Yes,No,2024,2029,61.0
1175,Finland,FIN,2023,No,No,Northern Europe,Helsinki,Radar System,Electronics,Land,AN/TPY-2 / AN/MPQ-65,638,Operational,Fair,2023,1,238.47,152143.86,France,No,No,2024,2026,61.9
1176,Finland,FIN,2023,No,No,Northern Europe,Helsinki,Patrol Aircraft,Air Force,Air,P-8 Poseidon / Atlantic,984,On Order,Needs Repair,2024,0,248.02,244051.68,Multi-National,No,Yes,2024,2024,53.7
1177,Finland,FIN,2023,No,No,Northern Europe,Helsinki,Patrol Aircraft,Air Force,Air,P-8 Poseidon / Atlantic,1210,In Maintenance,Excellent,2023,1,76.37,92407.7,Turkey,Yes,Yes,2024,2032,64.0
1178,Finland,FIN,2023,No,No,Northern Europe,Helsinki,Armored Personnel Carrier,Armored,Land,M113 / Boxer / BTR-80,1891,Decommissioning,Good,2023,1,428.16,809650.56,Multi-National,No,No,2023,2032,69.8
1179,Finland,FIN,2023,No,No,Northern Europe,Helsinki,Armored Personnel Carrier,Armored,Land,M113 / Boxer / BTR-80,1694,In Maintenance,Fair,2023,1,113.59,192421.46,Italy,No,Yes,2023,2031,94.9
1180,Finland,FIN,2023,No,No,Northern Europe,Helsinki,Armored Personnel Carrier,Armored,Land,M113 / Boxer / BTR-80,1184,Operational,Needs Repair,2024,0,139.71,165416.64,Domestic,Yes,Yes,2024,2032,73.3
1181,Finland,FIN,2023,No,No,Northern Europe,Helsinki,Air Superiority Fighter,Air Force,Air,F-22 / Typhoon,966,Operational,Excellent,2023,1,9.21,8896.86,Germany,Partial,No,2024,2029,81.0
1182,Finland,FIN,2023,No,No,Northern Europe,Helsinki,Air Superiority Fighter,Air Force,Air,F-22 / Typhoon,309,In Maintenance,Excellent,2023,1,66.64,20591.76,USA,Partial,No,2024,2028,62.0
1183,Finland,FIN,2023,No,No,Northern Europe,Helsinki,Logistics Support Vessel,Naval,Sea,Supply / Berlin-class,138,Upgrading,End-of-Life,2024,0,124.3,17153.4,Germany,Partial,Yes,2024,2028,64.3
1184,Finland,FIN,2023,No,No,Northern Europe,Helsinki,Logistics Support Vessel,Naval,Sea,Supply / Berlin-class,271,On Order,Excellent,2024,0,144.13,39059.23,USA,No,Yes,2024,2034,80.8
1185,Finland,FIN,2023,No,No,Northern Europe,Helsinki,Logistics Support Vessel,Naval,Sea,Supply / Berlin-class,918,Operational,Good,2024,0,124.46,114254.28,Israel,Yes,No,2024,2028,84.0
1186,Finland,FIN,2023,No,No,Northern Europe,Helsinki,Multiple Launch Rocket System,Artillery,Land,M270 / HIMARS / BM-21,415,Reserve,End-of-Life,2023,1,258.0,107070.0,Turkey,Yes,Yes,2023,2030,72.0
1187,Finland,FIN,2023,No,No,Northern Europe,Helsinki,Multiple Launch Rocket System,Artillery,Land,M270 / HIMARS / BM-21,1321,Operational,Fair,2023,1,192.1,253764.1,Italy,No,Yes,2023,2026,64.0
1188,France,FRA,1949,Yes,Yes,Western Europe,Paris,Strategic Bomber,Air Force,Air,B-52 / B-2 Spirit,923,Decommissioning,Good,1950,74,374.19,345377.37,Turkey,Partial,No,2014,2026,75.5
1189,France,FRA,1949,Yes,Yes,Western Europe,Paris,Strategic Bomber,Air Force,Air,B-52 / B-2 Spirit,213,On Order,Fair,1993,31,241.22,51379.86,Italy,Yes,Yes,2020,2027,88.0
1190,France,FRA,1949,Yes,Yes,Western Europe,Paris,Strategic Bomber,Air Force,Air,B-52 / B-2 Spirit,1324,Decommissioning,Good,2006,18,37.94,50232.56,Domestic,No,No,2020,2028,81.7
1191,France,FRA,1949,Yes,Yes,Western Europe,Paris,Strategic Bomber,Air Force,Air,B-52 / B-2 Spirit,228,Reserve,End-of-Life,1989,35,411.68,93863.04,Turkey,Yes,No,1999,2030,47.8
1192,France,FRA,1949,Yes,Yes,Western Europe,Paris,Sniper Rifle System,Small Arms,Land,Barrett M82 / Accuracy Int.,165,In Maintenance,Excellent,2016,8,416.59,68737.35,Germany,No,No,2023,2027,85.5
1193,France,FRA,1949,Yes,Yes,Western Europe,Paris,Sniper Rifle System,Small Arms,Land,Barrett M82 / Accuracy Int.,1324,Upgrading,Needs Repair,2005,19,318.87,422183.88,Germany,No,No,2011,2034,58.3
1194,France,FRA,1949,Yes,Yes,Western Europe,Paris,Sniper Rifle System,Small Arms,Land,Barrett M82 / Accuracy Int.,1291,Decommissioning,Needs Repair,1993,31,387.04,499668.64,Multi-National,No,Yes,2017,2029,68.5
1195,France,FRA,1949,Yes,Yes,Western Europe,Paris,Sniper Rifle System,Small Arms,Land,Barrett M82 / Accuracy Int.,693,Reserve,Good,2001,23,338.83,234809.19,Multi-National,Partial,Yes,2006,2033,94.9
1196,France,FRA,1949,Yes,Yes,Western Europe,Paris,Combat Engineer Vehicle,Engineering,Land,M9 ACE / Leopard 2 AEV,1564,Decommissioning,Excellent,1978,46,121.96,190745.44,UK,Yes,No,2008,2033,91.8
1197,France,FRA,1949,Yes,Yes,Western Europe,Paris,Combat Engineer Vehicle,Engineering,Land,M9 ACE / Leopard 2 AEV,1970,On Order,Excellent,1956,68,282.1,555737.0,UK,Yes,Yes,2009,2035,61.2
1198,France,FRA,1949,Yes,Yes,Western Europe,Paris,Mine Countermeasure Vessel,Naval,Sea,Hunt-class / Alkmaar,980,In Maintenance,Needs Repair,2003,21,57.79,56634.2,Israel,Partial,Yes,2007,2029,55.7
1199,France,FRA,1949,Yes,Yes,Western Europe,Paris,Mine Countermeasure Vessel,Naval,Sea,Hunt-class / Alkmaar,316,Decommissioning,Good,1954,70,99.76,31524.16,Domestic,Partial,Yes,1988,2034,98.4
1200,France,FRA,1949,Yes,Yes,Western Europe,Paris,Maritime Helicopter,Aviation,Air,AW159 / MH-60R,1392,In Maintenance,Excellent,1992,32,67.16,93486.72,USA,No,Yes,2003,2030,58.6
1201,France,FRA,1949,Yes,Yes,Western Europe,Paris,Maritime Helicopter,Aviation,Air,AW159 / MH-60R,136,Reserve,Needs Repair,1983,41,221.36,30104.96,Domestic,Yes,Yes,2016,2028,47.5
1202,France,FRA,1949,Yes,Yes,Western Europe,Paris,Corvette,Naval,Sea,Skjold / Visby / Burak,1634,Reserve,End-of-Life,1978,46,98.23,160507.82,Multi-National,Partial,No,2006,2028,49.8
1203,France,FRA,1949,Yes,Yes,Western Europe,Paris,Corvette,Naval,Sea,Skjold / Visby / Burak,1180,On Order,Fair,2018,6,287.0,338660.0,Israel,Partial,No,2023,2031,87.2
1204,France,FRA,1949,Yes,Yes,Western Europe,Paris,Corvette,Naval,Sea,Skjold / Visby / Burak,1634,In Maintenance,End-of-Life,1960,64,442.33,722767.22,Domestic,Yes,Yes,2015,2026,84.4
1205,France,FRA,1949,Yes,Yes,Western Europe,Paris,Corvette,Naval,Sea,Skjold / Visby / Burak,954,Operational,Excellent,1980,44,181.51,173160.54,France,Yes,Yes,2016,2024,82.1
1206,France,FRA,1949,Yes,Yes,Western Europe,Paris,Towed Howitzer,Artillery,Land,M777 / FH70 / D-30,115,Upgrading,Needs Repair,2005,19,135.63,15597.45,USA,Partial,No,2014,2026,67.1
1207,France,FRA,1949,Yes,Yes,Western Europe,Paris,Towed Howitzer,Artillery,Land,M777 / FH70 / D-30,1003,On Order,Fair,1981,43,378.99,380126.97,Italy,No,Yes,1999,2026,78.4
1208,France,FRA,1949,Yes,Yes,Western Europe,Paris,Towed Howitzer,Artillery,Land,M777 / FH70 / D-30,257,Decommissioning,Good,2001,23,278.85,71664.45,Domestic,Partial,No,2015,2029,88.6
1209,France,FRA,1949,Yes,Yes,Western Europe,Paris,Towed Howitzer,Artillery,Land,M777 / FH70 / D-30,550,In Maintenance,Fair,2023,1,101.47,55808.5,France,Partial,No,2023,2028,59.1
1210,France,FRA,1949,Yes,Yes,Western Europe,Paris,Radar System,Electronics,Land,AN/TPY-2 / AN/MPQ-65,1516,On Order,Fair,1973,51,356.14,539908.24,Germany,Partial,No,2008,2035,53.3
1211,France,FRA,1949,Yes,Yes,Western Europe,Paris,Radar System,Electronics,Land,AN/TPY-2 / AN/MPQ-65,937,Decommissioning,Excellent,1975,49,112.03,104972.11,France,Yes,Yes,2005,2027,56.6
1212,France,FRA,1949,Yes,Yes,Western Europe,Paris,Satellite Terminal,Communications,Digital,SATCOM / JTRS,1290,In Maintenance,Needs Repair,1976,48,23.19,29915.1,UK,Yes,Yes,1985,2028,85.4
1213,France,FRA,1949,Yes,Yes,Western Europe,Paris,Satellite Terminal,Communications,Digital,SATCOM / JTRS,1913,Decommissioning,End-of-Life,1982,42,10.23,19569.99,Italy,Yes,No,1992,2024,54.5
1214,France,FRA,1949,Yes,Yes,Western Europe,Paris,Frigate,Naval,Sea,FREMM / Type 23 / FREMM,93,Upgrading,Excellent,1991,33,412.18,38332.74,Germany,Yes,Yes,2011,2025,89.0
1215,France,FRA,1949,Yes,Yes,Western Europe,Paris,Frigate,Naval,Sea,FREMM / Type 23 / FREMM,1000,Reserve,Fair,1961,63,164.85,164850.0,Multi-National,No,Yes,1995,2034,99.8
1216,France,FRA,1949,Yes,Yes,Western Europe,Paris,Frigate,Naval,Sea,FREMM / Type 23 / FREMM,109,On Order,Fair,1984,40,68.77,7495.93,Italy,No,No,1988,2025,75.6
1217,France,FRA,1949,Yes,Yes,Western Europe,Paris,Main Battle Tank,Armored,Land,M1 Abrams / Leopard 2 / Challenger 3,762,In Maintenance,Fair,1997,27,385.2,293522.4,France,Partial,Yes,2012,2032,44.5
1218,France,FRA,1949,Yes,Yes,Western Europe,Paris,Main Battle Tank,Armored,Land,M1 Abrams / Leopard 2 / Challenger 3,188,On Order,Fair,1981,43,370.12,69582.56,Domestic,No,Yes,2000,2033,97.6
1219,France,FRA,1949,Yes,Yes,Western Europe,Paris,Bridge Layer,Engineering,Land,AVLB / Biber,1264,On Order,Needs Repair,2010,14,49.98,63174.72,Italy,No,No,2011,2030,65.9
1220,France,FRA,1949,Yes,Yes,Western Europe,Paris,Bridge Layer,Engineering,Land,AVLB / Biber,474,On Order,Good,1972,52,431.48,204521.52,UK,No,Yes,1973,2030,47.2
1221,France,FRA,1949,Yes,Yes,Western Europe,Paris,Tanker Aircraft,Air Force,Air,KC-135 / A330 MRTT,276,Decommissioning,Fair,1959,65,302.27,83426.52,Israel,Yes,No,1975,2024,92.4
1222,France,FRA,1949,Yes,Yes,Western Europe,Paris,Tanker Aircraft,Air Force,Air,KC-135 / A330 MRTT,3,Operational,Fair,2008,16,196.4,589.2,Domestic,No,Yes,2009,2029,76.4
1223,France,FRA,1949,Yes,Yes,Western Europe,Paris,Tanker Aircraft,Air Force,Air,KC-135 / A330 MRTT,1352,Reserve,Needs Repair,1999,25,225.69,305132.88,Turkey,No,Yes,2008,2027,81.1
1224,France,FRA,1949,Yes,Yes,Western Europe,Paris,Infantry Fighting Vehicle,Armored,Land,Bradley / Puma / AS-21,1976,Decommissioning,Excellent,2004,20,11.28,22289.28,Domestic,Yes,Yes,2006,2028,85.8
1225,France,FRA,1949,Yes,Yes,Western Europe,Paris,Infantry Fighting Vehicle,Armored,Land,Bradley / Puma / AS-21,857,On Order,Good,1962,62,382.39,327708.23,Germany,No,Yes,1996,2033,52.4
1226,France,FRA,1949,Yes,Yes,Western Europe,Paris,Infantry Fighting Vehicle,Armored,Land,Bradley / Puma / AS-21,577,Upgrading,Good,2000,24,295.57,170543.89,Multi-National,Partial,Yes,2013,2032,68.3
1227,France,FRA,1949,Yes,Yes,Western Europe,Paris,Infantry Fighting Vehicle,Armored,Land,Bradley / Puma / AS-21,1099,On Order,Fair,1995,29,40.32,44311.68,Israel,Partial,Yes,2006,2034,42.1
1228,France,FRA,1949,Yes,Yes,Western Europe,Paris,Electronic Warfare System,Electronics,Land,JAMMER / Krasukha,783,Decommissioning,End-of-Life,1992,32,446.97,349977.51,Germany,No,No,2003,2032,42.1
1229,France,FRA,1949,Yes,Yes,Western Europe,Paris,Electronic Warfare System,Electronics,Land,JAMMER / Krasukha,983,In Maintenance,Excellent,1969,55,321.68,316211.44,Multi-National,Yes,No,1997,2026,77.9
1230,France,FRA,1949,Yes,Yes,Western Europe,Paris,Electronic Warfare System,Electronics,Land,JAMMER / Krasukha,940,Reserve,Excellent,1976,48,158.59,149074.6,Turkey,Partial,Yes,2022,2035,82.6
1231,France,FRA,1949,Yes,Yes,Western Europe,Paris,Electronic Warfare System,Electronics,Land,JAMMER / Krasukha,60,Upgrading,End-of-Life,2018,6,100.26,6015.6,Turkey,Partial,No,2018,2034,55.3
1232,France,FRA,1949,Yes,Yes,Western Europe,Paris,Aircraft Carrier,Naval,Sea,Gerald R. Ford / Queen Elizabeth,1246,Upgrading,Excellent,2020,4,92.39,115117.94,UK,No,No,2022,2033,42.1
1233,France,FRA,1949,Yes,Yes,Western Europe,Paris,Aircraft Carrier,Naval,Sea,Gerald R. Ford / Queen Elizabeth,892,On Order,Needs Repair,1998,26,237.32,211689.44,Turkey,No,Yes,2015,2029,85.7
1234,France,FRA,1949,Yes,Yes,Western Europe,Paris,Aircraft Carrier,Naval,Sea,Gerald R. Ford / Queen Elizabeth,1831,Reserve,Fair,1962,62,38.26,70054.06,Israel,Yes,No,2004,2033,87.7
1235,France,FRA,1949,Yes,Yes,Western Europe,Paris,Submarine (SSK),Naval,Sea,Type 212 / Gotland,426,Operational,End-of-Life,1988,36,112.4,47882.4,Domestic,Partial,No,2001,2033,95.8
1236,France,FRA,1949,Yes,Yes,Western Europe,Paris,Submarine (SSK),Naval,Sea,Type 212 / Gotland,35,Decommissioning,Fair,1954,70,61.05,2136.75,Israel,No,Yes,1984,2031,82.1
1237,France,FRA,1949,Yes,Yes,Western Europe,Paris,Submarine (SSK),Naval,Sea,Type 212 / Gotland,989,In Maintenance,Excellent,1980,44,8.78,8683.42,Israel,No,No,1986,2033,86.9
1238,France,FRA,1949,Yes,Yes,Western Europe,Paris,Submarine (SSN),Naval,Sea,Virginia-class / Astute-class,222,Upgrading,Good,1997,27,127.79,28369.38,Domestic,Yes,Yes,2005,2034,43.4
1239,France,FRA,1949,Yes,Yes,Western Europe,Paris,Submarine (SSN),Naval,Sea,Virginia-class / Astute-class,1955,Reserve,Fair,1997,27,429.91,840474.05,Italy,Yes,Yes,2007,2028,75.3
1240,France,FRA,1949,Yes,Yes,Western Europe,Paris,Submarine (SSN),Naval,Sea,Virginia-class / Astute-class,66,On Order,Excellent,2014,10,447.09,29507.94,Multi-National,Yes,No,2020,2034,67.4
1241,France,FRA,1949,Yes,Yes,Western Europe,Paris,Mortar System,Artillery,Land,M120 / AMOS,1046,Upgrading,Excellent,2011,13,61.23,64046.58,Israel,Yes,Yes,2014,2028,54.9
1242,France,FRA,1949,Yes,Yes,Western Europe,Paris,Mortar System,Artillery,Land,M120 / AMOS,452,Decommissioning,Excellent,1957,67,12.86,5812.72,UK,Yes,No,1977,2033,58.4
1243,France,FRA,1949,Yes,Yes,Western Europe,Paris,Mortar System,Artillery,Land,M120 / AMOS,1920,Upgrading,Fair,1978,46,443.67,851846.4,USA,No,No,1998,2028,64.8
1244,France,FRA,1949,Yes,Yes,Western Europe,Paris,Mortar System,Artillery,Land,M120 / AMOS,795,Upgrading,Good,1969,55,230.64,183358.8,Italy,Yes,No,1979,2026,60.2
1245,France,FRA,1949,Yes,Yes,Western Europe,Paris,Anti-Drone System,Air Defense,Land,DroneShield / AUDS / Skyfend,1595,Operational,Excellent,1991,33,284.51,453793.45,Germany,Yes,Yes,1993,2026,53.4
1246,France,FRA,1949,Yes,Yes,Western Europe,Paris,Anti-Drone System,Air Defense,Land,DroneShield / AUDS / Skyfend,1955,Upgrading,Needs Repair,1986,38,18.01,35209.55,Turkey,Yes,Yes,2009,2025,79.5
1247,France,FRA,1949,Yes,Yes,Western Europe,Paris,Anti-Drone System,Air Defense,Land,DroneShield / AUDS / Skyfend,1064,Reserve,Excellent,2022,2,331.59,352811.76,Multi-National,Partial,Yes,2024,2024,60.2
1248,France,FRA,1949,Yes,Yes,Western Europe,Paris,Attack Helicopter,Aviation,Air,AH-64 Apache / Tiger / NH90,826,Decommissioning,Excellent,2005,19,20.03,16544.78,Germany,Yes,Yes,2020,2032,73.1
1249,France,FRA,1949,Yes,Yes,Western Europe,Paris,Attack Helicopter,Aviation,Air,AH-64 Apache / Tiger / NH90,1581,Decommissioning,Excellent,1985,39,218.92,346112.52,Multi-National,No,Yes,2011,2025,59.6
1250,France,FRA,1949,Yes,Yes,Western Europe,Paris,Attack Helicopter,Aviation,Air,AH-64 Apache / Tiger / NH90,972,Decommissioning,Fair,2000,24,275.37,267659.64,UK,No,Yes,2000,2026,49.6
1251,France,FRA,1949,Yes,Yes,Western Europe,Paris,Armored Reconnaissance Vehicle,Armored,Land,Fennek / Fuchs,1423,Decommissioning,End-of-Life,2021,3,67.55,96123.65,Israel,Yes,Yes,2022,2031,54.1
1252,France,FRA,1949,Yes,Yes,Western Europe,Paris,Armored Reconnaissance Vehicle,Armored,Land,Fennek / Fuchs,159,In Maintenance,Excellent,1988,36,165.46,26308.14,USA,Partial,Yes,1997,2030,80.7
1253,France,FRA,1949,Yes,Yes,Western Europe,Paris,Armored Reconnaissance Vehicle,Armored,Land,Fennek / Fuchs,1294,Operational,End-of-Life,1965,59,414.08,535819.52,France,Partial,No,1965,2030,45.1
1254,France,FRA,1949,Yes,Yes,Western Europe,Paris,Medium-Range SAM,Air Defense,Land,Patriot / NASAMS / SAMP/T,932,Decommissioning,Excellent,1961,63,393.07,366341.24,USA,Partial,Yes,2001,2030,97.3
1255,France,FRA,1949,Yes,Yes,Western Europe,Paris,Medium-Range SAM,Air Defense,Land,Patriot / NASAMS / SAMP/T,1387,On Order,Needs Repair,1968,56,399.83,554564.21,Israel,Partial,Yes,1986,2025,98.0
1256,France,FRA,1949,Yes,Yes,Western Europe,Paris,Medium-Range SAM,Air Defense,Land,Patriot / NASAMS / SAMP/T,453,Operational,Good,1983,41,35.78,16208.34,USA,Partial,Yes,1990,2032,77.9
1257,France,FRA,1949,Yes,Yes,Western Europe,Paris,Logistics Support Vessel,Naval,Sea,Supply / Berlin-class,21,On Order,Good,1993,31,414.77,8710.17,Germany,No,Yes,2021,2033,80.0
1258,France,FRA,1949,Yes,Yes,Western Europe,Paris,Logistics Support Vessel,Naval,Sea,Supply / Berlin-class,636,Decommissioning,Fair,1989,35,202.97,129088.92,Israel,Yes,No,1992,2030,67.1
1259,France,FRA,1949,Yes,Yes,Western Europe,Paris,Logistics Support Vessel,Naval,Sea,Supply / Berlin-class,608,In Maintenance,Excellent,2014,10,206.72,125685.76,Domestic,Yes,Yes,2018,2029,85.7
1260,France,FRA,1949,Yes,Yes,Western Europe,Paris,Air Superiority Fighter,Air Force,Air,F-22 / Typhoon,558,In Maintenance,Needs Repair,1990,34,213.47,119116.26,Italy,Partial,No,2007,2024,67.3
1261,France,FRA,1949,Yes,Yes,Western Europe,Paris,Air Superiority Fighter,Air Force,Air,F-22 / Typhoon,550,Upgrading,Fair,1953,71,100.51,55280.5,UK,Partial,No,1953,2033,96.5
1262,France,FRA,1949,Yes,Yes,Western Europe,Paris,Air Superiority Fighter,Air Force,Air,F-22 / Typhoon,507,Upgrading,End-of-Life,1963,61,318.75,161606.25,UK,Yes,Yes,2015,2034,64.2
1263,France,FRA,1949,Yes,Yes,Western Europe,Paris,Destroyer,Naval,Sea,Arleigh Burke / Type 45,147,Operational,Good,1950,74,375.14,55145.58,Germany,No,No,1994,2027,96.3
1264,France,FRA,1949,Yes,Yes,Western Europe,Paris,Destroyer,Naval,Sea,Arleigh Burke / Type 45,1441,Upgrading,Needs Repair,2021,3,20.94,30174.54,France,Yes,Yes,2021,2024,99.7
1265,France,FRA,1949,Yes,Yes,Western Europe,Paris,Destroyer,Naval,Sea,Arleigh Burke / Type 45,1236,Reserve,Needs Repair,2001,23,289.98,358415.28,USA,Yes,No,2008,2030,42.2
1266,France,FRA,1949,Yes,Yes,Western Europe,Paris,Light Tank,Armored,Land,CV90105 / AMX-10RC,45,Reserve,End-of-Life,1957,67,126.76,5704.2,Israel,No,No,2005,2034,78.1
1267,France,FRA,1949,Yes,Yes,Western Europe,Paris,Light Tank,Armored,Land,CV90105 / AMX-10RC,1673,Decommissioning,Fair,2016,8,266.13,445235.49,Multi-National,Yes,No,2016,2034,54.8
1268,France,FRA,1949,Yes,Yes,Western Europe,Paris,Light Tank,Armored,Land,CV90105 / AMX-10RC,1657,Operational,Needs Repair,1963,61,11.9,19718.3,Turkey,Yes,Yes,1991,2031,96.9
1269,France,FRA,1949,Yes,Yes,Western Europe,Paris,Armored Personnel Carrier,Armored,Land,M113 / Boxer / BTR-80,1341,Reserve,End-of-Life,2011,13,141.28,189456.48,France,Yes,Yes,2018,2032,46.2
1270,France,FRA,1949,Yes,Yes,Western Europe,Paris,Armored Personnel Carrier,Armored,Land,M113 / Boxer / BTR-80,1909,Decommissioning,Needs Repair,1959,65,199.34,380540.06,Domestic,Yes,No,1962,2026,95.2
1271,France,FRA,1949,Yes,Yes,Western Europe,Paris,Ballistic Missile Defense,Strategic,Land,THAAD / Aegis Ashore,588,Reserve,Fair,1987,37,39.22,23061.36,Israel,No,No,2001,2027,54.0
1272,France,FRA,1949,Yes,Yes,Western Europe,Paris,Ballistic Missile Defense,Strategic,Land,THAAD / Aegis Ashore,1357,Decommissioning,Needs Repair,2016,8,136.72,185529.04,Italy,No,Yes,2019,2033,99.0
1273,France,FRA,1949,Yes,Yes,Western Europe,Paris,Ballistic Missile Defense,Strategic,Land,THAAD / Aegis Ashore,985,On Order,Good,1953,71,368.44,362913.4,Italy,Yes,Yes,1960,2028,77.0
1274,France,FRA,1949,Yes,Yes,Western Europe,Paris,AWACS Aircraft,Air Force,Air,E-3 Sentry / E-7A,1197,Upgrading,Fair,1973,51,173.43,207595.71,France,Partial,No,2018,2025,97.3
1275,France,FRA,1949,Yes,Yes,Western Europe,Paris,AWACS Aircraft,Air Force,Air,E-3 Sentry / E-7A,1258,Upgrading,Good,2011,13,291.59,366820.22,USA,No,Yes,2020,2028,85.7
1276,France,FRA,1949,Yes,Yes,Western Europe,Paris,AWACS Aircraft,Air Force,Air,E-3 Sentry / E-7A,1424,Upgrading,Good,1969,55,123.23,175479.52,France,Partial,No,2023,2032,62.5
1277,France,FRA,1949,Yes,Yes,Western Europe,Paris,AWACS Aircraft,Air Force,Air,E-3 Sentry / E-7A,676,In Maintenance,Needs Repair,1981,43,376.1,254243.6,Israel,Partial,No,2023,2025,55.6
1278,France,FRA,1949,Yes,Yes,Western Europe,Paris,Ammunition Supply Vehicle,Logistics,Support,PLS / DROPS,1897,In Maintenance,Excellent,1980,44,123.43,234146.71,Turkey,Partial,No,2008,2024,65.8
1279,France,FRA,1949,Yes,Yes,Western Europe,Paris,Ammunition Supply Vehicle,Logistics,Support,PLS / DROPS,750,Operational,Needs Repair,1996,28,251.87,188902.5,France,No,No,2015,2026,47.1
1280,France,FRA,1949,Yes,Yes,Western Europe,Paris,NBC Detection Vehicle,CBRN,Land,Fox / TPz Fuchs,250,Operational,Needs Repair,1999,25,61.74,15435.0,Multi-National,Partial,Yes,2010,2028,63.5
1281,France,FRA,1949,Yes,Yes,Western Europe,Paris,NBC Detection Vehicle,CBRN,Land,Fox / TPz Fuchs,822,Decommissioning,End-of-Life,1976,48,368.91,303244.02,Turkey,Yes,Yes,1994,2034,98.5
1282,France,FRA,1949,Yes,Yes,Western Europe,Paris,NBC Detection Vehicle,CBRN,Land,Fox / TPz Fuchs,1324,Operational,Good,1991,33,162.6,215282.4,France,No,Yes,2021,2035,90.3
1283,France,FRA,1949,Yes,Yes,Western Europe,Paris,NBC Detection Vehicle,CBRN,Land,Fox / TPz Fuchs,204,Upgrading,End-of-Life,2019,5,443.51,90476.04,Germany,No,No,2020,2033,89.9
1284,France,FRA,1949,Yes,Yes,Western Europe,Paris,Transport Helicopter,Aviation,Air,CH-47 Chinook / NH90,114,In Maintenance,Needs Repair,1992,32,11.22,1279.08,Domestic,Yes,Yes,1997,2025,80.0
1285,France,FRA,1949,Yes,Yes,Western Europe,Paris,Transport Helicopter,Aviation,Air,CH-47 Chinook / NH90,1537,Reserve,Needs Repair,1957,67,37.88,58221.56,USA,No,Yes,2015,2027,73.7
1286,France,FRA,1949,Yes,Yes,Western Europe,Paris,Transport Helicopter,Aviation,Air,CH-47 Chinook / NH90,1615,On Order,End-of-Life,1982,42,435.59,703477.85,Multi-National,Yes,Yes,1987,2027,40.1
1287,France,FRA,1949,Yes,Yes,Western Europe,Paris,Transport Helicopter,Aviation,Air,CH-47 Chinook / NH90,1379,On Order,Good,2021,3,230.64,318052.56,Multi-National,No,No,2021,2034,81.1
1288,France,FRA,1949,Yes,Yes,Western Europe,Paris,Multiple Launch Rocket System,Artillery,Land,M270 / HIMARS / BM-21,1681,Upgrading,Good,2021,3,383.79,645150.99,France,Partial,Yes,2021,2024,55.8
1289,France,FRA,1949,Yes,Yes,Western Europe,Paris,Multiple Launch Rocket System,Artillery,Land,M270 / HIMARS / BM-21,539,On Order,Needs Repair,2017,7,56.63,30523.57,France,Partial,No,2022,2029,83.4
1290,France,FRA,1949,Yes,Yes,Western Europe,Paris,Multiple Launch Rocket System,Artillery,Land,M270 / HIMARS / BM-21,145,Operational,End-of-Life,1967,57,57.34,8314.3,Multi-National,Yes,Yes,1968,2030,52.8
1291,France,FRA,1949,Yes,Yes,Western Europe,Paris,Multiple Launch Rocket System,Artillery,Land,M270 / HIMARS / BM-21,169,Upgrading,Fair,2017,7,327.39,55328.91,USA,No,No,2018,2034,77.7
1292,France,FRA,1949,Yes,Yes,Western Europe,Paris,Ground Attack Aircraft,Air Force,Air,A-10 / Tornado IDS,459,Upgrading,Fair,1953,71,70.42,32322.78,USA,Partial,No,1983,2030,70.4
1293,France,FRA,1949,Yes,Yes,Western Europe,Paris,Ground Attack Aircraft,Air Force,Air,A-10 / Tornado IDS,650,Upgrading,Needs Repair,1958,66,186.52,121238.0,UK,Yes,Yes,1976,2027,86.8
1294,France,FRA,1949,Yes,Yes,Western Europe,Paris,Ground Attack Aircraft,Air Force,Air,A-10 / Tornado IDS,1366,On Order,Good,1958,66,321.0,438486.0,Germany,No,Yes,1977,2034,88.2
1295,France,FRA,1949,Yes,Yes,Western Europe,Paris,Ground Attack Aircraft,Air Force,Air,A-10 / Tornado IDS,1650,In Maintenance,Needs Repair,2008,16,410.22,676863.0,France,No,No,2018,2026,96.1
1296,France,FRA,1949,Yes,Yes,Western Europe,Paris,UAV / Drone,Air Force,Air,MQ-9 Reaper / Bayraktar TB2,380,Reserve,Fair,2003,21,342.84,130279.2,Multi-National,No,Yes,2023,2030,85.9
1297,France,FRA,1949,Yes,Yes,Western Europe,Paris,UAV / Drone,Air Force,Air,MQ-9 Reaper / Bayraktar TB2,1496,Operational,Excellent,2019,5,196.04,293275.84,USA,No,Yes,2020,2024,65.5
1298,France,FRA,1949,Yes,Yes,Western Europe,Paris,UAV / Drone,Air Force,Air,MQ-9 Reaper / Bayraktar TB2,51,Decommissioning,Needs Repair,2016,8,11.52,587.52,Turkey,Yes,No,2021,2035,60.8
1299,France,FRA,1949,Yes,Yes,Western Europe,Paris,Strategic Transport Aircraft,Air Force,Air,C-17 / A400M / C-130,1353,Upgrading,Good,1957,67,347.03,469531.59,Turkey,Partial,No,1963,2026,95.2
1300,France,FRA,1949,Yes,Yes,Western Europe,Paris,Strategic Transport Aircraft,Air Force,Air,C-17 / A400M / C-130,1183,Operational,Fair,1962,62,309.8,366493.4,Israel,Yes,No,1972,2025,64.7
1301,France,FRA,1949,Yes,Yes,Western Europe,Paris,Strategic Transport Aircraft,Air Force,Air,C-17 / A400M / C-130,1817,Operational,Good,2000,24,178.17,323734.89,Germany,Yes,No,2016,2028,44.3
1302,France,FRA,1949,Yes,Yes,Western Europe,Paris,Strategic Transport Aircraft,Air Force,Air,C-17 / A400M / C-130,1632,Reserve,Fair,1950,74,79.26,129352.32,Turkey,No,Yes,2008,2033,51.7
1303,Germany,DEU,1955,No,Yes,Western Europe,Berlin,Submarine (SSK),Naval,Sea,Type 212 / Gotland,301,On Order,End-of-Life,1976,48,282.91,85155.91,Germany,Partial,No,1990,2026,87.9
1304,Germany,DEU,1955,No,Yes,Western Europe,Berlin,Submarine (SSK),Naval,Sea,Type 212 / Gotland,82,Decommissioning,End-of-Life,2015,9,307.49,25214.18,France,Yes,Yes,2022,2027,82.9
1305,Germany,DEU,1955,No,Yes,Western Europe,Berlin,Submarine (SSK),Naval,Sea,Type 212 / Gotland,725,In Maintenance,Good,1992,32,245.37,177893.25,Domestic,No,Yes,1992,2025,77.0
1306,Germany,DEU,1955,No,Yes,Western Europe,Berlin,Submarine (SSK),Naval,Sea,Type 212 / Gotland,1732,In Maintenance,End-of-Life,1957,67,247.91,429380.12,Turkey,No,Yes,2012,2034,82.9
1307,Germany,DEU,1955,No,Yes,Western Europe,Berlin,Cyber Defense Unit,Cyber,Digital,CCDCOE / NATO Cyber Centre,1257,In Maintenance,Needs Repair,2010,14,343.03,431188.71,Italy,Yes,Yes,2019,2035,83.8
1308,Germany,DEU,1955,No,Yes,Western Europe,Berlin,Cyber Defense Unit,Cyber,Digital,CCDCOE / NATO Cyber Centre,725,On Order,Excellent,1997,27,41.57,30138.25,Domestic,No,Yes,1998,2032,46.9
1309,Germany,DEU,1955,No,Yes,Western Europe,Berlin,Cyber Defense Unit,Cyber,Digital,CCDCOE / NATO Cyber Centre,623,On Order,Good,2023,1,345.98,215545.54,Germany,No,Yes,2023,2035,42.9
1310,Germany,DEU,1955,No,Yes,Western Europe,Berlin,Transport Helicopter,Aviation,Air,CH-47 Chinook / NH90,858,In Maintenance,Good,1956,68,448.22,384572.76,France,No,Yes,1975,2035,79.2
1311,Germany,DEU,1955,No,Yes,Western Europe,Berlin,Transport Helicopter,Aviation,Air,CH-47 Chinook / NH90,474,In Maintenance,Fair,1955,69,317.57,150528.18,Germany,Partial,No,1980,2031,59.8
1312,Germany,DEU,1955,No,Yes,Western Europe,Berlin,Patrol Aircraft,Air Force,Air,P-8 Poseidon / Atlantic,1178,Decommissioning,Good,1969,55,441.28,519827.84,Multi-National,Yes,Yes,2024,2030,82.5
1313,Germany,DEU,1955,No,Yes,Western Europe,Berlin,Patrol Aircraft,Air Force,Air,P-8 Poseidon / Atlantic,454,Upgrading,End-of-Life,1970,54,190.2,86350.8,Israel,Partial,No,2016,2034,58.3
1314,Germany,DEU,1955,No,Yes,Western Europe,Berlin,Armored Reconnaissance Vehicle,Armored,Land,Fennek / Fuchs,424,Reserve,Fair,1955,69,114.78,48666.72,USA,Yes,No,1967,2030,63.4
1315,Germany,DEU,1955,No,Yes,Western Europe,Berlin,Armored Reconnaissance Vehicle,Armored,Land,Fennek / Fuchs,1190,On Order,End-of-Life,2014,10,2.43,2891.7,UK,No,No,2022,2024,46.0
1316,Germany,DEU,1955,No,Yes,Western Europe,Berlin,Logistics Support Vessel,Naval,Sea,Supply / Berlin-class,1345,Reserve,Good,1967,57,220.67,296801.15,Israel,Partial,Yes,2000,2024,75.1
1317,Germany,DEU,1955,No,Yes,Western Europe,Berlin,Logistics Support Vessel,Naval,Sea,Supply / Berlin-class,607,Operational,Fair,1967,57,54.0,32778.0,Domestic,Partial,No,2006,2033,98.6
1318,Germany,DEU,1955,No,Yes,Western Europe,Berlin,Logistics Support Vessel,Naval,Sea,Supply / Berlin-class,853,In Maintenance,Excellent,1967,57,329.0,280637.0,Italy,Yes,No,1990,2026,81.8
1319,Germany,DEU,1955,No,Yes,Western Europe,Berlin,Logistics Support Vessel,Naval,Sea,Supply / Berlin-class,1428,Decommissioning,Excellent,1975,49,60.36,86194.08,Italy,Partial,Yes,2004,2034,66.7
1320,Germany,DEU,1955,No,Yes,Western Europe,Berlin,Field Hospital,Medical,Support,Role 2 / Role 3 Hospital,483,On Order,Excellent,1999,25,414.59,200246.97,UK,No,No,2004,2029,84.7
1321,Germany,DEU,1955,No,Yes,Western Europe,Berlin,Field Hospital,Medical,Support,Role 2 / Role 3 Hospital,1387,Operational,Excellent,1980,44,268.32,372159.84,USA,Yes,No,1990,2029,59.1
1322,Germany,DEU,1955,No,Yes,Western Europe,Berlin,Field Hospital,Medical,Support,Role 2 / Role 3 Hospital,1406,Upgrading,Needs Repair,2010,14,375.75,528304.5,Multi-National,Partial,Yes,2016,2024,53.2
1323,Germany,DEU,1955,No,Yes,Western Europe,Berlin,Anti-Tank Missile System,Anti-Armor,Land,Javelin / SPIKE / Milan,567,In Maintenance,Excellent,2023,1,264.61,150033.87,UK,No,Yes,2024,2025,90.1
1324,Germany,DEU,1955,No,Yes,Western Europe,Berlin,Anti-Tank Missile System,Anti-Armor,Land,Javelin / SPIKE / Milan,886,Reserve,Good,1963,61,359.77,318756.22,Germany,Partial,Yes,1986,2035,59.7
1325,Germany,DEU,1955,No,Yes,Western Europe,Berlin,Anti-Tank Missile System,Anti-Armor,Land,Javelin / SPIKE / Milan,1419,Reserve,End-of-Life,1992,32,297.51,422166.69,Germany,Yes,No,2014,2033,64.4
1326,Germany,DEU,1955,No,Yes,Western Europe,Berlin,Ground Attack Aircraft,Air Force,Air,A-10 / Tornado IDS,913,Operational,Excellent,2018,6,270.01,246519.13,France,No,Yes,2018,2035,58.3
1327,Germany,DEU,1955,No,Yes,Western Europe,Berlin,Ground Attack Aircraft,Air Force,Air,A-10 / Tornado IDS,680,In Maintenance,Needs Repair,2014,10,185.55,126174.0,UK,No,Yes,2015,2030,40.0
1328,Germany,DEU,1955,No,Yes,Western Europe,Berlin,Ground Attack Aircraft,Air Force,Air,A-10 / Tornado IDS,1169,Decommissioning,Needs Repair,2000,24,435.61,509228.09,Domestic,Yes,No,2021,2026,50.9
1329,Germany,DEU,1955,No,Yes,Western Europe,Berlin,Destroyer,Naval,Sea,Arleigh Burke / Type 45,414,Decommissioning,Needs Repair,2003,21,319.34,132206.76,Domestic,Yes,Yes,2011,2031,65.9
1330,Germany,DEU,1955,No,Yes,Western Europe,Berlin,Destroyer,Naval,Sea,Arleigh Burke / Type 45,1534,Decommissioning,End-of-Life,1964,60,58.89,90337.26,Multi-National,Partial,Yes,1964,2034,99.2
1331,Germany,DEU,1955,No,Yes,Western Europe,Berlin,Strategic Bomber,Air Force,Air,B-52 / B-2 Spirit,577,On Order,Excellent,2004,20,406.18,234365.86,France,Partial,No,2022,2033,47.6
1332,Germany,DEU,1955,No,Yes,Western Europe,Berlin,Strategic Bomber,Air Force,Air,B-52 / B-2 Spirit,217,Operational,Good,1997,27,313.32,67990.44,France,Partial,No,2020,2032,92.8
1333,Germany,DEU,1955,No,Yes,Western Europe,Berlin,Strategic Bomber,Air Force,Air,B-52 / B-2 Spirit,1387,In Maintenance,End-of-Life,2000,24,397.19,550902.53,Italy,Partial,No,2016,2034,46.3
1334,Germany,DEU,1955,No,Yes,Western Europe,Berlin,Self-Propelled Howitzer,Artillery,Land,PzH 2000 / K9 Thunder / Caesar,1591,Upgrading,Needs Repair,1985,39,436.13,693882.83,France,Yes,Yes,1985,2031,54.2
1335,Germany,DEU,1955,No,Yes,Western Europe,Berlin,Self-Propelled Howitzer,Artillery,Land,PzH 2000 / K9 Thunder / Caesar,1204,Decommissioning,Fair,1991,33,277.16,333700.64,UK,No,No,2007,2028,56.6
1336,Germany,DEU,1955,No,Yes,Western Europe,Berlin,Self-Propelled Howitzer,Artillery,Land,PzH 2000 / K9 Thunder / Caesar,1742,Decommissioning,Good,1960,64,203.63,354723.46,Israel,Yes,No,2003,2028,79.2
1337,Germany,DEU,1955,No,Yes,Western Europe,Berlin,Ammunition Supply Vehicle,Logistics,Support,PLS / DROPS,1576,Decommissioning,Excellent,2012,12,373.74,589014.24,Israel,Yes,No,2015,2029,74.7
1338,Germany,DEU,1955,No,Yes,Western Europe,Berlin,Ammunition Supply Vehicle,Logistics,Support,PLS / DROPS,1885,Decommissioning,End-of-Life,2020,4,94.58,178283.3,Italy,Partial,Yes,2023,2033,82.2
1339,Germany,DEU,1955,No,Yes,Western Europe,Berlin,Ammunition Supply Vehicle,Logistics,Support,PLS / DROPS,1174,Reserve,Needs Repair,2009,15,164.06,192606.44,Multi-National,Yes,No,2019,2030,79.9
1340,Germany,DEU,1955,No,Yes,Western Europe,Berlin,Anti-Drone System,Air Defense,Land,DroneShield / AUDS / Skyfend,149,Reserve,Good,2003,21,214.89,32018.61,UK,Partial,Yes,2018,2035,52.6
1341,Germany,DEU,1955,No,Yes,Western Europe,Berlin,Anti-Drone System,Air Defense,Land,DroneShield / AUDS / Skyfend,908,Upgrading,Needs Repair,1967,57,362.96,329567.68,Israel,Yes,Yes,1987,2034,41.5
1342,Germany,DEU,1955,No,Yes,Western Europe,Berlin,Anti-Drone System,Air Defense,Land,DroneShield / AUDS / Skyfend,1284,Decommissioning,Good,1955,69,221.62,284560.08,Israel,Partial,Yes,1974,2027,51.8
1343,Germany,DEU,1955,No,Yes,Western Europe,Berlin,Anti-Drone System,Air Defense,Land,DroneShield / AUDS / Skyfend,1459,Operational,Good,2019,5,145.04,211613.36,France,No,No,2020,2032,59.9
1344,Germany,DEU,1955,No,Yes,Western Europe,Berlin,Submarine (SSN),Naval,Sea,Virginia-class / Astute-class,1493,In Maintenance,Needs Repair,1978,46,101.28,151211.04,Italy,Yes,Yes,2007,2027,58.8
1345,Germany,DEU,1955,No,Yes,Western Europe,Berlin,Submarine (SSN),Naval,Sea,Virginia-class / Astute-class,1376,Reserve,End-of-Life,1997,27,364.08,500974.08,Turkey,Yes,No,2016,2035,43.2
1346,Germany,DEU,1955,No,Yes,Western Europe,Berlin,Anti-Aircraft Gun,Air Defense,Land,Oerlikon 35mm / ZU-23,1985,Upgrading,Needs Repair,1971,53,110.93,220196.05,USA,No,No,2021,2033,59.8
1347,Germany,DEU,1955,No,Yes,Western Europe,Berlin,Anti-Aircraft Gun,Air Defense,Land,Oerlikon 35mm / ZU-23,70,Reserve,Fair,1986,38,319.81,22386.7,Italy,Partial,No,1988,2026,42.2
1348,Germany,DEU,1955,No,Yes,Western Europe,Berlin,UAV / Drone,Air Force,Air,MQ-9 Reaper / Bayraktar TB2,234,In Maintenance,Needs Repair,2015,9,113.54,26568.36,UK,No,No,2024,2028,87.9
1349,Germany,DEU,1955,No,Yes,Western Europe,Berlin,UAV / Drone,Air Force,Air,MQ-9 Reaper / Bayraktar TB2,1638,In Maintenance,Excellent,2005,19,50.47,82669.86,Multi-National,Partial,Yes,2024,2025,97.3
1350,Germany,DEU,1955,No,Yes,Western Europe,Berlin,UAV / Drone,Air Force,Air,MQ-9 Reaper / Bayraktar TB2,304,Operational,Needs Repair,2016,8,304.81,92662.24,Italy,Yes,No,2022,2025,94.3
1351,Germany,DEU,1955,No,Yes,Western Europe,Berlin,Frigate,Naval,Sea,FREMM / Type 23 / FREMM,1782,Decommissioning,Good,1974,50,407.91,726895.62,Domestic,No,No,1992,2028,65.1
1352,Germany,DEU,1955,No,Yes,Western Europe,Berlin,Frigate,Naval,Sea,FREMM / Type 23 / FREMM,1425,Operational,Fair,2000,24,112.13,159785.25,Italy,No,No,2010,2033,59.9
1353,Germany,DEU,1955,No,Yes,Western Europe,Berlin,Main Battle Tank,Armored,Land,M1 Abrams / Leopard 2 / Challenger 3,1987,Reserve,Needs Repair,2007,17,95.9,190553.3,Domestic,No,No,2022,2032,76.3
1354,Germany,DEU,1955,No,Yes,Western Europe,Berlin,Main Battle Tank,Armored,Land,M1 Abrams / Leopard 2 / Challenger 3,1378,In Maintenance,Good,1994,30,415.36,572366.08,Germany,No,No,2021,2027,74.5
1355,Germany,DEU,1955,No,Yes,Western Europe,Berlin,Towed Howitzer,Artillery,Land,M777 / FH70 / D-30,128,Upgrading,Excellent,1988,36,305.43,39095.04,Domestic,Partial,Yes,2003,2030,73.9
1356,Germany,DEU,1955,No,Yes,Western Europe,Berlin,Towed Howitzer,Artillery,Land,M777 / FH70 / D-30,1478,Upgrading,End-of-Life,1973,51,426.64,630573.92,Domestic,Yes,Yes,1982,2024,73.8
1357,Germany,DEU,1955,No,Yes,Western Europe,Berlin,Towed Howitzer,Artillery,Land,M777 / FH70 / D-30,769,Upgrading,Excellent,1998,26,304.6,234237.4,Turkey,Partial,Yes,2011,2034,96.2
1358,Germany,DEU,1955,No,Yes,Western Europe,Berlin,Towed Howitzer,Artillery,Land,M777 / FH70 / D-30,948,Operational,Fair,1958,66,413.0,391524.0,USA,Yes,Yes,1965,2027,75.0
1359,Germany,DEU,1955,No,Yes,Western Europe,Berlin,NBC Detection Vehicle,CBRN,Land,Fox / TPz Fuchs,519,Upgrading,Needs Repair,1994,30,275.41,142937.79,Turkey,Yes,Yes,2006,2026,83.6
1360,Germany,DEU,1955,No,Yes,Western Europe,Berlin,NBC Detection Vehicle,CBRN,Land,Fox / TPz Fuchs,1130,On Order,Good,1979,45,308.8,348944.0,USA,Partial,Yes,2015,2030,86.9
1361,Germany,DEU,1955,No,Yes,Western Europe,Berlin,Bridge Layer,Engineering,Land,AVLB / Biber,302,Reserve,Good,1969,55,1.6,483.2,Domestic,No,Yes,1979,2026,95.1
1362,Germany,DEU,1955,No,Yes,Western Europe,Berlin,Bridge Layer,Engineering,Land,AVLB / Biber,88,In Maintenance,Good,1962,62,404.02,35553.76,Multi-National,Yes,No,1990,2035,56.8
1363,Germany,DEU,1955,No,Yes,Western Europe,Berlin,Bridge Layer,Engineering,Land,AVLB / Biber,931,Decommissioning,End-of-Life,1961,63,142.34,132518.54,Italy,No,No,1982,2032,95.9
1364,Germany,DEU,1955,No,Yes,Western Europe,Berlin,Bridge Layer,Engineering,Land,AVLB / Biber,129,In Maintenance,End-of-Life,2006,18,87.49,11286.21,Domestic,Yes,Yes,2019,2033,73.1
1365,Germany,DEU,1955,No,Yes,Western Europe,Berlin,Mine Countermeasure Vessel,Naval,Sea,Hunt-class / Alkmaar,531,Reserve,End-of-Life,2008,16,316.81,168226.11,Italy,Yes,No,2023,2030,40.8
1366,Germany,DEU,1955,No,Yes,Western Europe,Berlin,Mine Countermeasure Vessel,Naval,Sea,Hunt-class / Alkmaar,1164,Operational,Needs Repair,2008,16,368.4,428817.6,UK,No,Yes,2016,2029,50.6
1367,Germany,DEU,1955,No,Yes,Western Europe,Berlin,Mine Countermeasure Vessel,Naval,Sea,Hunt-class / Alkmaar,946,Upgrading,Fair,1982,42,204.15,193125.9,Turkey,No,No,1982,2031,40.2
1368,Germany,DEU,1955,No,Yes,Western Europe,Berlin,Logistics Truck (Heavy),Logistics,Support,HEMTT / MAN HX,1433,Upgrading,Needs Repair,1989,35,187.75,269045.75,Turkey,Yes,No,1994,2026,94.2
1369,Germany,DEU,1955,No,Yes,Western Europe,Berlin,Logistics Truck (Heavy),Logistics,Support,HEMTT / MAN HX,1054,In Maintenance,End-of-Life,2019,5,273.2,287952.8,UK,Yes,No,2023,2024,87.7
1370,Germany,DEU,1955,No,Yes,Western Europe,Berlin,Logistics Truck (Heavy),Logistics,Support,HEMTT / MAN HX,281,In Maintenance,Needs Repair,2020,4,358.59,100763.79,USA,Partial,No,2022,2025,66.2
1371,Germany,DEU,1955,No,Yes,Western Europe,Berlin,Logistics Truck (Heavy),Logistics,Support,HEMTT / MAN HX,4,Upgrading,Excellent,1998,26,88.55,354.2,Multi-National,No,Yes,2008,2030,83.6
1372,Germany,DEU,1955,No,Yes,Western Europe,Berlin,Medium-Range SAM,Air Defense,Land,Patriot / NASAMS / SAMP/T,1113,In Maintenance,Excellent,2020,4,5.25,5843.25,Israel,No,No,2023,2033,90.2
1373,Germany,DEU,1955,No,Yes,Western Europe,Berlin,Medium-Range SAM,Air Defense,Land,Patriot / NASAMS / SAMP/T,1304,Decommissioning,End-of-Life,1963,61,65.38,85255.52,France,Yes,Yes,2011,2028,48.0
1374,Germany,DEU,1955,No,Yes,Western Europe,Berlin,Medium-Range SAM,Air Defense,Land,Patriot / NASAMS / SAMP/T,1404,Reserve,Fair,2001,23,107.58,151042.32,USA,No,Yes,2003,2033,76.2
1375,Germany,DEU,1955,No,Yes,Western Europe,Berlin,Long-Range SAM,Air Defense,Land,Patriot PAC-3 / S-400,1141,Decommissioning,Needs Repair,1988,36,250.5,285820.5,Domestic,Partial,Yes,2018,2024,81.5
1376,Germany,DEU,1955,No,Yes,Western Europe,Berlin,Long-Range SAM,Air Defense,Land,Patriot PAC-3 / S-400,1598,Operational,Fair,2006,18,218.91,349818.18,Germany,Yes,No,2020,2034,46.2
1377,Germany,DEU,1955,No,Yes,Western Europe,Berlin,Long-Range SAM,Air Defense,Land,Patriot PAC-3 / S-400,1945,Reserve,Excellent,1962,62,212.35,413020.75,UK,Yes,Yes,1989,2032,74.7
1378,Germany,DEU,1955,No,Yes,Western Europe,Berlin,Long-Range SAM,Air Defense,Land,Patriot PAC-3 / S-400,1501,Upgrading,Good,2011,13,268.9,403618.9,UK,No,Yes,2021,2024,59.6
1379,Germany,DEU,1955,No,Yes,Western Europe,Berlin,Sniper Rifle System,Small Arms,Land,Barrett M82 / Accuracy Int.,189,Decommissioning,Excellent,1959,65,416.9,78794.1,Domestic,Partial,No,1965,2025,69.7
1380,Germany,DEU,1955,No,Yes,Western Europe,Berlin,Sniper Rifle System,Small Arms,Land,Barrett M82 / Accuracy Int.,1511,In Maintenance,Excellent,2001,23,13.12,19824.32,Italy,Yes,Yes,2012,2034,57.3
1381,Germany,DEU,1955,No,Yes,Western Europe,Berlin,Fighter Jet,Air Force,Air,F-16 / Gripen / Typhoon,336,Decommissioning,Good,1984,40,316.65,106394.4,Domestic,Yes,Yes,1995,2033,94.0
1382,Germany,DEU,1955,No,Yes,Western Europe,Berlin,Fighter Jet,Air Force,Air,F-16 / Gripen / Typhoon,965,Decommissioning,Needs Repair,2001,23,407.06,392812.9,UK,Partial,No,2022,2035,79.2
1383,Germany,DEU,1955,No,Yes,Western Europe,Berlin,Fighter Jet,Air Force,Air,F-16 / Gripen / Typhoon,1763,Decommissioning,Needs Repair,1997,27,288.18,508061.34,Italy,Partial,No,2020,2028,55.2
1384,Germany,DEU,1955,No,Yes,Western Europe,Berlin,Aircraft Carrier,Naval,Sea,Gerald R. Ford / Queen Elizabeth,711,On Order,End-of-Life,1974,50,172.92,122946.12,UK,Partial,Yes,1977,2028,45.0
1385,Germany,DEU,1955,No,Yes,Western Europe,Berlin,Aircraft Carrier,Naval,Sea,Gerald R. Ford / Queen Elizabeth,584,On Order,Good,1969,55,157.48,91968.32,Turkey,No,Yes,2019,2034,91.0
1386,Germany,DEU,1955,No,Yes,Western Europe,Berlin,Armored Personnel Carrier,Armored,Land,M113 / Boxer / BTR-80,1846,Decommissioning,Good,1979,45,107.64,198703.44,Turkey,No,No,2015,2034,76.4
1387,Germany,DEU,1955,No,Yes,Western Europe,Berlin,Armored Personnel Carrier,Armored,Land,M113 / Boxer / BTR-80,778,On Order,Needs Repair,2023,1,52.29,40681.62,Domestic,Partial,No,2024,2031,85.9
1388,Germany,DEU,1955,No,Yes,Western Europe,Berlin,Tanker Aircraft,Air Force,Air,KC-135 / A330 MRTT,618,Decommissioning,Fair,1960,64,360.07,222523.26,Israel,Partial,Yes,1995,2028,75.2
1389,Germany,DEU,1955,No,Yes,Western Europe,Berlin,Tanker Aircraft,Air Force,Air,KC-135 / A330 MRTT,73,Reserve,End-of-Life,2020,4,26.71,1949.83,Israel,Yes,No,2020,2034,61.3
1390,Germany,DEU,1955,No,Yes,Western Europe,Berlin,Tanker Aircraft,Air Force,Air,KC-135 / A330 MRTT,525,Decommissioning,End-of-Life,1988,36,149.15,78303.75,Multi-National,No,Yes,1999,2028,62.4
1391,Germany,DEU,1955,No,Yes,Western Europe,Berlin,Electronic Warfare System,Electronics,Land,JAMMER / Krasukha,651,On Order,End-of-Life,1973,51,438.32,285346.32,USA,Yes,Yes,1978,2035,97.7
1392,Germany,DEU,1955,No,Yes,Western Europe,Berlin,Electronic Warfare System,Electronics,Land,JAMMER / Krasukha,1867,On Order,Excellent,2021,3,167.69,313077.23,Multi-National,No,No,2024,2032,76.5
1393,Germany,DEU,1955,No,Yes,Western Europe,Berlin,Patrol Vessel,Naval,Sea,OPV / Fast Attack Craft,1490,In Maintenance,Excellent,1996,28,268.61,400228.9,France,No,No,1999,2032,79.9
1394,Germany,DEU,1955,No,Yes,Western Europe,Berlin,Patrol Vessel,Naval,Sea,OPV / Fast Attack Craft,109,In Maintenance,Fair,2013,11,325.58,35488.22,Multi-National,Yes,Yes,2015,2026,79.3
1395,Germany,DEU,1955,No,Yes,Western Europe,Berlin,Patrol Vessel,Naval,Sea,OPV / Fast Attack Craft,859,Decommissioning,Needs Repair,1988,36,70.11,60224.49,Germany,Yes,No,2009,2028,72.7
1396,Germany,DEU,1955,No,Yes,Western Europe,Berlin,Patrol Vessel,Naval,Sea,OPV / Fast Attack Craft,337,Upgrading,End-of-Life,2021,3,391.45,131918.65,USA,Partial,Yes,2021,2028,68.2
1397,Germany,DEU,1955,No,Yes,Western Europe,Berlin,Combat Engineer Vehicle,Engineering,Land,M9 ACE / Leopard 2 AEV,525,Reserve,Needs Repair,2024,0,126.38,66349.5,Domestic,No,Yes,2024,2031,97.4
1398,Germany,DEU,1955,No,Yes,Western Europe,Berlin,Combat Engineer Vehicle,Engineering,Land,M9 ACE / Leopard 2 AEV,988,In Maintenance,Excellent,1987,37,307.15,303464.2,UK,No,Yes,2016,2026,69.9
1399,Germany,DEU,1955,No,Yes,Western Europe,Berlin,Combat Engineer Vehicle,Engineering,Land,M9 ACE / Leopard 2 AEV,1098,Reserve,Good,1961,63,364.0,399672.0,Germany,No,No,2015,2033,95.1
1400,Germany,DEU,1955,No,Yes,Western Europe,Berlin,Combat Engineer Vehicle,Engineering,Land,M9 ACE / Leopard 2 AEV,1063,Decommissioning,End-of-Life,2013,11,265.56,282290.28,Turkey,No,No,2017,2028,59.7
1401,Germany,DEU,1955,No,Yes,Western Europe,Berlin,Air Superiority Fighter,Air Force,Air,F-22 / Typhoon,1811,Operational,Good,2012,12,341.44,618347.84,UK,Yes,Yes,2021,2026,83.3
1402,Germany,DEU,1955,No,Yes,Western Europe,Berlin,Air Superiority Fighter,Air Force,Air,F-22 / Typhoon,1192,Operational,Fair,1982,42,187.47,223464.24,Israel,Yes,No,2003,2034,99.4
1403,Germany,DEU,1955,No,Yes,Western Europe,Berlin,Air Superiority Fighter,Air Force,Air,F-22 / Typhoon,1432,In Maintenance,End-of-Life,1981,43,113.4,162388.8,Domestic,Yes,Yes,1998,2032,57.2
1404,Germany,DEU,1955,No,Yes,Western Europe,Berlin,Attack Helicopter,Aviation,Air,AH-64 Apache / Tiger / NH90,982,On Order,Fair,1986,38,190.16,186737.12,Israel,Yes,Yes,2009,2030,73.2
1405,Germany,DEU,1955,No,Yes,Western Europe,Berlin,Attack Helicopter,Aviation,Air,AH-64 Apache / Tiger / NH90,825,On Order,Good,1972,52,317.51,261945.75,Domestic,No,Yes,2014,2030,60.1
1406,Germany,DEU,1955,No,Yes,Western Europe,Berlin,Attack Helicopter,Aviation,Air,AH-64 Apache / Tiger / NH90,518,Reserve,Good,2021,3,14.1,7303.8,USA,No,Yes,2022,2035,47.8
1407,Germany,DEU,1955,No,Yes,Western Europe,Berlin,Corvette,Naval,Sea,Skjold / Visby / Burak,1893,Operational,Good,1993,31,108.95,206242.35,Turkey,Partial,Yes,2024,2025,72.2
1408,Germany,DEU,1955,No,Yes,Western Europe,Berlin,Corvette,Naval,Sea,Skjold / Visby / Burak,1303,Upgrading,Fair,1975,49,128.28,167148.84,Israel,Yes,Yes,1981,2026,77.5
1409,Germany,DEU,1955,No,Yes,Western Europe,Berlin,Corvette,Naval,Sea,Skjold / Visby / Burak,431,Upgrading,End-of-Life,2024,0,314.49,135545.19,Germany,Partial,No,2024,2030,64.9
1410,Germany,DEU,1955,No,Yes,Western Europe,Berlin,Corvette,Naval,Sea,Skjold / Visby / Burak,655,Decommissioning,Fair,1993,31,156.35,102409.25,Multi-National,No,No,2007,2029,65.9
1411,Germany,DEU,1955,No,Yes,Western Europe,Berlin,Ballistic Missile Defense,Strategic,Land,THAAD / Aegis Ashore,1708,Operational,Good,1992,32,36.42,62205.36,Multi-National,Partial,Yes,2013,2026,44.6
1412,Germany,DEU,1955,No,Yes,Western Europe,Berlin,Ballistic Missile Defense,Strategic,Land,THAAD / Aegis Ashore,352,Upgrading,Needs Repair,2021,3,317.35,111707.2,Domestic,No,No,2024,2033,95.2
1413,Germany,DEU,1955,No,Yes,Western Europe,Berlin,Ballistic Missile Defense,Strategic,Land,THAAD / Aegis Ashore,1242,In Maintenance,End-of-Life,2022,2,342.65,425571.3,Multi-National,Yes,No,2023,2024,59.7
1414,Germany,DEU,1955,No,Yes,Western Europe,Berlin,Ballistic Missile Defense,Strategic,Land,THAAD / Aegis Ashore,93,In Maintenance,Good,1986,38,36.12,3359.16,Multi-National,Partial,No,1991,2035,85.2
1415,Germany,DEU,1955,No,Yes,Western Europe,Berlin,AWACS Aircraft,Air Force,Air,E-3 Sentry / E-7A,431,In Maintenance,Needs Repair,1975,49,413.12,178054.72,Israel,Partial,No,1993,2026,87.2
1416,Germany,DEU,1955,No,Yes,Western Europe,Berlin,AWACS Aircraft,Air Force,Air,E-3 Sentry / E-7A,1905,In Maintenance,Needs Repair,2016,8,245.54,467753.7,Multi-National,Partial,No,2018,2031,48.6
1417,Germany,DEU,1955,No,Yes,Western Europe,Berlin,Mortar System,Artillery,Land,M120 / AMOS,1515,On Order,Good,2003,21,441.71,669190.65,Germany,Yes,No,2017,2032,53.6
1418,Germany,DEU,1955,No,Yes,Western Europe,Berlin,Mortar System,Artillery,Land,M120 / AMOS,552,On Order,Excellent,2011,13,436.49,240942.48,Israel,Yes,Yes,2024,2027,55.9
1419,Germany,DEU,1955,No,Yes,Western Europe,Berlin,Mortar System,Artillery,Land,M120 / AMOS,1298,On Order,Fair,1999,25,366.06,475145.88,Turkey,Yes,No,2012,2026,51.6
1420,Germany,DEU,1955,No,Yes,Western Europe,Berlin,Radar System,Electronics,Land,AN/TPY-2 / AN/MPQ-65,266,On Order,Excellent,2012,12,225.12,59881.92,Domestic,No,No,2015,2029,71.8
1421,Germany,DEU,1955,No,Yes,Western Europe,Berlin,Radar System,Electronics,Land,AN/TPY-2 / AN/MPQ-65,1447,In Maintenance,Needs Repair,2015,9,98.64,142732.08,France,Partial,Yes,2017,2032,60.6
1422,Germany,DEU,1955,No,Yes,Western Europe,Berlin,Radar System,Electronics,Land,AN/TPY-2 / AN/MPQ-65,1895,Operational,Fair,2012,12,415.29,786974.55,Germany,No,Yes,2024,2035,98.2
1423,Germany,DEU,1955,No,Yes,Western Europe,Berlin,Radar System,Electronics,Land,AN/TPY-2 / AN/MPQ-65,680,Upgrading,End-of-Life,1998,26,152.32,103577.6,France,Partial,No,2012,2034,42.3
1424,Germany,DEU,1955,No,Yes,Western Europe,Berlin,Multirole Aircraft,Air Force,Air,F-35 / Rafale / F/A-18,214,Decommissioning,End-of-Life,2008,16,214.77,45960.78,USA,No,No,2017,2030,92.1
1425,Germany,DEU,1955,No,Yes,Western Europe,Berlin,Multirole Aircraft,Air Force,Air,F-35 / Rafale / F/A-18,944,Reserve,Needs Repair,1984,40,237.68,224369.92,Domestic,No,No,2016,2034,95.6
1426,Germany,DEU,1955,No,Yes,Western Europe,Berlin,Amphibious Assault Ship,Naval,Sea,USS America / HMS Albion,1530,In Maintenance,Good,2010,14,225.01,344265.3,Germany,Partial,Yes,2019,2025,97.8
1427,Germany,DEU,1955,No,Yes,Western Europe,Berlin,Amphibious Assault Ship,Naval,Sea,USS America / HMS Albion,335,Reserve,Fair,1991,33,245.19,82138.65,Multi-National,No,No,1992,2024,79.5
1428,Germany,DEU,1955,No,Yes,Western Europe,Berlin,Amphibious Assault Ship,Naval,Sea,USS America / HMS Albion,868,Decommissioning,Fair,1975,49,108.0,93744.0,Italy,Partial,No,1985,2030,56.4
1429,Germany,DEU,1955,No,Yes,Western Europe,Berlin,Light Tank,Armored,Land,CV90105 / AMX-10RC,846,Decommissioning,Fair,1958,66,286.46,242345.16,France,Yes,Yes,1974,2035,42.8
1430,Germany,DEU,1955,No,Yes,Western Europe,Berlin,Light Tank,Armored,Land,CV90105 / AMX-10RC,1762,Operational,Excellent,1986,38,259.38,457027.56,France,Partial,No,1991,2030,48.6
1431,Germany,DEU,1955,No,Yes,Western Europe,Berlin,Light Tank,Armored,Land,CV90105 / AMX-10RC,460,Decommissioning,End-of-Life,1986,38,160.46,73811.6,Domestic,No,Yes,1988,2032,80.4
1432,Germany,DEU,1955,No,Yes,Western Europe,Berlin,Satellite Terminal,Communications,Digital,SATCOM / JTRS,751,Reserve,Good,1982,42,93.41,70150.91,Italy,No,No,1983,2026,78.1
1433,Germany,DEU,1955,No,Yes,Western Europe,Berlin,Satellite Terminal,Communications,Digital,SATCOM / JTRS,923,Upgrading,Excellent,2017,7,74.98,69206.54,Italy,No,No,2023,2034,77.2
1434,Germany,DEU,1955,No,Yes,Western Europe,Berlin,Strategic Transport Aircraft,Air Force,Air,C-17 / A400M / C-130,1429,Upgrading,Fair,1992,32,159.38,227754.02,Italy,Partial,No,2015,2024,93.4
1435,Germany,DEU,1955,No,Yes,Western Europe,Berlin,Strategic Transport Aircraft,Air Force,Air,C-17 / A400M / C-130,665,Upgrading,Good,1985,39,309.9,206083.5,USA,No,Yes,2004,2032,61.8
1436,Germany,DEU,1955,No,Yes,Western Europe,Berlin,Strategic Transport Aircraft,Air Force,Air,C-17 / A400M / C-130,1824,Decommissioning,Good,1991,33,403.96,736823.04,Italy,Yes,No,1999,2035,91.1
1437,Greece,GRC,1952,No,No,Southern Europe,Athens,Anti-Tank Missile System,Anti-Armor,Land,Javelin / SPIKE / Milan,1759,Operational,Good,1982,42,77.95,137114.05,UK,No,Yes,1993,2033,52.0
1438,Greece,GRC,1952,No,No,Southern Europe,Athens,Anti-Tank Missile System,Anti-Armor,Land,Javelin / SPIKE / Milan,1584,On Order,Excellent,2007,17,105.48,167080.32,UK,Yes,Yes,2009,2032,94.0
1439,Greece,GRC,1952,No,No,Southern Europe,Athens,Anti-Tank Missile System,Anti-Armor,Land,Javelin / SPIKE / Milan,742,Decommissioning,Fair,1973,51,159.44,118304.48,Domestic,Partial,Yes,1991,2031,76.4
1440,Greece,GRC,1952,No,No,Southern Europe,Athens,Anti-Tank Missile System,Anti-Armor,Land,Javelin / SPIKE / Milan,519,On Order,Good,1963,61,61.76,32053.44,Germany,No,No,1989,2024,45.2
1441,Greece,GRC,1952,No,No,Southern Europe,Athens,Armored Personnel Carrier,Armored,Land,M113 / Boxer / BTR-80,180,Reserve,Good,1966,58,92.17,16590.6,UK,Partial,No,1996,2025,52.1
1442,Greece,GRC,1952,No,No,Southern Europe,Athens,Armored Personnel Carrier,Armored,Land,M113 / Boxer / BTR-80,1232,Upgrading,Needs Repair,2007,17,311.51,383780.32,Multi-National,No,Yes,2012,2031,54.3
1443,Greece,GRC,1952,No,No,Southern Europe,Athens,Armored Personnel Carrier,Armored,Land,M113 / Boxer / BTR-80,1680,Operational,Good,1968,56,52.63,88418.4,Domestic,Yes,Yes,2024,2035,82.4
1444,Greece,GRC,1952,No,No,Southern Europe,Athens,Armored Personnel Carrier,Armored,Land,M113 / Boxer / BTR-80,1031,Operational,Excellent,1962,62,447.27,461135.37,UK,Partial,No,1997,2024,49.7
1445,Greece,GRC,1952,No,No,Southern Europe,Athens,Frigate,Naval,Sea,FREMM / Type 23 / FREMM,1949,On Order,End-of-Life,1958,66,250.45,488127.05,USA,Partial,No,2010,2028,88.5
1446,Greece,GRC,1952,No,No,Southern Europe,Athens,Frigate,Naval,Sea,FREMM / Type 23 / FREMM,325,Decommissioning,Excellent,1976,48,53.1,17257.5,Domestic,Partial,Yes,1980,2034,53.0
1447,Greece,GRC,1952,No,No,Southern Europe,Athens,Frigate,Naval,Sea,FREMM / Type 23 / FREMM,659,On Order,Good,2002,22,433.92,285953.28,USA,No,Yes,2009,2030,92.8
1448,Greece,GRC,1952,No,No,Southern Europe,Athens,Frigate,Naval,Sea,FREMM / Type 23 / FREMM,1284,Reserve,Excellent,2003,21,220.33,282903.72,Turkey,Yes,Yes,2023,2027,81.4
1449,Greece,GRC,1952,No,No,Southern Europe,Athens,Combat Engineer Vehicle,Engineering,Land,M9 ACE / Leopard 2 AEV,190,Upgrading,Fair,1966,58,399.59,75922.1,Domestic,No,Yes,1973,2027,83.3
1450,Greece,GRC,1952,No,No,Southern Europe,Athens,Combat Engineer Vehicle,Engineering,Land,M9 ACE / Leopard 2 AEV,1602,In Maintenance,Fair,1972,52,10.81,17317.62,UK,Partial,No,1999,2024,97.4
1451,Greece,GRC,1952,No,No,Southern Europe,Athens,Combat Engineer Vehicle,Engineering,Land,M9 ACE / Leopard 2 AEV,158,Upgrading,Needs Repair,1984,40,402.52,63598.16,Italy,Yes,No,2013,2029,85.0
1452,Greece,GRC,1952,No,No,Southern Europe,Athens,Combat Engineer Vehicle,Engineering,Land,M9 ACE / Leopard 2 AEV,316,On Order,Needs Repair,1997,27,318.52,100652.32,Germany,Yes,Yes,2023,2030,85.3
1453,Greece,GRC,1952,No,No,Southern Europe,Athens,Patrol Vessel,Naval,Sea,OPV / Fast Attack Craft,242,In Maintenance,Needs Repair,2002,22,12.23,2959.66,Multi-National,Partial,Yes,2004,2034,98.2
1454,Greece,GRC,1952,No,No,Southern Europe,Athens,Patrol Vessel,Naval,Sea,OPV / Fast Attack Craft,1377,On Order,Needs Repair,1959,65,142.3,195947.1,Domestic,Yes,No,1985,2024,65.4
1455,Greece,GRC,1952,No,No,Southern Europe,Athens,Field Hospital,Medical,Support,Role 2 / Role 3 Hospital,48,Decommissioning,Fair,1953,71,155.74,7475.52,Israel,Partial,No,2003,2034,76.2
1456,Greece,GRC,1952,No,No,Southern Europe,Athens,Field Hospital,Medical,Support,Role 2 / Role 3 Hospital,1765,In Maintenance,Good,1969,55,444.07,783783.55,Turkey,Yes,Yes,2000,2025,84.5
1457,Greece,GRC,1952,No,No,Southern Europe,Athens,Field Hospital,Medical,Support,Role 2 / Role 3 Hospital,653,Operational,End-of-Life,2018,6,368.55,240663.15,Turkey,Yes,No,2023,2024,73.5
1458,Greece,GRC,1952,No,No,Southern Europe,Athens,Corvette,Naval,Sea,Skjold / Visby / Burak,513,In Maintenance,Excellent,1975,49,97.68,50109.84,Israel,No,No,1993,2028,92.8
1459,Greece,GRC,1952,No,No,Southern Europe,Athens,Corvette,Naval,Sea,Skjold / Visby / Burak,1111,Decommissioning,Good,2019,5,248.65,276250.15,France,No,No,2023,2035,40.3
1460,Greece,GRC,1952,No,No,Southern Europe,Athens,Short-Range Air Defense,Air Defense,Land,SHORAD / Gepard / Stinger,1011,Reserve,End-of-Life,1975,49,64.39,65098.29,Germany,Partial,No,2010,2029,84.5
1461,Greece,GRC,1952,No,No,Southern Europe,Athens,Short-Range Air Defense,Air Defense,Land,SHORAD / Gepard / Stinger,731,Operational,Good,1992,32,449.52,328599.12,USA,Partial,No,1993,2027,95.1
1462,Greece,GRC,1952,No,No,Southern Europe,Athens,Short-Range Air Defense,Air Defense,Land,SHORAD / Gepard / Stinger,1065,In Maintenance,Needs Repair,1973,51,350.34,373112.1,Turkey,Partial,Yes,2008,2035,69.3
1463,Greece,GRC,1952,No,No,Southern Europe,Athens,Short-Range Air Defense,Air Defense,Land,SHORAD / Gepard / Stinger,813,In Maintenance,Good,2024,0,378.61,307809.93,France,Partial,Yes,2024,2028,81.6
1464,Greece,GRC,1952,No,No,Southern Europe,Athens,Armored Reconnaissance Vehicle,Armored,Land,Fennek / Fuchs,524,Reserve,Needs Repair,2008,16,164.16,86019.84,Israel,No,No,2023,2035,55.9
1465,Greece,GRC,1952,No,No,Southern Europe,Athens,Armored Reconnaissance Vehicle,Armored,Land,Fennek / Fuchs,806,Operational,Good,1981,43,221.25,178327.5,Domestic,No,Yes,1987,2031,59.9
1466,Greece,GRC,1952,No,No,Southern Europe,Athens,Armored Reconnaissance Vehicle,Armored,Land,Fennek / Fuchs,1825,Upgrading,Needs Repair,1973,51,259.0,472675.0,Domestic,Yes,No,1995,2032,58.1
1467,Greece,GRC,1952,No,No,Southern Europe,Athens,UAV / Drone,Air Force,Air,MQ-9 Reaper / Bayraktar TB2,213,Reserve,Fair,1966,58,337.31,71847.03,USA,No,No,1977,2032,46.8
1468,Greece,GRC,1952,No,No,Southern Europe,Athens,UAV / Drone,Air Force,Air,MQ-9 Reaper / Bayraktar TB2,640,Operational,Excellent,1979,45,316.52,202572.8,Israel,Partial,No,1986,2025,58.4
1469,Greece,GRC,1952,No,No,Southern Europe,Athens,UAV / Drone,Air Force,Air,MQ-9 Reaper / Bayraktar TB2,1880,Upgrading,Excellent,1955,69,386.96,727484.8,USA,Partial,Yes,2006,2035,84.8
1470,Greece,GRC,1952,No,No,Southern Europe,Athens,UAV / Drone,Air Force,Air,MQ-9 Reaper / Bayraktar TB2,1604,On Order,Fair,1994,30,154.09,247160.36,Israel,No,No,1999,2035,63.9
1471,Greece,GRC,1952,No,No,Southern Europe,Athens,Transport Helicopter,Aviation,Air,CH-47 Chinook / NH90,779,In Maintenance,Needs Repair,2016,8,339.0,264081.0,Turkey,Yes,No,2016,2027,57.4
1472,Greece,GRC,1952,No,No,Southern Europe,Athens,Transport Helicopter,Aviation,Air,CH-47 Chinook / NH90,1638,Reserve,Fair,1986,38,284.53,466060.14,Italy,Partial,No,2012,2030,41.7
1473,Greece,GRC,1952,No,No,Southern Europe,Athens,Towed Howitzer,Artillery,Land,M777 / FH70 / D-30,16,Upgrading,Good,1963,61,42.18,674.88,Germany,No,Yes,2024,2027,98.0
1474,Greece,GRC,1952,No,No,Southern Europe,Athens,Towed Howitzer,Artillery,Land,M777 / FH70 / D-30,772,On Order,Good,2012,12,408.24,315161.28,USA,Partial,No,2023,2027,63.4
1475,Greece,GRC,1952,No,No,Southern Europe,Athens,Logistics Truck (Heavy),Logistics,Support,HEMTT / MAN HX,476,Operational,End-of-Life,2020,4,165.76,78901.76,Italy,Partial,No,2020,2033,51.6
1476,Greece,GRC,1952,No,No,Southern Europe,Athens,Logistics Truck (Heavy),Logistics,Support,HEMTT / MAN HX,62,Reserve,Excellent,1962,62,183.17,11356.54,Multi-National,Yes,Yes,1974,2030,88.1
1477,Greece,GRC,1952,No,No,Southern Europe,Athens,Logistics Truck (Heavy),Logistics,Support,HEMTT / MAN HX,1621,Operational,Good,1985,39,385.33,624619.93,UK,Partial,No,2020,2028,51.3
1478,Greece,GRC,1952,No,No,Southern Europe,Athens,Logistics Truck (Heavy),Logistics,Support,HEMTT / MAN HX,1528,Operational,Excellent,2012,12,365.92,559125.76,Israel,Yes,No,2021,2029,82.7
1479,Greece,GRC,1952,No,No,Southern Europe,Athens,Medium-Range SAM,Air Defense,Land,Patriot / NASAMS / SAMP/T,688,In Maintenance,End-of-Life,1967,57,137.54,94627.52,Italy,No,No,2006,2035,63.2
1480,Greece,GRC,1952,No,No,Southern Europe,Athens,Medium-Range SAM,Air Defense,Land,Patriot / NASAMS / SAMP/T,1181,Operational,Needs Repair,1994,30,132.51,156494.31,Italy,No,Yes,2009,2029,50.1
1481,Greece,GRC,1952,No,No,Southern Europe,Athens,Medium-Range SAM,Air Defense,Land,Patriot / NASAMS / SAMP/T,17,On Order,Excellent,1953,71,50.95,866.15,Turkey,Yes,No,1992,2031,74.7
1482,Greece,GRC,1952,No,No,Southern Europe,Athens,Medium-Range SAM,Air Defense,Land,Patriot / NASAMS / SAMP/T,1605,Reserve,End-of-Life,1988,36,313.85,503729.25,Germany,Yes,No,1995,2030,82.6
1483,Greece,GRC,1952,No,No,Southern Europe,Athens,Self-Propelled Howitzer,Artillery,Land,PzH 2000 / K9 Thunder / Caesar,468,On Order,End-of-Life,1972,52,190.44,89125.92,Turkey,Partial,Yes,2015,2034,91.0
1484,Greece,GRC,1952,No,No,Southern Europe,Athens,Self-Propelled Howitzer,Artillery,Land,PzH 2000 / K9 Thunder / Caesar,110,Upgrading,End-of-Life,1963,61,200.51,22056.1,USA,Yes,No,2003,2034,60.2
1485,Greece,GRC,1952,No,No,Southern Europe,Athens,Self-Propelled Howitzer,Artillery,Land,PzH 2000 / K9 Thunder / Caesar,831,In Maintenance,Excellent,1961,63,332.08,275958.48,UK,Partial,No,1997,2025,81.9
1486,Greece,GRC,1952,No,No,Southern Europe,Athens,Self-Propelled Howitzer,Artillery,Land,PzH 2000 / K9 Thunder / Caesar,1749,On Order,Good,1988,36,78.59,137453.91,Italy,Partial,No,1997,2032,52.1
1487,Greece,GRC,1952,No,No,Southern Europe,Athens,Attack Helicopter,Aviation,Air,AH-64 Apache / Tiger / NH90,991,Upgrading,Fair,1973,51,303.69,300956.79,Israel,Partial,No,2009,2032,47.5
1488,Greece,GRC,1952,No,No,Southern Europe,Athens,Attack Helicopter,Aviation,Air,AH-64 Apache / Tiger / NH90,428,Upgrading,Fair,1958,66,413.28,176883.84,Israel,No,No,2018,2025,89.6
1489,Greece,GRC,1952,No,No,Southern Europe,Athens,Tanker Aircraft,Air Force,Air,KC-135 / A330 MRTT,1062,On Order,Excellent,2023,1,58.89,62541.18,Multi-National,No,Yes,2024,2025,95.8
1490,Greece,GRC,1952,No,No,Southern Europe,Athens,Tanker Aircraft,Air Force,Air,KC-135 / A330 MRTT,1918,Decommissioning,Excellent,1952,72,219.69,421365.42,USA,No,Yes,1961,2028,95.9
1491,Greece,GRC,1952,No,No,Southern Europe,Athens,Tanker Aircraft,Air Force,Air,KC-135 / A330 MRTT,529,On Order,Excellent,1984,40,172.13,91056.77,USA,Partial,Yes,1987,2033,67.4
1492,Greece,GRC,1952,No,No,Southern Europe,Athens,Submarine (SSK),Naval,Sea,Type 212 / Gotland,355,Upgrading,Good,1990,34,392.99,139511.45,Multi-National,Partial,No,2001,2027,69.8
1493,Greece,GRC,1952,No,No,Southern Europe,Athens,Submarine (SSK),Naval,Sea,Type 212 / Gotland,1479,Decommissioning,Needs Repair,2013,11,436.73,645923.67,Turkey,Yes,Yes,2020,2032,73.6
1494,Greece,GRC,1952,No,No,Southern Europe,Athens,Submarine (SSK),Naval,Sea,Type 212 / Gotland,249,In Maintenance,Fair,1970,54,153.62,38251.38,USA,Yes,Yes,2018,2034,83.6
1495,Greece,GRC,1952,No,No,Southern Europe,Athens,Air Superiority Fighter,Air Force,Air,F-22 / Typhoon,1698,In Maintenance,Good,1955,69,248.0,421104.0,Israel,No,Yes,2007,2034,64.3
1496,Greece,GRC,1952,No,No,Southern Europe,Athens,Air Superiority Fighter,Air Force,Air,F-22 / Typhoon,1492,Upgrading,Fair,1954,70,67.21,100277.32,France,Partial,Yes,2000,2031,43.8
1497,Greece,GRC,1952,No,No,Southern Europe,Athens,Air Superiority Fighter,Air Force,Air,F-22 / Typhoon,631,On Order,End-of-Life,2003,21,341.21,215303.51,Germany,Yes,Yes,2003,2027,80.9
1498,Greece,GRC,1952,No,No,Southern Europe,Athens,Air Superiority Fighter,Air Force,Air,F-22 / Typhoon,1527,On Order,End-of-Life,2012,12,4.83,7375.41,Domestic,No,Yes,2024,2027,69.2
1499,Greece,GRC,1952,No,No,Southern Europe,Athens,Patrol Aircraft,Air Force,Air,P-8 Poseidon / Atlantic,1082,Upgrading,Needs Repair,2017,7,338.44,366192.08,France,Yes,Yes,2024,2035,42.1
1500,Greece,GRC,1952,No,No,Southern Europe,Athens,Patrol Aircraft,Air Force,Air,P-8 Poseidon / Atlantic,1976,Decommissioning,Fair,2017,7,105.94,209337.44,Germany,Partial,No,2024,2035,58.2
1501,Greece,GRC,1952,No,No,Southern Europe,Athens,Ballistic Missile Defense,Strategic,Land,THAAD / Aegis Ashore,1773,In Maintenance,End-of-Life,2004,20,420.27,745138.71,Israel,No,Yes,2019,2028,80.3
1502,Greece,GRC,1952,No,No,Southern Europe,Athens,Ballistic Missile Defense,Strategic,Land,THAAD / Aegis Ashore,552,Upgrading,Good,1995,29,178.04,98278.08,Israel,No,No,2006,2034,56.5
1503,Greece,GRC,1952,No,No,Southern Europe,Athens,Ballistic Missile Defense,Strategic,Land,THAAD / Aegis Ashore,1585,Operational,Needs Repair,2017,7,72.49,114896.65,UK,No,No,2022,2024,91.5
1504,Greece,GRC,1952,No,No,Southern Europe,Athens,NBC Detection Vehicle,CBRN,Land,Fox / TPz Fuchs,398,In Maintenance,Good,1991,33,150.56,59922.88,Domestic,Yes,No,2002,2030,76.6
1505,Greece,GRC,1952,No,No,Southern Europe,Athens,NBC Detection Vehicle,CBRN,Land,Fox / TPz Fuchs,464,On Order,Needs Repair,1959,65,97.91,45430.24,UK,No,Yes,2006,2031,53.3
1506,Greece,GRC,1952,No,No,Southern Europe,Athens,Cyber Defense Unit,Cyber,Digital,CCDCOE / NATO Cyber Centre,1254,Upgrading,Fair,1956,68,449.59,563785.86,Domestic,Partial,No,1985,2029,45.2
1507,Greece,GRC,1952,No,No,Southern Europe,Athens,Cyber Defense Unit,Cyber,Digital,CCDCOE / NATO Cyber Centre,1056,In Maintenance,Fair,1995,29,66.41,70128.96,Turkey,No,No,2006,2025,47.5
1508,Greece,GRC,1952,No,No,Southern Europe,Athens,Light Tank,Armored,Land,CV90105 / AMX-10RC,1144,On Order,End-of-Life,1977,47,217.24,248522.56,Domestic,Yes,No,1990,2030,83.3
1509,Greece,GRC,1952,No,No,Southern Europe,Athens,Light Tank,Armored,Land,CV90105 / AMX-10RC,1572,In Maintenance,Good,2004,20,270.42,425100.24,Germany,No,No,2011,2027,99.5
1510,Greece,GRC,1952,No,No,Southern Europe,Athens,Light Tank,Armored,Land,CV90105 / AMX-10RC,267,Reserve,Needs Repair,1971,53,239.99,64077.33,Germany,Partial,Yes,2000,2026,93.6
1511,Greece,GRC,1952,No,No,Southern Europe,Athens,Light Tank,Armored,Land,CV90105 / AMX-10RC,1707,In Maintenance,Good,1980,44,224.03,382419.21,Italy,Partial,Yes,1986,2024,54.0
1512,Greece,GRC,1952,No,No,Southern Europe,Athens,Satellite Terminal,Communications,Digital,SATCOM / JTRS,1471,On Order,Excellent,2012,12,371.14,545946.94,Domestic,Partial,No,2014,2034,52.4
1513,Greece,GRC,1952,No,No,Southern Europe,Athens,Satellite Terminal,Communications,Digital,SATCOM / JTRS,1918,Upgrading,Excellent,1956,68,92.38,177184.84,UK,Yes,Yes,1985,2027,80.9
1514,Greece,GRC,1952,No,No,Southern Europe,Athens,Electronic Warfare System,Electronics,Land,JAMMER / Krasukha,1285,Decommissioning,Good,2020,4,399.31,513113.35,Multi-National,No,No,2023,2034,85.9
1515,Greece,GRC,1952,No,No,Southern Europe,Athens,Electronic Warfare System,Electronics,Land,JAMMER / Krasukha,170,Upgrading,End-of-Life,1968,56,162.34,27597.8,Domestic,No,No,1982,2031,46.1
1516,Greece,GRC,1952,No,No,Southern Europe,Athens,Electronic Warfare System,Electronics,Land,JAMMER / Krasukha,1074,On Order,Excellent,1999,25,338.86,363935.64,Turkey,No,No,2016,2024,93.5
1517,Greece,GRC,1952,No,No,Southern Europe,Athens,Electronic Warfare System,Electronics,Land,JAMMER / Krasukha,1338,On Order,Fair,2001,23,133.46,178569.48,UK,No,Yes,2004,2029,69.3
1518,Greece,GRC,1952,No,No,Southern Europe,Athens,Strategic Transport Aircraft,Air Force,Air,C-17 / A400M / C-130,1106,On Order,Good,1980,44,208.87,231010.22,Israel,No,Yes,2000,2027,82.7
1519,Greece,GRC,1952,No,No,Southern Europe,Athens,Strategic Transport Aircraft,Air Force,Air,C-17 / A400M / C-130,1290,Decommissioning,Needs Repair,2009,15,89.6,115584.0,Multi-National,Partial,No,2015,2028,83.5
1520,Greece,GRC,1952,No,No,Southern Europe,Athens,Strategic Transport Aircraft,Air Force,Air,C-17 / A400M / C-130,273,In Maintenance,End-of-Life,2019,5,446.42,121872.66,Domestic,Yes,No,2023,2033,68.1
1521,Greece,GRC,1952,No,No,Southern Europe,Athens,Strategic Transport Aircraft,Air Force,Air,C-17 / A400M / C-130,1878,On Order,Good,2018,6,388.2,729039.6,USA,Partial,No,2018,2027,49.9
1522,Greece,GRC,1952,No,No,Southern Europe,Athens,Maritime Helicopter,Aviation,Air,AW159 / MH-60R,1046,On Order,Needs Repair,1999,25,341.02,356706.92,Italy,No,Yes,2020,2034,83.6
1523,Greece,GRC,1952,No,No,Southern Europe,Athens,Maritime Helicopter,Aviation,Air,AW159 / MH-60R,263,Upgrading,Needs Repair,1994,30,5.75,1512.25,Multi-National,No,Yes,2006,2034,67.4
1524,Greece,GRC,1952,No,No,Southern Europe,Athens,Maritime Helicopter,Aviation,Air,AW159 / MH-60R,611,Operational,Fair,2015,9,188.19,114984.09,Multi-National,No,Yes,2017,2032,75.0
1525,Greece,GRC,1952,No,No,Southern Europe,Athens,Maritime Helicopter,Aviation,Air,AW159 / MH-60R,1485,Operational,Good,1963,61,400.81,595202.85,Multi-National,No,Yes,1982,2026,91.3
1526,Greece,GRC,1952,No,No,Southern Europe,Athens,Aircraft Carrier,Naval,Sea,Gerald R. Ford / Queen Elizabeth,347,Reserve,End-of-Life,1971,53,46.87,16263.89,Israel,Yes,No,1989,2027,74.3
1527,Greece,GRC,1952,No,No,Southern Europe,Athens,Aircraft Carrier,Naval,Sea,Gerald R. Ford / Queen Elizabeth,851,Reserve,End-of-Life,1981,43,268.66,228629.66,Italy,Partial,No,1981,2027,73.3
1528,Greece,GRC,1952,No,No,Southern Europe,Athens,Aircraft Carrier,Naval,Sea,Gerald R. Ford / Queen Elizabeth,714,Reserve,Needs Repair,1993,31,354.65,253220.1,Italy,No,No,2005,2025,68.1
1529,Greece,GRC,1952,No,No,Southern Europe,Athens,Multirole Aircraft,Air Force,Air,F-35 / Rafale / F/A-18,1006,In Maintenance,Excellent,1979,45,14.57,14657.42,Domestic,Partial,Yes,2008,2027,62.8
1530,Greece,GRC,1952,No,No,Southern Europe,Athens,Multirole Aircraft,Air Force,Air,F-35 / Rafale / F/A-18,772,In Maintenance,Fair,1980,44,307.46,237359.12,Israel,Partial,No,1993,2035,82.2
1531,Greece,GRC,1952,No,No,Southern Europe,Athens,Multirole Aircraft,Air Force,Air,F-35 / Rafale / F/A-18,382,In Maintenance,Fair,1973,51,426.21,162812.22,Multi-National,No,No,2009,2027,75.8
1532,Greece,GRC,1952,No,No,Southern Europe,Athens,Multirole Aircraft,Air Force,Air,F-35 / Rafale / F/A-18,135,Operational,Excellent,2006,18,300.56,40575.6,USA,Yes,Yes,2015,2032,71.1
1533,Greece,GRC,1952,No,No,Southern Europe,Athens,Long-Range SAM,Air Defense,Land,Patriot PAC-3 / S-400,1476,In Maintenance,Good,1954,70,336.63,496865.88,Israel,No,No,2011,2032,93.1
1534,Greece,GRC,1952,No,No,Southern Europe,Athens,Long-Range SAM,Air Defense,Land,Patriot PAC-3 / S-400,1288,Decommissioning,Fair,1977,47,299.18,385343.84,Italy,Partial,No,1982,2031,99.4
1535,Greece,GRC,1952,No,No,Southern Europe,Athens,Long-Range SAM,Air Defense,Land,Patriot PAC-3 / S-400,1630,Decommissioning,Excellent,1959,65,354.21,577362.3,France,No,Yes,2012,2028,94.8
1536,Greece,GRC,1952,No,No,Southern Europe,Athens,Mortar System,Artillery,Land,M120 / AMOS,1347,Decommissioning,Excellent,1998,26,287.51,387275.97,Domestic,No,No,2022,2031,88.8
1537,Greece,GRC,1952,No,No,Southern Europe,Athens,Mortar System,Artillery,Land,M120 / AMOS,1467,Decommissioning,Fair,1986,38,188.6,276676.2,UK,No,Yes,2000,2032,66.4
1538,Greece,GRC,1952,No,No,Southern Europe,Athens,Mortar System,Artillery,Land,M120 / AMOS,1126,On Order,Fair,1959,65,335.02,377232.52,Germany,Partial,Yes,2001,2030,66.2
1539,Greece,GRC,1952,No,No,Southern Europe,Athens,Mortar System,Artillery,Land,M120 / AMOS,1882,Upgrading,End-of-Life,1963,61,249.13,468862.66,UK,Partial,No,1991,2025,75.5
1540,Greece,GRC,1952,No,No,Southern Europe,Athens,Fighter Jet,Air Force,Air,F-16 / Gripen / Typhoon,1031,Reserve,Good,1982,42,439.51,453134.81,UK,No,Yes,2020,2030,70.4
1541,Greece,GRC,1952,No,No,Southern Europe,Athens,Fighter Jet,Air Force,Air,F-16 / Gripen / Typhoon,1269,Upgrading,Good,1979,45,226.76,287758.44,Italy,Yes,Yes,1994,2024,70.6
1542,Greece,GRC,1952,No,No,Southern Europe,Athens,Fighter Jet,Air Force,Air,F-16 / Gripen / Typhoon,1170,Decommissioning,Good,2001,23,126.55,148063.5,UK,Yes,No,2008,2029,55.0
1543,Greece,GRC,1952,No,No,Southern Europe,Athens,Fighter Jet,Air Force,Air,F-16 / Gripen / Typhoon,832,Operational,Good,1994,30,79.97,66535.04,USA,Partial,No,2006,2024,89.3
1544,Greece,GRC,1952,No,No,Southern Europe,Athens,AWACS Aircraft,Air Force,Air,E-3 Sentry / E-7A,927,Decommissioning,Excellent,1960,64,2.8,2595.6,France,No,No,2013,2033,57.4
1545,Greece,GRC,1952,No,No,Southern Europe,Athens,AWACS Aircraft,Air Force,Air,E-3 Sentry / E-7A,876,Decommissioning,Excellent,1952,72,407.17,356680.92,France,No,No,1985,2031,56.5
1546,Greece,GRC,1952,No,No,Southern Europe,Athens,AWACS Aircraft,Air Force,Air,E-3 Sentry / E-7A,883,Operational,Needs Repair,1967,57,295.85,261235.55,USA,Yes,Yes,1974,2029,42.7
1547,Greece,GRC,1952,No,No,Southern Europe,Athens,AWACS Aircraft,Air Force,Air,E-3 Sentry / E-7A,1547,On Order,Needs Repair,1982,42,327.3,506333.1,Italy,No,No,2014,2035,95.5
1548,Greece,GRC,1952,No,No,Southern Europe,Athens,Main Battle Tank,Armored,Land,M1 Abrams / Leopard 2 / Challenger 3,1309,Operational,Excellent,2024,0,406.37,531938.33,UK,Yes,No,2024,2027,53.0
1549,Greece,GRC,1952,No,No,Southern Europe,Athens,Main Battle Tank,Armored,Land,M1 Abrams / Leopard 2 / Challenger 3,270,On Order,Needs Repair,2021,3,187.48,50619.6,Domestic,Yes,Yes,2023,2029,84.9
1550,Greece,GRC,1952,No,No,Southern Europe,Athens,Bridge Layer,Engineering,Land,AVLB / Biber,344,Upgrading,Good,1995,29,353.54,121617.76,Multi-National,Yes,Yes,2023,2024,44.1
1551,Greece,GRC,1952,No,No,Southern Europe,Athens,Bridge Layer,Engineering,Land,AVLB / Biber,1754,Upgrading,Excellent,1989,35,364.89,640017.06,Multi-National,Yes,No,2024,2024,63.0
1552,Greece,GRC,1952,No,No,Southern Europe,Athens,Logistics Support Vessel,Naval,Sea,Supply / Berlin-class,1657,Decommissioning,End-of-Life,1963,61,269.18,446031.26,USA,Yes,No,2003,2035,62.4
1553,Greece,GRC,1952,No,No,Southern Europe,Athens,Logistics Support Vessel,Naval,Sea,Supply / Berlin-class,1798,Decommissioning,Excellent,1997,27,151.55,272486.9,France,Partial,No,2014,2031,44.9
1554,Greece,GRC,1952,No,No,Southern Europe,Athens,Logistics Support Vessel,Naval,Sea,Supply / Berlin-class,888,Operational,End-of-Life,2015,9,35.02,31097.76,Domestic,Partial,No,2024,2026,75.8
1555,Greece,GRC,1952,No,No,Southern Europe,Athens,Logistics Support Vessel,Naval,Sea,Supply / Berlin-class,419,Decommissioning,Fair,1972,52,338.17,141693.23,Domestic,No,Yes,2010,2030,45.0
1556,Greece,GRC,1952,No,No,Southern Europe,Athens,Mine Countermeasure Vessel,Naval,Sea,Hunt-class / Alkmaar,452,Operational,Good,1978,46,365.84,165359.68,UK,Partial,No,1988,2026,42.5
1557,Greece,GRC,1952,No,No,Southern Europe,Athens,Mine Countermeasure Vessel,Naval,Sea,Hunt-class / Alkmaar,1786,Operational,Good,1985,39,19.09,34094.74,Turkey,Partial,Yes,2015,2031,61.8
1558,Greece,GRC,1952,No,No,Southern Europe,Athens,Mine Countermeasure Vessel,Naval,Sea,Hunt-class / Alkmaar,1140,On Order,Needs Repair,1996,28,173.72,198040.8,UK,Partial,Yes,2008,2030,46.4
1559,Greece,GRC,1952,No,No,Southern Europe,Athens,Mine Countermeasure Vessel,Naval,Sea,Hunt-class / Alkmaar,1416,On Order,Good,1975,49,407.35,576807.6,Domestic,Partial,Yes,1978,2030,75.5
1560,Greece,GRC,1952,No,No,Southern Europe,Athens,Strategic Bomber,Air Force,Air,B-52 / B-2 Spirit,1933,Upgrading,Excellent,1961,63,193.48,373996.84,Germany,Yes,Yes,2016,2024,89.8
1561,Greece,GRC,1952,No,No,Southern Europe,Athens,Strategic Bomber,Air Force,Air,B-52 / B-2 Spirit,131,Operational,Good,2021,3,37.3,4886.3,France,Partial,Yes,2022,2024,50.9
1562,Greece,GRC,1952,No,No,Southern Europe,Athens,Strategic Bomber,Air Force,Air,B-52 / B-2 Spirit,733,Decommissioning,Good,2017,7,346.16,253735.28,Domestic,No,Yes,2020,2025,87.4
1563,Greece,GRC,1952,No,No,Southern Europe,Athens,Infantry Fighting Vehicle,Armored,Land,Bradley / Puma / AS-21,700,On Order,End-of-Life,2007,17,249.96,174972.0,USA,Yes,No,2010,2033,85.7
1564,Greece,GRC,1952,No,No,Southern Europe,Athens,Infantry Fighting Vehicle,Armored,Land,Bradley / Puma / AS-21,1763,Reserve,Fair,2022,2,22.26,39244.38,Domestic,No,Yes,2022,2025,48.4
1565,Greece,GRC,1952,No,No,Southern Europe,Athens,Infantry Fighting Vehicle,Armored,Land,Bradley / Puma / AS-21,102,Operational,End-of-Life,1979,45,356.78,36391.56,USA,No,No,1985,2035,93.3
1566,Greece,GRC,1952,No,No,Southern Europe,Athens,Infantry Fighting Vehicle,Armored,Land,Bradley / Puma / AS-21,1576,On Order,Needs Repair,1953,71,114.3,180136.8,Domestic,Partial,Yes,2016,2025,55.4
1567,Greece,GRC,1952,No,No,Southern Europe,Athens,Submarine (SSN),Naval,Sea,Virginia-class / Astute-class,1723,Decommissioning,Fair,1982,42,123.29,212428.67,UK,No,No,1983,2030,40.7
1568,Greece,GRC,1952,No,No,Southern Europe,Athens,Submarine (SSN),Naval,Sea,Virginia-class / Astute-class,1394,Decommissioning,Excellent,1994,30,372.97,519920.18,Israel,Yes,No,2002,2029,63.9
1569,Greece,GRC,1952,No,No,Southern Europe,Athens,Submarine (SSN),Naval,Sea,Virginia-class / Astute-class,1218,Decommissioning,End-of-Life,2023,1,99.59,121300.62,Italy,Partial,Yes,2024,2028,48.5
1570,Greece,GRC,1952,No,No,Southern Europe,Athens,Submarine (SSN),Naval,Sea,Virginia-class / Astute-class,563,On Order,End-of-Life,1962,62,137.62,77480.06,Domestic,No,No,1991,2034,66.5
1571,Greece,GRC,1952,No,No,Southern Europe,Athens,Radar System,Electronics,Land,AN/TPY-2 / AN/MPQ-65,368,On Order,End-of-Life,1992,32,381.66,140450.88,UK,No,No,2016,2033,45.1
1572,Greece,GRC,1952,No,No,Southern Europe,Athens,Radar System,Electronics,Land,AN/TPY-2 / AN/MPQ-65,1231,Operational,Needs Repair,1996,28,88.27,108660.37,UK,No,Yes,2012,2034,64.0
1573,Greece,GRC,1952,No,No,Southern Europe,Athens,Radar System,Electronics,Land,AN/TPY-2 / AN/MPQ-65,963,Upgrading,End-of-Life,1989,35,302.7,291500.1,Italy,Partial,Yes,1997,2034,63.2
1574,Greece,GRC,1952,No,No,Southern Europe,Athens,Anti-Drone System,Air Defense,Land,DroneShield / AUDS / Skyfend,1653,Operational,Excellent,2009,15,430.81,712128.93,Israel,No,Yes,2021,2030,40.5
1575,Greece,GRC,1952,No,No,Southern Europe,Athens,Anti-Drone System,Air Defense,Land,DroneShield / AUDS / Skyfend,390,In Maintenance,Fair,1991,33,268.75,104812.5,Israel,Partial,No,2021,2034,42.8
1576,Greece,GRC,1952,No,No,Southern Europe,Athens,Anti-Drone System,Air Defense,Land,DroneShield / AUDS / Skyfend,812,Upgrading,Needs Repair,1999,25,170.63,138551.56,UK,Yes,Yes,2001,2029,89.2
1577,Greece,GRC,1952,No,No,Southern Europe,Athens,Anti-Drone System,Air Defense,Land,DroneShield / AUDS / Skyfend,1020,On Order,Good,1968,56,93.22,95084.4,Italy,Yes,No,1979,2027,60.4
1578,Greece,GRC,1952,No,No,Southern Europe,Athens,Ground Attack Aircraft,Air Force,Air,A-10 / Tornado IDS,1697,Operational,End-of-Life,2001,23,374.1,634847.7,Italy,Partial,No,2020,2030,92.6
1579,Greece,GRC,1952,No,No,Southern Europe,Athens,Ground Attack Aircraft,Air Force,Air,A-10 / Tornado IDS,928,Operational,Fair,1975,49,49.05,45518.4,Germany,Yes,No,2021,2027,59.8
1580,Greece,GRC,1952,No,No,Southern Europe,Athens,Ground Attack Aircraft,Air Force,Air,A-10 / Tornado IDS,1573,Operational,End-of-Life,1963,61,85.19,134003.87,UK,No,No,1964,2029,76.7
1581,Greece,GRC,1952,No,No,Southern Europe,Athens,Amphibious Assault Ship,Naval,Sea,USS America / HMS Albion,472,In Maintenance,Good,1988,36,298.91,141085.52,Germany,Partial,Yes,1988,2033,45.1
1582,Greece,GRC,1952,No,No,Southern Europe,Athens,Amphibious Assault Ship,Naval,Sea,USS America / HMS Albion,302,On Order,Good,1986,38,412.43,124553.86,USA,No,Yes,2003,2024,88.4
1583,Greece,GRC,1952,No,No,Southern Europe,Athens,Amphibious Assault Ship,Naval,Sea,USS America / HMS Albion,1104,Reserve,Good,2014,10,230.64,254626.56,Turkey,No,Yes,2018,2024,85.3
1584,Greece,GRC,1952,No,No,Southern Europe,Athens,Amphibious Assault Ship,Naval,Sea,USS America / HMS Albion,199,Decommissioning,Good,1966,58,192.47,38301.53,France,Yes,Yes,1997,2033,96.3
1585,Greece,GRC,1952,No,No,Southern Europe,Athens,Destroyer,Naval,Sea,Arleigh Burke / Type 45,1847,Operational,Excellent,2018,6,36.82,68006.54,Domestic,Partial,No,2019,2028,49.7
1586,Greece,GRC,1952,No,No,Southern Europe,Athens,Destroyer,Naval,Sea,Arleigh Burke / Type 45,838,Decommissioning,End-of-Life,1996,28,447.02,374602.76,Israel,Yes,No,2007,2032,68.4
1587,Greece,GRC,1952,No,No,Southern Europe,Athens,Destroyer,Naval,Sea,Arleigh Burke / Type 45,1993,Reserve,Good,1988,36,349.45,696453.85,Israel,Yes,No,2020,2032,96.9
1588,Greece,GRC,1952,No,No,Southern Europe,Athens,Destroyer,Naval,Sea,Arleigh Burke / Type 45,296,Upgrading,Good,1977,47,337.17,99802.32,Italy,No,No,2024,2026,47.7
1589,Hungary,HUN,1999,No,No,Central Europe,Budapest,Long-Range SAM,Air Defense,Land,Patriot PAC-3 / S-400,427,In Maintenance,Needs Repair,2001,23,307.96,131498.92,Multi-National,No,Yes,2004,2029,86.6
1590,Hungary,HUN,1999,No,No,Central Europe,Budapest,Long-Range SAM,Air Defense,Land,Patriot PAC-3 / S-400,1454,Operational,Excellent,2003,21,178.56,259626.24,Turkey,No,Yes,2011,2028,53.2
1591,Hungary,HUN,1999,No,No,Central Europe,Budapest,Long-Range SAM,Air Defense,Land,Patriot PAC-3 / S-400,1303,Upgrading,Excellent,2002,22,7.34,9564.02,UK,No,No,2006,2033,87.2
1592,Hungary,HUN,1999,No,No,Central Europe,Budapest,Transport Helicopter,Aviation,Air,CH-47 Chinook / NH90,784,Upgrading,Fair,2008,16,158.96,124624.64,UK,Yes,Yes,2010,2033,87.7
1593,Hungary,HUN,1999,No,No,Central Europe,Budapest,Transport Helicopter,Aviation,Air,CH-47 Chinook / NH90,1743,Operational,Fair,2014,10,43.96,76622.28,France,Yes,Yes,2018,2033,95.9
1594,Hungary,HUN,1999,No,No,Central Europe,Budapest,Transport Helicopter,Aviation,Air,CH-47 Chinook / NH90,339,Decommissioning,Needs Repair,2018,6,194.75,66020.25,Domestic,Yes,Yes,2024,2024,84.7
1595,Hungary,HUN,1999,No,No,Central Europe,Budapest,Transport Helicopter,Aviation,Air,CH-47 Chinook / NH90,1623,Reserve,Fair,2019,5,136.49,221523.27,Turkey,No,No,2023,2035,64.8
1596,Hungary,HUN,1999,No,No,Central Europe,Budapest,Multiple Launch Rocket System,Artillery,Land,M270 / HIMARS / BM-21,1504,Operational,Needs Repair,2015,9,235.81,354658.24,Multi-National,No,Yes,2017,2025,61.9
1597,Hungary,HUN,1999,No,No,Central Europe,Budapest,Multiple Launch Rocket System,Artillery,Land,M270 / HIMARS / BM-21,1211,Reserve,Good,2003,21,224.86,272305.46,Turkey,No,Yes,2019,2026,69.4
1598,Hungary,HUN,1999,No,No,Central Europe,Budapest,Armored Reconnaissance Vehicle,Armored,Land,Fennek / Fuchs,1196,In Maintenance,Good,2000,24,428.68,512701.28,USA,Yes,Yes,2005,2027,92.2
1599,Hungary,HUN,1999,No,No,Central Europe,Budapest,Armored Reconnaissance Vehicle,Armored,Land,Fennek / Fuchs,660,Upgrading,Excellent,2007,17,250.76,165501.6,UK,No,Yes,2010,2028,83.8
1600,Hungary,HUN,1999,No,No,Central Europe,Budapest,Armored Reconnaissance Vehicle,Armored,Land,Fennek / Fuchs,1800,Decommissioning,Good,2022,2,395.11,711198.0,Israel,Partial,No,2023,2031,68.2
1601,Hungary,HUN,1999,No,No,Central Europe,Budapest,Frigate,Naval,Sea,FREMM / Type 23 / FREMM,525,In Maintenance,Needs Repair,1999,25,206.84,108591.0,Israel,No,No,2011,2024,40.2
1602,Hungary,HUN,1999,No,No,Central Europe,Budapest,Frigate,Naval,Sea,FREMM / Type 23 / FREMM,1982,On Order,Good,2013,11,170.24,337415.68,Germany,Partial,Yes,2014,2026,87.2
1603,Hungary,HUN,1999,No,No,Central Europe,Budapest,Frigate,Naval,Sea,FREMM / Type 23 / FREMM,1322,Decommissioning,Good,2016,8,57.61,76160.42,Multi-National,No,Yes,2023,2032,87.3
1604,Hungary,HUN,1999,No,No,Central Europe,Budapest,Patrol Vessel,Naval,Sea,OPV / Fast Attack Craft,275,In Maintenance,End-of-Life,2012,12,118.01,32452.75,France,Yes,Yes,2016,2035,86.7
1605,Hungary,HUN,1999,No,No,Central Europe,Budapest,Patrol Vessel,Naval,Sea,OPV / Fast Attack Craft,1320,Upgrading,End-of-Life,2017,7,449.24,592996.8,Germany,Partial,Yes,2023,2030,79.5
1606,Hungary,HUN,1999,No,No,Central Europe,Budapest,Patrol Vessel,Naval,Sea,OPV / Fast Attack Craft,815,Decommissioning,Fair,2000,24,399.41,325519.15,France,Yes,Yes,2006,2028,79.1
1607,Hungary,HUN,1999,No,No,Central Europe,Budapest,Bridge Layer,Engineering,Land,AVLB / Biber,423,On Order,Fair,2009,15,234.71,99282.33,Multi-National,Yes,Yes,2018,2030,61.1
1608,Hungary,HUN,1999,No,No,Central Europe,Budapest,Bridge Layer,Engineering,Land,AVLB / Biber,317,Operational,Needs Repair,2007,17,82.0,25994.0,France,No,Yes,2022,2035,41.1
1609,Hungary,HUN,1999,No,No,Central Europe,Budapest,Bridge Layer,Engineering,Land,AVLB / Biber,1147,In Maintenance,Needs Repair,2021,3,326.76,374793.72,UK,Partial,Yes,2021,2035,64.6
1610,Hungary,HUN,1999,No,No,Central Europe,Budapest,Amphibious Assault Ship,Naval,Sea,USS America / HMS Albion,1188,On Order,End-of-Life,2010,14,416.61,494932.68,Italy,Partial,No,2012,2025,77.3
1611,Hungary,HUN,1999,No,No,Central Europe,Budapest,Amphibious Assault Ship,Naval,Sea,USS America / HMS Albion,1025,Operational,Good,2017,7,339.74,348233.5,Israel,Yes,No,2022,2033,69.7
1612,Hungary,HUN,1999,No,No,Central Europe,Budapest,Amphibious Assault Ship,Naval,Sea,USS America / HMS Albion,1003,Decommissioning,Needs Repair,2011,13,207.82,208443.46,Turkey,No,No,2020,2027,61.6
1613,Hungary,HUN,1999,No,No,Central Europe,Budapest,Medium-Range SAM,Air Defense,Land,Patriot / NASAMS / SAMP/T,872,Reserve,Excellent,2001,23,94.27,82203.44,Turkey,No,Yes,2019,2029,53.2
1614,Hungary,HUN,1999,No,No,Central Europe,Budapest,Medium-Range SAM,Air Defense,Land,Patriot / NASAMS / SAMP/T,1669,Decommissioning,End-of-Life,2016,8,11.06,18459.14,UK,Yes,No,2023,2026,51.5
1615,Hungary,HUN,1999,No,No,Central Europe,Budapest,Medium-Range SAM,Air Defense,Land,Patriot / NASAMS / SAMP/T,1246,Upgrading,Needs Repair,2018,6,6.34,7899.64,USA,No,Yes,2018,2025,44.5
1616,Hungary,HUN,1999,No,No,Central Europe,Budapest,Medium-Range SAM,Air Defense,Land,Patriot / NASAMS / SAMP/T,460,Reserve,End-of-Life,2018,6,48.26,22199.6,Domestic,No,No,2019,2035,51.9
1617,Hungary,HUN,1999,No,No,Central Europe,Budapest,Combat Engineer Vehicle,Engineering,Land,M9 ACE / Leopard 2 AEV,1024,Operational,Fair,2018,6,70.75,72448.0,Domestic,Yes,Yes,2024,2035,71.4
1618,Hungary,HUN,1999,No,No,Central Europe,Budapest,Combat Engineer Vehicle,Engineering,Land,M9 ACE / Leopard 2 AEV,808,Upgrading,Fair,2002,22,360.2,291041.6,Turkey,Partial,Yes,2011,2034,98.7
1619,Hungary,HUN,1999,No,No,Central Europe,Budapest,Combat Engineer Vehicle,Engineering,Land,M9 ACE / Leopard 2 AEV,1350,Operational,Fair,2018,6,257.02,346977.0,Turkey,Yes,Yes,2021,2031,76.7
1620,Hungary,HUN,1999,No,No,Central Europe,Budapest,Light Tank,Armored,Land,CV90105 / AMX-10RC,782,Upgrading,Needs Repair,2013,11,300.0,234600.0,Germany,Yes,No,2014,2024,88.0
1621,Hungary,HUN,1999,No,No,Central Europe,Budapest,Light Tank,Armored,Land,CV90105 / AMX-10RC,1561,Upgrading,Fair,2005,19,206.4,322190.4,France,Partial,Yes,2006,2029,70.5
1622,Hungary,HUN,1999,No,No,Central Europe,Budapest,Light Tank,Armored,Land,CV90105 / AMX-10RC,794,In Maintenance,Fair,2017,7,254.87,202366.78,Italy,Partial,No,2018,2034,90.6
1623,Hungary,HUN,1999,No,No,Central Europe,Budapest,Light Tank,Armored,Land,CV90105 / AMX-10RC,1324,On Order,Needs Repair,2010,14,163.18,216050.32,France,Yes,No,2017,2024,47.1
1624,Hungary,HUN,1999,No,No,Central Europe,Budapest,Maritime Helicopter,Aviation,Air,AW159 / MH-60R,689,Operational,Needs Repair,2008,16,305.18,210269.02,Turkey,Yes,Yes,2021,2024,88.9
1625,Hungary,HUN,1999,No,No,Central Europe,Budapest,Maritime Helicopter,Aviation,Air,AW159 / MH-60R,1202,Upgrading,End-of-Life,2012,12,228.84,275065.68,Multi-National,Partial,No,2024,2025,42.1
1626,Hungary,HUN,1999,No,No,Central Europe,Budapest,Maritime Helicopter,Aviation,Air,AW159 / MH-60R,1550,Decommissioning,Needs Repair,2015,9,154.69,239769.5,France,No,No,2022,2033,57.6
1627,Hungary,HUN,1999,No,No,Central Europe,Budapest,Maritime Helicopter,Aviation,Air,AW159 / MH-60R,437,Upgrading,Fair,2021,3,412.15,180109.55,UK,No,Yes,2022,2030,52.0
1628,Hungary,HUN,1999,No,No,Central Europe,Budapest,Infantry Fighting Vehicle,Armored,Land,Bradley / Puma / AS-21,812,Reserve,End-of-Life,2014,10,296.2,240514.4,Israel,No,No,2022,2031,79.3
1629,Hungary,HUN,1999,No,No,Central Europe,Budapest,Infantry Fighting Vehicle,Armored,Land,Bradley / Puma / AS-21,795,Decommissioning,Fair,2011,13,278.75,221606.25,Turkey,Partial,Yes,2016,2029,90.4
1630,Hungary,HUN,1999,No,No,Central Europe,Budapest,Infantry Fighting Vehicle,Armored,Land,Bradley / Puma / AS-21,1659,Upgrading,Fair,2022,2,107.76,178773.84,Italy,Partial,Yes,2024,2034,47.8
1631,Hungary,HUN,1999,No,No,Central Europe,Budapest,Multirole Aircraft,Air Force,Air,F-35 / Rafale / F/A-18,1588,Upgrading,Good,2010,14,108.98,173060.24,Domestic,Partial,No,2020,2035,71.4
1632,Hungary,HUN,1999,No,No,Central Europe,Budapest,Multirole Aircraft,Air Force,Air,F-35 / Rafale / F/A-18,817,On Order,End-of-Life,2009,15,395.38,323025.46,UK,No,Yes,2016,2031,88.2
1633,Hungary,HUN,1999,No,No,Central Europe,Budapest,Ground Attack Aircraft,Air Force,Air,A-10 / Tornado IDS,574,Operational,Needs Repair,2016,8,390.17,223957.58,Multi-National,Yes,No,2019,2032,52.9
1634,Hungary,HUN,1999,No,No,Central Europe,Budapest,Ground Attack Aircraft,Air Force,Air,A-10 / Tornado IDS,1495,Upgrading,End-of-Life,2016,8,167.66,250651.7,France,Yes,Yes,2019,2030,76.0
1635,Hungary,HUN,1999,No,No,Central Europe,Budapest,Ground Attack Aircraft,Air Force,Air,A-10 / Tornado IDS,622,On Order,Fair,2022,2,236.43,147059.46,Domestic,No,Yes,2023,2027,43.3
1636,Hungary,HUN,1999,No,No,Central Europe,Budapest,Electronic Warfare System,Electronics,Land,JAMMER / Krasukha,180,Upgrading,Good,2010,14,1.09,196.2,Germany,Partial,No,2023,2024,58.8
1637,Hungary,HUN,1999,No,No,Central Europe,Budapest,Electronic Warfare System,Electronics,Land,JAMMER / Krasukha,95,In Maintenance,Needs Repair,2024,0,332.27,31565.65,Italy,Partial,Yes,2024,2034,74.8
1638,Hungary,HUN,1999,No,No,Central Europe,Budapest,Electronic Warfare System,Electronics,Land,JAMMER / Krasukha,423,Upgrading,Needs Repair,2005,19,400.94,169597.62,UK,Partial,No,2013,2035,98.9
1639,Hungary,HUN,1999,No,No,Central Europe,Budapest,Tanker Aircraft,Air Force,Air,KC-135 / A330 MRTT,1770,In Maintenance,Good,2012,12,335.63,594065.1,Germany,No,Yes,2024,2033,77.1
1640,Hungary,HUN,1999,No,No,Central Europe,Budapest,Tanker Aircraft,Air Force,Air,KC-135 / A330 MRTT,543,In Maintenance,Excellent,2002,22,151.39,82204.77,UK,Yes,Yes,2004,2024,50.7
1641,Hungary,HUN,1999,No,No,Central Europe,Budapest,Tanker Aircraft,Air Force,Air,KC-135 / A330 MRTT,1003,Decommissioning,Excellent,2012,12,20.69,20752.07,Italy,Yes,No,2016,2032,55.7
1642,Hungary,HUN,1999,No,No,Central Europe,Budapest,Fighter Jet,Air Force,Air,F-16 / Gripen / Typhoon,976,In Maintenance,End-of-Life,2017,7,285.41,278560.16,France,Yes,Yes,2023,2025,55.8
1643,Hungary,HUN,1999,No,No,Central Europe,Budapest,Fighter Jet,Air Force,Air,F-16 / Gripen / Typhoon,442,On Order,Fair,2009,15,201.51,89067.42,UK,Partial,No,2015,2029,41.4
1644,Hungary,HUN,1999,No,No,Central Europe,Budapest,Fighter Jet,Air Force,Air,F-16 / Gripen / Typhoon,1657,On Order,Good,2010,14,301.07,498872.99,Israel,Yes,Yes,2022,2031,41.7
1645,Hungary,HUN,1999,No,No,Central Europe,Budapest,Field Hospital,Medical,Support,Role 2 / Role 3 Hospital,1764,Upgrading,Needs Repair,2015,9,211.93,373844.52,Domestic,No,Yes,2023,2034,96.4
1646,Hungary,HUN,1999,No,No,Central Europe,Budapest,Field Hospital,Medical,Support,Role 2 / Role 3 Hospital,1930,In Maintenance,Needs Repair,2004,20,270.07,521235.1,USA,Yes,Yes,2008,2027,69.5
1647,Hungary,HUN,1999,No,No,Central Europe,Budapest,Field Hospital,Medical,Support,Role 2 / Role 3 Hospital,521,Decommissioning,End-of-Life,2010,14,269.4,140357.4,UK,Partial,Yes,2021,2035,97.9
1648,Hungary,HUN,1999,No,No,Central Europe,Budapest,Satellite Terminal,Communications,Digital,SATCOM / JTRS,1022,Upgrading,Excellent,2012,12,420.86,430118.92,Italy,Partial,Yes,2019,2033,44.0
1649,Hungary,HUN,1999,No,No,Central Europe,Budapest,Satellite Terminal,Communications,Digital,SATCOM / JTRS,93,Upgrading,Fair,2019,5,361.29,33599.97,USA,Yes,No,2021,2024,69.7
1650,Hungary,HUN,1999,No,No,Central Europe,Budapest,Logistics Support Vessel,Naval,Sea,Supply / Berlin-class,1082,On Order,Fair,2005,19,342.73,370833.86,Turkey,Partial,No,2021,2027,88.3
1651,Hungary,HUN,1999,No,No,Central Europe,Budapest,Logistics Support Vessel,Naval,Sea,Supply / Berlin-class,468,Reserve,Needs Repair,2007,17,233.14,109109.52,France,No,No,2016,2035,80.6
1652,Hungary,HUN,1999,No,No,Central Europe,Budapest,Logistics Support Vessel,Naval,Sea,Supply / Berlin-class,1779,Decommissioning,Good,2008,16,395.0,702705.0,Turkey,Yes,Yes,2008,2027,47.0
1653,Hungary,HUN,1999,No,No,Central Europe,Budapest,Self-Propelled Howitzer,Artillery,Land,PzH 2000 / K9 Thunder / Caesar,1136,On Order,Needs Repair,2015,9,110.56,125596.16,UK,Yes,Yes,2021,2031,84.6
1654,Hungary,HUN,1999,No,No,Central Europe,Budapest,Self-Propelled Howitzer,Artillery,Land,PzH 2000 / K9 Thunder / Caesar,668,Reserve,Fair,2022,2,281.07,187754.76,UK,Yes,No,2024,2033,52.9
1655,Hungary,HUN,1999,No,No,Central Europe,Budapest,Self-Propelled Howitzer,Artillery,Land,PzH 2000 / K9 Thunder / Caesar,411,Operational,Needs Repair,2004,20,437.29,179726.19,Italy,No,Yes,2014,2026,65.4
1656,Hungary,HUN,1999,No,No,Central Europe,Budapest,Main Battle Tank,Armored,Land,M1 Abrams / Leopard 2 / Challenger 3,1601,Reserve,Good,2000,24,56.33,90184.33,France,Partial,Yes,2004,2033,96.8
1657,Hungary,HUN,1999,No,No,Central Europe,Budapest,Main Battle Tank,Armored,Land,M1 Abrams / Leopard 2 / Challenger 3,1350,In Maintenance,Good,2018,6,181.29,244741.5,Domestic,Partial,Yes,2019,2029,90.9
1658,Hungary,HUN,1999,No,No,Central Europe,Budapest,Main Battle Tank,Armored,Land,M1 Abrams / Leopard 2 / Challenger 3,820,Operational,Good,2010,14,119.5,97990.0,Domestic,No,Yes,2022,2029,56.5
1659,Hungary,HUN,1999,No,No,Central Europe,Budapest,Main Battle Tank,Armored,Land,M1 Abrams / Leopard 2 / Challenger 3,1629,On Order,Needs Repair,2000,24,362.04,589763.16,France,Yes,Yes,2003,2026,91.9
1660,Hungary,HUN,1999,No,No,Central Europe,Budapest,Mortar System,Artillery,Land,M120 / AMOS,1249,Decommissioning,Fair,2010,14,97.14,121327.86,Domestic,Yes,No,2012,2027,44.7
1661,Hungary,HUN,1999,No,No,Central Europe,Budapest,Mortar System,Artillery,Land,M120 / AMOS,1942,Operational,Needs Repair,2016,8,63.44,123200.48,Multi-National,Yes,Yes,2020,2032,92.4
1662,Hungary,HUN,1999,No,No,Central Europe,Budapest,Mortar System,Artillery,Land,M120 / AMOS,1603,In Maintenance,Excellent,2021,3,15.12,24237.36,Italy,No,No,2024,2027,94.8
1663,Hungary,HUN,1999,No,No,Central Europe,Budapest,Mortar System,Artillery,Land,M120 / AMOS,737,Upgrading,End-of-Life,2013,11,340.54,250977.98,Turkey,Yes,Yes,2017,2035,59.7
1664,Hungary,HUN,1999,No,No,Central Europe,Budapest,Corvette,Naval,Sea,Skjold / Visby / Burak,672,Operational,Fair,2006,18,237.06,159304.32,USA,Partial,Yes,2021,2026,91.5
1665,Hungary,HUN,1999,No,No,Central Europe,Budapest,Corvette,Naval,Sea,Skjold / Visby / Burak,386,In Maintenance,Needs Repair,2023,1,232.09,89586.74,UK,Yes,No,2023,2032,60.6
1666,Hungary,HUN,1999,No,No,Central Europe,Budapest,Corvette,Naval,Sea,Skjold / Visby / Burak,1785,Upgrading,Needs Repair,2010,14,164.63,293864.55,Multi-National,Partial,Yes,2015,2029,75.4
1667,Hungary,HUN,1999,No,No,Central Europe,Budapest,Corvette,Naval,Sea,Skjold / Visby / Burak,501,Operational,End-of-Life,2000,24,421.62,211231.62,Israel,Partial,No,2009,2028,84.4
1668,Hungary,HUN,1999,No,No,Central Europe,Budapest,Ballistic Missile Defense,Strategic,Land,THAAD / Aegis Ashore,795,Reserve,Excellent,2002,22,304.01,241687.95,UK,Partial,No,2020,2035,46.9
1669,Hungary,HUN,1999,No,No,Central Europe,Budapest,Ballistic Missile Defense,Strategic,Land,THAAD / Aegis Ashore,1462,Decommissioning,End-of-Life,2009,15,331.82,485120.84,Germany,Partial,No,2018,2030,82.6
1670,Hungary,HUN,1999,No,No,Central Europe,Budapest,Ballistic Missile Defense,Strategic,Land,THAAD / Aegis Ashore,86,Operational,Needs Repair,2006,18,412.89,35508.54,Israel,Partial,No,2017,2029,76.0
1671,Hungary,HUN,1999,No,No,Central Europe,Budapest,Ammunition Supply Vehicle,Logistics,Support,PLS / DROPS,756,Operational,Excellent,2009,15,228.98,173108.88,Multi-National,Partial,Yes,2013,2031,66.3
1672,Hungary,HUN,1999,No,No,Central Europe,Budapest,Ammunition Supply Vehicle,Logistics,Support,PLS / DROPS,677,Upgrading,Needs Repair,2008,16,201.44,136374.88,Turkey,No,No,2013,2029,57.0
1673,Hungary,HUN,1999,No,No,Central Europe,Budapest,Anti-Aircraft Gun,Air Defense,Land,Oerlikon 35mm / ZU-23,242,Upgrading,Good,2003,21,97.96,23706.32,UK,Partial,Yes,2018,2033,68.1
1674,Hungary,HUN,1999,No,No,Central Europe,Budapest,Anti-Aircraft Gun,Air Defense,Land,Oerlikon 35mm / ZU-23,80,On Order,Fair,1999,25,222.31,17784.8,Italy,No,No,2016,2028,74.1
1675,Hungary,HUN,1999,No,No,Central Europe,Budapest,Anti-Aircraft Gun,Air Defense,Land,Oerlikon 35mm / ZU-23,1511,Reserve,Excellent,2012,12,208.1,314439.1,Israel,No,Yes,2015,2034,73.8
1676,Hungary,HUN,1999,No,No,Central Europe,Budapest,Anti-Aircraft Gun,Air Defense,Land,Oerlikon 35mm / ZU-23,1616,Upgrading,Excellent,2012,12,296.72,479499.52,Germany,No,No,2021,2027,60.6
1677,Hungary,HUN,1999,No,No,Central Europe,Budapest,AWACS Aircraft,Air Force,Air,E-3 Sentry / E-7A,1906,Upgrading,Needs Repair,2004,20,349.55,666242.3,UK,Partial,Yes,2016,2028,47.4
1678,Hungary,HUN,1999,No,No,Central Europe,Budapest,AWACS Aircraft,Air Force,Air,E-3 Sentry / E-7A,319,Upgrading,Good,2023,1,443.59,141505.21,Turkey,No,No,2023,2025,96.4
1679,Hungary,HUN,1999,No,No,Central Europe,Budapest,Mine Countermeasure Vessel,Naval,Sea,Hunt-class / Alkmaar,1944,In Maintenance,Fair,2002,22,312.2,606916.8,USA,No,Yes,2003,2029,56.9
1680,Hungary,HUN,1999,No,No,Central Europe,Budapest,Mine Countermeasure Vessel,Naval,Sea,Hunt-class / Alkmaar,748,Reserve,Fair,2009,15,250.28,187209.44,Italy,Partial,No,2020,2030,88.0
1681,Hungary,HUN,1999,No,No,Central Europe,Budapest,Mine Countermeasure Vessel,Naval,Sea,Hunt-class / Alkmaar,1964,Decommissioning,Good,2002,22,191.07,375261.48,France,No,No,2024,2030,64.8
1682,Hungary,HUN,1999,No,No,Central Europe,Budapest,Radar System,Electronics,Land,AN/TPY-2 / AN/MPQ-65,1149,Operational,Fair,2024,0,275.94,317055.06,USA,Yes,No,2024,2028,52.0
1683,Hungary,HUN,1999,No,No,Central Europe,Budapest,Radar System,Electronics,Land,AN/TPY-2 / AN/MPQ-65,972,Reserve,Needs Repair,2001,23,167.07,162392.04,Multi-National,No,Yes,2003,2034,83.0
1684,Hungary,HUN,1999,No,No,Central Europe,Budapest,Strategic Bomber,Air Force,Air,B-52 / B-2 Spirit,1196,Decommissioning,Needs Repair,2006,18,100.77,120520.92,Domestic,Partial,Yes,2008,2034,80.7
1685,Hungary,HUN,1999,No,No,Central Europe,Budapest,Strategic Bomber,Air Force,Air,B-52 / B-2 Spirit,75,Decommissioning,End-of-Life,2015,9,259.3,19447.5,Multi-National,No,Yes,2016,2024,62.1
1686,Hungary,HUN,1999,No,No,Central Europe,Budapest,Strategic Bomber,Air Force,Air,B-52 / B-2 Spirit,1620,Decommissioning,Excellent,2023,1,248.56,402667.2,USA,Yes,No,2023,2026,42.6
1687,Hungary,HUN,1999,No,No,Central Europe,Budapest,NBC Detection Vehicle,CBRN,Land,Fox / TPz Fuchs,585,On Order,Good,2000,24,15.32,8962.2,France,Partial,Yes,2018,2030,54.6
1688,Hungary,HUN,1999,No,No,Central Europe,Budapest,NBC Detection Vehicle,CBRN,Land,Fox / TPz Fuchs,1205,Operational,Good,2000,24,83.63,100774.15,Multi-National,Partial,No,2016,2026,96.5
1689,Hungary,HUN,1999,No,No,Central Europe,Budapest,NBC Detection Vehicle,CBRN,Land,Fox / TPz Fuchs,1951,Decommissioning,Good,2001,23,252.04,491730.04,Multi-National,No,No,2015,2032,46.0
1690,Hungary,HUN,1999,No,No,Central Europe,Budapest,Logistics Truck (Heavy),Logistics,Support,HEMTT / MAN HX,1584,In Maintenance,Fair,2013,11,194.81,308579.04,Germany,Partial,Yes,2021,2027,57.9
1691,Hungary,HUN,1999,No,No,Central Europe,Budapest,Logistics Truck (Heavy),Logistics,Support,HEMTT / MAN HX,1434,In Maintenance,Needs Repair,2001,23,83.92,120341.28,Israel,No,No,2009,2026,83.6
1692,Hungary,HUN,1999,No,No,Central Europe,Budapest,Logistics Truck (Heavy),Logistics,Support,HEMTT / MAN HX,847,Operational,Fair,2008,16,124.03,105053.41,Turkey,Partial,Yes,2013,2031,75.9
1693,Hungary,HUN,1999,No,No,Central Europe,Budapest,Anti-Tank Missile System,Anti-Armor,Land,Javelin / SPIKE / Milan,834,On Order,Fair,2006,18,199.33,166241.22,Multi-National,Yes,No,2020,2028,56.3
1694,Hungary,HUN,1999,No,No,Central Europe,Budapest,Anti-Tank Missile System,Anti-Armor,Land,Javelin / SPIKE / Milan,1162,Decommissioning,Needs Repair,2004,20,140.34,163075.08,USA,No,No,2016,2033,53.0
1695,Hungary,HUN,1999,No,No,Central Europe,Budapest,Anti-Tank Missile System,Anti-Armor,Land,Javelin / SPIKE / Milan,1626,Reserve,Good,2017,7,277.66,451475.16,USA,No,No,2023,2030,58.6
1696,Hungary,HUN,1999,No,No,Central Europe,Budapest,Destroyer,Naval,Sea,Arleigh Burke / Type 45,403,In Maintenance,Needs Repair,2018,6,125.98,50769.94,Domestic,Partial,No,2020,2033,63.3
1697,Hungary,HUN,1999,No,No,Central Europe,Budapest,Destroyer,Naval,Sea,Arleigh Burke / Type 45,858,Decommissioning,Excellent,2020,4,448.2,384555.6,USA,Partial,Yes,2021,2033,86.8
1698,Hungary,HUN,1999,No,No,Central Europe,Budapest,Submarine (SSK),Naval,Sea,Type 212 / Gotland,499,On Order,Good,2020,4,347.56,173432.44,UK,No,No,2021,2026,94.1
1699,Hungary,HUN,1999,No,No,Central Europe,Budapest,Submarine (SSK),Naval,Sea,Type 212 / Gotland,465,Upgrading,End-of-Life,2013,11,93.9,43663.5,UK,Yes,No,2023,2035,43.9
1700,Hungary,HUN,1999,No,No,Central Europe,Budapest,Patrol Aircraft,Air Force,Air,P-8 Poseidon / Atlantic,849,On Order,End-of-Life,2014,10,414.0,351486.0,Italy,No,Yes,2014,2028,87.2
1701,Hungary,HUN,1999,No,No,Central Europe,Budapest,Patrol Aircraft,Air Force,Air,P-8 Poseidon / Atlantic,673,Reserve,Needs Repair,2017,7,173.58,116819.34,Israel,Partial,No,2024,2032,63.1
1702,Hungary,HUN,1999,No,No,Central Europe,Budapest,Patrol Aircraft,Air Force,Air,P-8 Poseidon / Atlantic,1388,Reserve,Fair,1999,25,24.82,34450.16,USA,Partial,Yes,2011,2034,84.8
1703,Hungary,HUN,1999,No,No,Central Europe,Budapest,Patrol Aircraft,Air Force,Air,P-8 Poseidon / Atlantic,1336,Reserve,End-of-Life,2012,12,117.88,157487.68,UK,Yes,No,2015,2026,68.0
1704,Hungary,HUN,1999,No,No,Central Europe,Budapest,Strategic Transport Aircraft,Air Force,Air,C-17 / A400M / C-130,843,Upgrading,Fair,2002,22,115.28,97181.04,France,No,No,2007,2024,43.7
1705,Hungary,HUN,1999,No,No,Central Europe,Budapest,Strategic Transport Aircraft,Air Force,Air,C-17 / A400M / C-130,311,Decommissioning,Needs Repair,2001,23,441.32,137250.52,Turkey,No,No,2023,2025,91.8
1706,Hungary,HUN,1999,No,No,Central Europe,Budapest,Strategic Transport Aircraft,Air Force,Air,C-17 / A400M / C-130,283,Operational,End-of-Life,2000,24,112.68,31888.44,USA,Partial,No,2021,2034,41.3
1707,Hungary,HUN,1999,No,No,Central Europe,Budapest,Sniper Rifle System,Small Arms,Land,Barrett M82 / Accuracy Int.,839,In Maintenance,Good,2010,14,282.49,237009.11,Italy,Partial,No,2010,2032,45.2
1708,Hungary,HUN,1999,No,No,Central Europe,Budapest,Sniper Rifle System,Small Arms,Land,Barrett M82 / Accuracy Int.,540,In Maintenance,End-of-Life,2005,19,410.64,221745.6,Multi-National,No,No,2018,2035,99.6
1709,Hungary,HUN,1999,No,No,Central Europe,Budapest,Sniper Rifle System,Small Arms,Land,Barrett M82 / Accuracy Int.,383,On Order,Excellent,2014,10,302.39,115815.37,UK,Yes,Yes,2017,2032,45.7
1710,Hungary,HUN,1999,No,No,Central Europe,Budapest,Attack Helicopter,Aviation,Air,AH-64 Apache / Tiger / NH90,85,Decommissioning,Excellent,2022,2,360.28,30623.8,Turkey,Yes,Yes,2023,2026,47.6
1711,Hungary,HUN,1999,No,No,Central Europe,Budapest,Attack Helicopter,Aviation,Air,AH-64 Apache / Tiger / NH90,168,Upgrading,Fair,2015,9,120.64,20267.52,Israel,No,Yes,2020,2026,68.3
1712,Hungary,HUN,1999,No,No,Central Europe,Budapest,Attack Helicopter,Aviation,Air,AH-64 Apache / Tiger / NH90,1442,Decommissioning,Needs Repair,2004,20,158.43,228456.06,USA,Yes,No,2010,2029,94.1
1713,Hungary,HUN,1999,No,No,Central Europe,Budapest,Cyber Defense Unit,Cyber,Digital,CCDCOE / NATO Cyber Centre,1684,Operational,Needs Repair,2005,19,20.61,34707.24,Turkey,Partial,No,2008,2027,42.4
1714,Hungary,HUN,1999,No,No,Central Europe,Budapest,Cyber Defense Unit,Cyber,Digital,CCDCOE / NATO Cyber Centre,159,In Maintenance,Good,1999,25,268.1,42627.9,USA,No,No,2008,2029,88.1
1715,Hungary,HUN,1999,No,No,Central Europe,Budapest,Cyber Defense Unit,Cyber,Digital,CCDCOE / NATO Cyber Centre,413,Upgrading,Good,2013,11,50.05,20670.65,Germany,Yes,No,2016,2025,76.5
1716,Hungary,HUN,1999,No,No,Central Europe,Budapest,Cyber Defense Unit,Cyber,Digital,CCDCOE / NATO Cyber Centre,910,Operational,Good,2008,16,112.39,102274.9,Israel,No,No,2019,2030,91.3
1717,Hungary,HUN,1999,No,No,Central Europe,Budapest,Aircraft Carrier,Naval,Sea,Gerald R. Ford / Queen Elizabeth,455,Upgrading,Fair,2005,19,181.07,82386.85,Italy,Partial,Yes,2018,2026,55.0
1718,Hungary,HUN,1999,No,No,Central Europe,Budapest,Aircraft Carrier,Naval,Sea,Gerald R. Ford / Queen Elizabeth,669,Upgrading,Needs Repair,2009,15,152.6,102089.4,Germany,Yes,Yes,2021,2034,93.4
1719,Hungary,HUN,1999,No,No,Central Europe,Budapest,UAV / Drone,Air Force,Air,MQ-9 Reaper / Bayraktar TB2,119,Reserve,Excellent,2003,21,204.89,24381.91,Domestic,Yes,No,2024,2030,72.9
1720,Hungary,HUN,1999,No,No,Central Europe,Budapest,UAV / Drone,Air Force,Air,MQ-9 Reaper / Bayraktar TB2,87,Reserve,Needs Repair,2012,12,260.78,22687.86,USA,Yes,Yes,2013,2035,71.3
1721,Hungary,HUN,1999,No,No,Central Europe,Budapest,UAV / Drone,Air Force,Air,MQ-9 Reaper / Bayraktar TB2,1741,On Order,End-of-Life,2011,13,204.41,355877.81,France,Yes,Yes,2016,2027,74.4
1722,Hungary,HUN,1999,No,No,Central Europe,Budapest,UAV / Drone,Air Force,Air,MQ-9 Reaper / Bayraktar TB2,472,In Maintenance,Excellent,2023,1,313.47,147957.84,Italy,No,No,2024,2025,92.2
1723,Hungary,HUN,1999,No,No,Central Europe,Budapest,Armored Personnel Carrier,Armored,Land,M113 / Boxer / BTR-80,679,Upgrading,End-of-Life,2014,10,368.06,249912.74,UK,Yes,Yes,2015,2035,71.6
1724,Hungary,HUN,1999,No,No,Central Europe,Budapest,Armored Personnel Carrier,Armored,Land,M113 / Boxer / BTR-80,67,Upgrading,Fair,2003,21,122.5,8207.5,Israel,Partial,No,2023,2034,59.8
1725,Hungary,HUN,1999,No,No,Central Europe,Budapest,Armored Personnel Carrier,Armored,Land,M113 / Boxer / BTR-80,228,On Order,Excellent,2017,7,11.54,2631.12,UK,Yes,Yes,2022,2035,58.3
1726,Iceland,ISL,1949,Yes,No,Northern Europe,Reykjavik,Ballistic Missile Defense,Strategic,Land,THAAD / Aegis Ashore,1326,Upgrading,Excellent,1968,56,43.6,57813.6,UK,No,Yes,1975,2026,60.4
1727,Iceland,ISL,1949,Yes,No,Northern Europe,Reykjavik,Ballistic Missile Defense,Strategic,Land,THAAD / Aegis Ashore,1435,On Order,Good,1971,53,248.53,356640.55,France,Partial,No,1976,2031,78.5
1728,Iceland,ISL,1949,Yes,No,Northern Europe,Reykjavik,Ballistic Missile Defense,Strategic,Land,THAAD / Aegis Ashore,1736,Decommissioning,Excellent,2019,5,168.66,292793.76,Turkey,No,No,2021,2024,61.2
1729,Iceland,ISL,1949,Yes,No,Northern Europe,Reykjavik,Ballistic Missile Defense,Strategic,Land,THAAD / Aegis Ashore,195,In Maintenance,End-of-Life,2013,11,428.35,83528.25,France,Yes,Yes,2013,2034,60.8
1730,Iceland,ISL,1949,Yes,No,Northern Europe,Reykjavik,Transport Helicopter,Aviation,Air,CH-47 Chinook / NH90,1829,Decommissioning,End-of-Life,1960,64,348.62,637625.98,France,Yes,Yes,2022,2033,52.7
1731,Iceland,ISL,1949,Yes,No,Northern Europe,Reykjavik,Transport Helicopter,Aviation,Air,CH-47 Chinook / NH90,1823,Upgrading,Excellent,1998,26,129.74,236516.02,Multi-National,Partial,No,2021,2028,42.6
1732,Iceland,ISL,1949,Yes,No,Northern Europe,Reykjavik,Transport Helicopter,Aviation,Air,CH-47 Chinook / NH90,719,Reserve,Good,1987,37,417.67,300304.73,Italy,Partial,Yes,2010,2031,41.3
1733,Iceland,ISL,1949,Yes,No,Northern Europe,Reykjavik,Towed Howitzer,Artillery,Land,M777 / FH70 / D-30,1747,Operational,End-of-Life,1998,26,389.32,680142.04,UK,No,Yes,1998,2031,72.2
1734,Iceland,ISL,1949,Yes,No,Northern Europe,Reykjavik,Towed Howitzer,Artillery,Land,M777 / FH70 / D-30,1329,On Order,Good,1991,33,191.71,254782.59,Turkey,Yes,Yes,2017,2024,85.5
1735,Iceland,ISL,1949,Yes,No,Northern Europe,Reykjavik,Towed Howitzer,Artillery,Land,M777 / FH70 / D-30,1911,Operational,Excellent,1999,25,354.54,677525.94,Multi-National,No,Yes,2022,2025,41.6
1736,Iceland,ISL,1949,Yes,No,Northern Europe,Reykjavik,Armored Personnel Carrier,Armored,Land,M113 / Boxer / BTR-80,1816,Operational,End-of-Life,1978,46,196.48,356807.68,USA,Partial,No,2014,2024,88.8
1737,Iceland,ISL,1949,Yes,No,Northern Europe,Reykjavik,Armored Personnel Carrier,Armored,Land,M113 / Boxer / BTR-80,139,In Maintenance,Good,2009,15,22.51,3128.89,Turkey,Partial,No,2014,2032,41.4
1738,Iceland,ISL,1949,Yes,No,Northern Europe,Reykjavik,Armored Personnel Carrier,Armored,Land,M113 / Boxer / BTR-80,1904,Upgrading,Needs Repair,2017,7,208.09,396203.36,Domestic,Yes,No,2024,2026,81.8
1739,Iceland,ISL,1949,Yes,No,Northern Europe,Reykjavik,Armored Personnel Carrier,Armored,Land,M113 / Boxer / BTR-80,1039,Operational,Excellent,1966,58,396.48,411942.72,Italy,No,No,1985,2030,41.7
1740,Iceland,ISL,1949,Yes,No,Northern Europe,Reykjavik,Electronic Warfare System,Electronics,Land,JAMMER / Krasukha,922,Decommissioning,Fair,1975,49,286.27,263940.94,Israel,Partial,Yes,2012,2026,48.9
1741,Iceland,ISL,1949,Yes,No,Northern Europe,Reykjavik,Electronic Warfare System,Electronics,Land,JAMMER / Krasukha,727,Reserve,Needs Repair,1965,59,436.94,317655.38,France,Partial,No,2016,2028,83.8
1742,Iceland,ISL,1949,Yes,No,Northern Europe,Reykjavik,Electronic Warfare System,Electronics,Land,JAMMER / Krasukha,1604,Operational,Needs Repair,1972,52,158.59,254378.36,Italy,Yes,No,2001,2035,55.9
1743,Iceland,ISL,1949,Yes,No,Northern Europe,Reykjavik,Fighter Jet,Air Force,Air,F-16 / Gripen / Typhoon,1077,In Maintenance,Fair,2003,21,287.71,309863.67,Multi-National,Yes,Yes,2006,2031,83.5
1744,Iceland,ISL,1949,Yes,No,Northern Europe,Reykjavik,Fighter Jet,Air Force,Air,F-16 / Gripen / Typhoon,538,Reserve,Needs Repair,2015,9,202.45,108918.1,Turkey,Partial,Yes,2020,2033,95.6
1745,Iceland,ISL,1949,Yes,No,Northern Europe,Reykjavik,Fighter Jet,Air Force,Air,F-16 / Gripen / Typhoon,1367,Reserve,Good,1992,32,294.75,402923.25,Multi-National,Yes,No,2016,2033,74.7
1746,Iceland,ISL,1949,Yes,No,Northern Europe,Reykjavik,Fighter Jet,Air Force,Air,F-16 / Gripen / Typhoon,963,In Maintenance,Excellent,1965,59,80.26,77290.38,USA,Partial,Yes,1968,2035,62.8
1747,Iceland,ISL,1949,Yes,No,Northern Europe,Reykjavik,Long-Range SAM,Air Defense,Land,Patriot PAC-3 / S-400,874,Upgrading,Needs Repair,2023,1,55.83,48795.42,USA,Partial,Yes,2024,2033,74.5
1748,Iceland,ISL,1949,Yes,No,Northern Europe,Reykjavik,Long-Range SAM,Air Defense,Land,Patriot PAC-3 / S-400,433,Operational,Good,1997,27,107.92,46729.36,USA,Yes,No,2014,2027,42.4
1749,Iceland,ISL,1949,Yes,No,Northern Europe,Reykjavik,Long-Range SAM,Air Defense,Land,Patriot PAC-3 / S-400,1315,Decommissioning,Needs Repair,2000,24,238.9,314153.5,Italy,Yes,Yes,2010,2029,50.7
1750,Iceland,ISL,1949,Yes,No,Northern Europe,Reykjavik,Air Superiority Fighter,Air Force,Air,F-22 / Typhoon,353,On Order,Fair,1956,68,61.52,21716.56,Multi-National,No,No,2017,2032,47.4
1751,Iceland,ISL,1949,Yes,No,Northern Europe,Reykjavik,Air Superiority Fighter,Air Force,Air,F-22 / Typhoon,383,Decommissioning,End-of-Life,2021,3,71.36,27330.88,France,No,No,2021,2031,53.8
1752,Iceland,ISL,1949,Yes,No,Northern Europe,Reykjavik,Air Superiority Fighter,Air Force,Air,F-22 / Typhoon,1995,In Maintenance,End-of-Life,1971,53,360.39,718978.05,France,Yes,No,2012,2031,70.6
1753,Iceland,ISL,1949,Yes,No,Northern Europe,Reykjavik,Air Superiority Fighter,Air Force,Air,F-22 / Typhoon,689,Decommissioning,Fair,1951,73,357.05,246007.45,Turkey,No,Yes,1991,2029,97.8
1754,Iceland,ISL,1949,Yes,No,Northern Europe,Reykjavik,UAV / Drone,Air Force,Air,MQ-9 Reaper / Bayraktar TB2,1354,Decommissioning,Excellent,2013,11,326.28,441783.12,Turkey,No,Yes,2014,2026,80.1
1755,Iceland,ISL,1949,Yes,No,Northern Europe,Reykjavik,UAV / Drone,Air Force,Air,MQ-9 Reaper / Bayraktar TB2,435,In Maintenance,Fair,1988,36,288.51,125501.85,France,Partial,Yes,1992,2035,59.8
1756,Iceland,ISL,1949,Yes,No,Northern Europe,Reykjavik,UAV / Drone,Air Force,Air,MQ-9 Reaper / Bayraktar TB2,722,In Maintenance,Needs Repair,1954,70,385.74,278504.28,Germany,Yes,No,2019,2024,83.9
1757,Iceland,ISL,1949,Yes,No,Northern Europe,Reykjavik,UAV / Drone,Air Force,Air,MQ-9 Reaper / Bayraktar TB2,387,Reserve,Needs Repair,1998,26,266.39,103092.93,Italy,No,Yes,2017,2028,51.8
1758,Iceland,ISL,1949,Yes,No,Northern Europe,Reykjavik,Tanker Aircraft,Air Force,Air,KC-135 / A330 MRTT,207,Upgrading,Excellent,2002,22,241.36,49961.52,Multi-National,Partial,No,2012,2024,63.9
1759,Iceland,ISL,1949,Yes,No,Northern Europe,Reykjavik,Tanker Aircraft,Air Force,Air,KC-135 / A330 MRTT,1556,Decommissioning,Fair,1984,40,102.91,160127.96,UK,Yes,Yes,1988,2024,58.0
1760,Iceland,ISL,1949,Yes,No,Northern Europe,Reykjavik,Tanker Aircraft,Air Force,Air,KC-135 / A330 MRTT,1759,Decommissioning,Needs Repair,2012,12,350.9,617233.1,UK,Partial,Yes,2017,2028,90.4
1761,Iceland,ISL,1949,Yes,No,Northern Europe,Reykjavik,Tanker Aircraft,Air Force,Air,KC-135 / A330 MRTT,309,Operational,Excellent,1964,60,414.41,128052.69,Multi-National,Yes,No,2003,2033,78.4
1762,Iceland,ISL,1949,Yes,No,Northern Europe,Reykjavik,Multirole Aircraft,Air Force,Air,F-35 / Rafale / F/A-18,1966,On Order,End-of-Life,1969,55,343.32,674967.12,France,No,No,1989,2027,71.7
1763,Iceland,ISL,1949,Yes,No,Northern Europe,Reykjavik,Multirole Aircraft,Air Force,Air,F-35 / Rafale / F/A-18,1633,Operational,Excellent,2014,10,399.54,652448.82,USA,No,No,2014,2027,57.9
1764,Iceland,ISL,1949,Yes,No,Northern Europe,Reykjavik,Logistics Truck (Heavy),Logistics,Support,HEMTT / MAN HX,812,Upgrading,Fair,1956,68,289.54,235106.48,Germany,No,Yes,1994,2029,94.4
1765,Iceland,ISL,1949,Yes,No,Northern Europe,Reykjavik,Logistics Truck (Heavy),Logistics,Support,HEMTT / MAN HX,583,Operational,Good,2003,21,445.12,259504.96,USA,Yes,No,2011,2030,77.3
1766,Iceland,ISL,1949,Yes,No,Northern Europe,Reykjavik,Logistics Truck (Heavy),Logistics,Support,HEMTT / MAN HX,1426,In Maintenance,End-of-Life,1971,53,65.27,93075.02,UK,Yes,No,2024,2025,85.0
1767,Iceland,ISL,1949,Yes,No,Northern Europe,Reykjavik,Strategic Transport Aircraft,Air Force,Air,C-17 / A400M / C-130,1366,Upgrading,Needs Repair,1987,37,103.47,141340.02,Domestic,Partial,No,2003,2031,81.0
1768,Iceland,ISL,1949,Yes,No,Northern Europe,Reykjavik,Strategic Transport Aircraft,Air Force,Air,C-17 / A400M / C-130,1478,In Maintenance,End-of-Life,1956,68,188.0,277864.0,Multi-National,Yes,Yes,2012,2033,99.6
1769,Iceland,ISL,1949,Yes,No,Northern Europe,Reykjavik,Bridge Layer,Engineering,Land,AVLB / Biber,223,In Maintenance,Excellent,2000,24,85.85,19144.55,UK,Partial,Yes,2023,2026,40.0
1770,Iceland,ISL,1949,Yes,No,Northern Europe,Reykjavik,Bridge Layer,Engineering,Land,AVLB / Biber,351,Operational,Needs Repair,1971,53,131.33,46096.83,Italy,No,Yes,1995,2032,42.5
1771,Iceland,ISL,1949,Yes,No,Northern Europe,Reykjavik,Bridge Layer,Engineering,Land,AVLB / Biber,1245,On Order,Excellent,1993,31,196.54,244692.3,Multi-National,Partial,No,2010,2025,51.5
1772,Iceland,ISL,1949,Yes,No,Northern Europe,Reykjavik,Radar System,Electronics,Land,AN/TPY-2 / AN/MPQ-65,405,On Order,Excellent,2005,19,176.73,71575.65,Germany,Partial,No,2024,2025,59.7
1773,Iceland,ISL,1949,Yes,No,Northern Europe,Reykjavik,Radar System,Electronics,Land,AN/TPY-2 / AN/MPQ-65,884,Upgrading,End-of-Life,1990,34,248.59,219753.56,USA,Partial,No,2020,2032,50.2
1774,Iceland,ISL,1949,Yes,No,Northern Europe,Reykjavik,Radar System,Electronics,Land,AN/TPY-2 / AN/MPQ-65,123,Reserve,End-of-Life,1992,32,80.37,9885.51,Germany,Yes,Yes,1999,2034,81.1
1775,Iceland,ISL,1949,Yes,No,Northern Europe,Reykjavik,Radar System,Electronics,Land,AN/TPY-2 / AN/MPQ-65,1334,Decommissioning,End-of-Life,1986,38,72.43,96621.62,UK,Partial,Yes,2004,2025,57.0
1776,Iceland,ISL,1949,Yes,No,Northern Europe,Reykjavik,Main Battle Tank,Armored,Land,M1 Abrams / Leopard 2 / Challenger 3,445,On Order,Needs Repair,2015,9,432.68,192542.6,France,Partial,Yes,2019,2026,64.7
1777,Iceland,ISL,1949,Yes,No,Northern Europe,Reykjavik,Main Battle Tank,Armored,Land,M1 Abrams / Leopard 2 / Challenger 3,317,In Maintenance,Excellent,1950,74,407.64,129221.88,USA,No,No,1955,2026,43.1
1778,Iceland,ISL,1949,Yes,No,Northern Europe,Reykjavik,Anti-Drone System,Air Defense,Land,DroneShield / AUDS / Skyfend,1326,Upgrading,End-of-Life,1988,36,315.98,418989.48,Multi-National,Partial,No,2013,2029,77.4
1779,Iceland,ISL,1949,Yes,No,Northern Europe,Reykjavik,Anti-Drone System,Air Defense,Land,DroneShield / AUDS / Skyfend,1115,In Maintenance,Needs Repair,1959,65,311.12,346898.8,Germany,Partial,Yes,1990,2034,63.1
1780,Iceland,ISL,1949,Yes,No,Northern Europe,Reykjavik,Anti-Drone System,Air Defense,Land,DroneShield / AUDS / Skyfend,1818,Operational,Needs Repair,1991,33,427.27,776776.86,UK,No,Yes,2011,2027,87.7
1781,Iceland,ISL,1949,Yes,No,Northern Europe,Reykjavik,Anti-Drone System,Air Defense,Land,DroneShield / AUDS / Skyfend,1475,Operational,Excellent,1964,60,252.11,371862.25,USA,Yes,Yes,1997,2029,92.9
1782,Iceland,ISL,1949,Yes,No,Northern Europe,Reykjavik,Submarine (SSN),Naval,Sea,Virginia-class / Astute-class,211,Decommissioning,Good,1995,29,181.49,38294.39,France,No,Yes,2012,2028,96.0
1783,Iceland,ISL,1949,Yes,No,Northern Europe,Reykjavik,Submarine (SSN),Naval,Sea,Virginia-class / Astute-class,1994,In Maintenance,Fair,1951,73,327.41,652855.54,Israel,Yes,No,2012,2025,77.7
1784,Iceland,ISL,1949,Yes,No,Northern Europe,Reykjavik,Satellite Terminal,Communications,Digital,SATCOM / JTRS,22,Reserve,Good,1967,57,141.25,3107.5,France,Partial,No,1995,2024,88.7
1785,Iceland,ISL,1949,Yes,No,Northern Europe,Reykjavik,Satellite Terminal,Communications,Digital,SATCOM / JTRS,972,In Maintenance,End-of-Life,1999,25,13.82,13433.04,France,Partial,No,2019,2035,94.5
1786,Iceland,ISL,1949,Yes,No,Northern Europe,Reykjavik,Patrol Aircraft,Air Force,Air,P-8 Poseidon / Atlantic,1452,Reserve,Excellent,2000,24,409.52,594623.04,Multi-National,Partial,No,2015,2026,44.5
1787,Iceland,ISL,1949,Yes,No,Northern Europe,Reykjavik,Patrol Aircraft,Air Force,Air,P-8 Poseidon / Atlantic,921,Reserve,Excellent,1993,31,80.73,74352.33,Domestic,Yes,Yes,1995,2029,91.2
1788,Iceland,ISL,1949,Yes,No,Northern Europe,Reykjavik,Patrol Aircraft,Air Force,Air,P-8 Poseidon / Atlantic,40,In Maintenance,Fair,2013,11,434.95,17398.0,Turkey,Yes,No,2017,2026,65.9
1789,Iceland,ISL,1949,Yes,No,Northern Europe,Reykjavik,Anti-Tank Missile System,Anti-Armor,Land,Javelin / SPIKE / Milan,1815,On Order,End-of-Life,1958,66,196.87,357319.05,France,Partial,Yes,2020,2030,85.1
1790,Iceland,ISL,1949,Yes,No,Northern Europe,Reykjavik,Anti-Tank Missile System,Anti-Armor,Land,Javelin / SPIKE / Milan,1954,Reserve,Good,1979,45,261.63,511225.02,France,Partial,Yes,2014,2026,87.6
1791,Iceland,ISL,1949,Yes,No,Northern Europe,Reykjavik,Anti-Tank Missile System,Anti-Armor,Land,Javelin / SPIKE / Milan,1049,Upgrading,Good,2023,1,86.23,90455.27,Germany,No,No,2023,2031,93.0
1792,Iceland,ISL,1949,Yes,No,Northern Europe,Reykjavik,Sniper Rifle System,Small Arms,Land,Barrett M82 / Accuracy Int.,1883,On Order,Good,1955,69,123.75,233021.25,Italy,No,Yes,1965,2032,76.8
1793,Iceland,ISL,1949,Yes,No,Northern Europe,Reykjavik,Sniper Rifle System,Small Arms,Land,Barrett M82 / Accuracy Int.,754,Operational,Needs Repair,2024,0,106.25,80112.5,Germany,Partial,Yes,2024,2029,54.9
1794,Iceland,ISL,1949,Yes,No,Northern Europe,Reykjavik,Sniper Rifle System,Small Arms,Land,Barrett M82 / Accuracy Int.,1450,Reserve,Excellent,2009,15,324.1,469945.0,Turkey,Partial,Yes,2024,2031,62.5
1795,Iceland,ISL,1949,Yes,No,Northern Europe,Reykjavik,Sniper Rifle System,Small Arms,Land,Barrett M82 / Accuracy Int.,1483,Reserve,End-of-Life,2021,3,248.43,368421.69,UK,Partial,No,2022,2029,67.3
1796,Iceland,ISL,1949,Yes,No,Northern Europe,Reykjavik,Ammunition Supply Vehicle,Logistics,Support,PLS / DROPS,854,Operational,Good,2003,21,56.8,48507.2,Multi-National,Yes,No,2021,2029,44.4
1797,Iceland,ISL,1949,Yes,No,Northern Europe,Reykjavik,Ammunition Supply Vehicle,Logistics,Support,PLS / DROPS,1601,On Order,Fair,1982,42,248.82,398360.82,UK,Partial,Yes,1992,2029,74.9
1798,Iceland,ISL,1949,Yes,No,Northern Europe,Reykjavik,Ammunition Supply Vehicle,Logistics,Support,PLS / DROPS,691,In Maintenance,Excellent,1962,62,88.67,61270.97,Italy,Partial,Yes,1984,2028,45.8
1799,Iceland,ISL,1949,Yes,No,Northern Europe,Reykjavik,Ammunition Supply Vehicle,Logistics,Support,PLS / DROPS,848,Reserve,Excellent,1976,48,296.92,251788.16,USA,Yes,No,2007,2028,60.5
1800,Iceland,ISL,1949,Yes,No,Northern Europe,Reykjavik,Corvette,Naval,Sea,Skjold / Visby / Burak,473,Reserve,End-of-Life,2004,20,103.61,49007.53,Domestic,No,Yes,2012,2025,69.4
1801,Iceland,ISL,1949,Yes,No,Northern Europe,Reykjavik,Corvette,Naval,Sea,Skjold / Visby / Burak,1019,Reserve,Good,1968,56,63.73,64940.87,Israel,Partial,No,2021,2032,87.1
1802,Iceland,ISL,1949,Yes,No,Northern Europe,Reykjavik,Corvette,Naval,Sea,Skjold / Visby / Burak,956,In Maintenance,Good,1955,69,446.87,427207.72,France,Partial,Yes,1972,2032,44.8
1803,Iceland,ISL,1949,Yes,No,Northern Europe,Reykjavik,Corvette,Naval,Sea,Skjold / Visby / Burak,131,On Order,End-of-Life,2017,7,367.3,48116.3,France,No,No,2024,2035,80.9
1804,Iceland,ISL,1949,Yes,No,Northern Europe,Reykjavik,Light Tank,Armored,Land,CV90105 / AMX-10RC,657,Operational,Excellent,1967,57,429.42,282128.94,Germany,No,No,2004,2030,54.6
1805,Iceland,ISL,1949,Yes,No,Northern Europe,Reykjavik,Light Tank,Armored,Land,CV90105 / AMX-10RC,1756,In Maintenance,Excellent,2013,11,401.07,704278.92,USA,No,Yes,2016,2025,93.8
1806,Iceland,ISL,1949,Yes,No,Northern Europe,Reykjavik,Light Tank,Armored,Land,CV90105 / AMX-10RC,1097,In Maintenance,Excellent,2014,10,181.54,199149.38,Israel,Partial,No,2023,2028,80.3
1807,Iceland,ISL,1949,Yes,No,Northern Europe,Reykjavik,Light Tank,Armored,Land,CV90105 / AMX-10RC,55,Decommissioning,Excellent,1953,71,106.08,5834.4,Multi-National,Yes,Yes,2006,2028,72.8
1808,Iceland,ISL,1949,Yes,No,Northern Europe,Reykjavik,Mine Countermeasure Vessel,Naval,Sea,Hunt-class / Alkmaar,1466,Operational,Good,1961,63,305.04,447188.64,USA,Partial,Yes,1999,2025,82.3
1809,Iceland,ISL,1949,Yes,No,Northern Europe,Reykjavik,Mine Countermeasure Vessel,Naval,Sea,Hunt-class / Alkmaar,50,Operational,Good,2019,5,39.72,1986.0,Multi-National,No,No,2019,2030,78.0
1810,Iceland,ISL,1949,Yes,No,Northern Europe,Reykjavik,Mine Countermeasure Vessel,Naval,Sea,Hunt-class / Alkmaar,965,On Order,Good,2018,6,200.8,193772.0,Germany,Yes,No,2022,2033,74.4
1811,Iceland,ISL,1949,Yes,No,Northern Europe,Reykjavik,Combat Engineer Vehicle,Engineering,Land,M9 ACE / Leopard 2 AEV,431,Reserve,Good,1966,58,433.21,186713.51,UK,Partial,No,1982,2027,83.4
1812,Iceland,ISL,1949,Yes,No,Northern Europe,Reykjavik,Combat Engineer Vehicle,Engineering,Land,M9 ACE / Leopard 2 AEV,630,Operational,Needs Repair,1989,35,58.8,37044.0,Italy,Yes,Yes,1990,2028,90.5
1813,Iceland,ISL,1949,Yes,No,Northern Europe,Reykjavik,Strategic Bomber,Air Force,Air,B-52 / B-2 Spirit,136,Operational,Good,1951,73,283.24,38520.64,USA,Yes,No,1997,2029,97.5
1814,Iceland,ISL,1949,Yes,No,Northern Europe,Reykjavik,Strategic Bomber,Air Force,Air,B-52 / B-2 Spirit,934,Operational,Needs Repair,2023,1,136.91,127873.94,Germany,Partial,Yes,2023,2033,97.5
1815,Iceland,ISL,1949,Yes,No,Northern Europe,Reykjavik,Frigate,Naval,Sea,FREMM / Type 23 / FREMM,1548,Operational,Needs Repair,2009,15,59.15,91564.2,Israel,Yes,No,2023,2031,65.4
1816,Iceland,ISL,1949,Yes,No,Northern Europe,Reykjavik,Frigate,Naval,Sea,FREMM / Type 23 / FREMM,1508,Operational,Good,2006,18,413.06,622894.48,Multi-National,No,No,2008,2026,87.3
1817,Iceland,ISL,1949,Yes,No,Northern Europe,Reykjavik,Frigate,Naval,Sea,FREMM / Type 23 / FREMM,1244,Decommissioning,Good,2018,6,38.27,47607.88,Turkey,Partial,Yes,2018,2028,70.4
1818,Iceland,ISL,1949,Yes,No,Northern Europe,Reykjavik,NBC Detection Vehicle,CBRN,Land,Fox / TPz Fuchs,81,Decommissioning,Fair,1985,39,162.88,13193.28,Italy,No,No,2017,2025,78.6
1819,Iceland,ISL,1949,Yes,No,Northern Europe,Reykjavik,NBC Detection Vehicle,CBRN,Land,Fox / TPz Fuchs,1620,In Maintenance,Fair,2008,16,372.82,603968.4,USA,Partial,Yes,2023,2033,79.4
1820,Iceland,ISL,1949,Yes,No,Northern Europe,Reykjavik,Logistics Support Vessel,Naval,Sea,Supply / Berlin-class,1492,On Order,Excellent,1955,69,111.96,167044.32,Italy,No,No,2020,2029,77.1
1821,Iceland,ISL,1949,Yes,No,Northern Europe,Reykjavik,Logistics Support Vessel,Naval,Sea,Supply / Berlin-class,1859,Decommissioning,Fair,2022,2,48.17,89548.03,France,Partial,No,2024,2026,42.0
1822,Iceland,ISL,1949,Yes,No,Northern Europe,Reykjavik,Logistics Support Vessel,Naval,Sea,Supply / Berlin-class,1846,Decommissioning,Good,1985,39,372.34,687339.64,France,Partial,Yes,2013,2025,80.4
1823,Iceland,ISL,1949,Yes,No,Northern Europe,Reykjavik,Mortar System,Artillery,Land,M120 / AMOS,517,In Maintenance,End-of-Life,1953,71,424.45,219440.65,Italy,No,No,1954,2026,98.5
1824,Iceland,ISL,1949,Yes,No,Northern Europe,Reykjavik,Mortar System,Artillery,Land,M120 / AMOS,1515,Operational,Fair,2009,15,433.61,656919.15,France,No,No,2014,2024,81.1
1825,Iceland,ISL,1949,Yes,No,Northern Europe,Reykjavik,Mortar System,Artillery,Land,M120 / AMOS,711,Reserve,Fair,1995,29,307.26,218461.86,France,Partial,No,2003,2028,96.1
1826,Iceland,ISL,1949,Yes,No,Northern Europe,Reykjavik,Multiple Launch Rocket System,Artillery,Land,M270 / HIMARS / BM-21,923,On Order,Needs Repair,2016,8,318.84,294289.32,Turkey,No,Yes,2018,2025,85.7
1827,Iceland,ISL,1949,Yes,No,Northern Europe,Reykjavik,Multiple Launch Rocket System,Artillery,Land,M270 / HIMARS / BM-21,66,In Maintenance,Excellent,1954,70,205.26,13547.16,UK,Yes,No,2017,2025,99.1
1828,Iceland,ISL,1949,Yes,No,Northern Europe,Reykjavik,Aircraft Carrier,Naval,Sea,Gerald R. Ford / Queen Elizabeth,606,Upgrading,Fair,2001,23,47.99,29081.94,Turkey,Partial,Yes,2009,2025,96.5
1829,Iceland,ISL,1949,Yes,No,Northern Europe,Reykjavik,Aircraft Carrier,Naval,Sea,Gerald R. Ford / Queen Elizabeth,49,Upgrading,Needs Repair,1989,35,248.6,12181.4,USA,Partial,No,2005,2028,48.9
1830,Iceland,ISL,1949,Yes,No,Northern Europe,Reykjavik,Ground Attack Aircraft,Air Force,Air,A-10 / Tornado IDS,260,Upgrading,Excellent,1987,37,135.63,35263.8,UK,Partial,No,2017,2025,46.9
1831,Iceland,ISL,1949,Yes,No,Northern Europe,Reykjavik,Ground Attack Aircraft,Air Force,Air,A-10 / Tornado IDS,34,Upgrading,Excellent,1965,59,226.19,7690.46,France,Yes,Yes,1985,2031,86.5
1832,Iceland,ISL,1949,Yes,No,Northern Europe,Reykjavik,Ground Attack Aircraft,Air Force,Air,A-10 / Tornado IDS,1421,In Maintenance,Excellent,1986,38,297.0,422037.0,Turkey,Yes,Yes,2005,2030,79.5
1833,Iceland,ISL,1949,Yes,No,Northern Europe,Reykjavik,AWACS Aircraft,Air Force,Air,E-3 Sentry / E-7A,1161,Reserve,End-of-Life,2011,13,295.94,343586.34,Domestic,Yes,Yes,2015,2027,70.8
1834,Iceland,ISL,1949,Yes,No,Northern Europe,Reykjavik,AWACS Aircraft,Air Force,Air,E-3 Sentry / E-7A,209,Decommissioning,End-of-Life,2009,15,199.32,41657.88,Germany,No,No,2014,2028,68.0
1835,Iceland,ISL,1949,Yes,No,Northern Europe,Reykjavik,AWACS Aircraft,Air Force,Air,E-3 Sentry / E-7A,580,On Order,Good,2017,7,54.98,31888.4,Domestic,Yes,No,2021,2027,48.1
1836,Iceland,ISL,1949,Yes,No,Northern Europe,Reykjavik,AWACS Aircraft,Air Force,Air,E-3 Sentry / E-7A,173,On Order,Needs Repair,1983,41,415.09,71810.57,Italy,Yes,Yes,1993,2031,62.0
1837,Italy,ITA,1949,Yes,Yes,Southern Europe,Rome,Submarine (SSN),Naval,Sea,Virginia-class / Astute-class,1003,Upgrading,End-of-Life,1963,61,111.91,112245.73,France,Yes,Yes,1986,2026,50.6
1838,Italy,ITA,1949,Yes,Yes,Southern Europe,Rome,Submarine (SSN),Naval,Sea,Virginia-class / Astute-class,1384,On Order,Needs Repair,1989,35,119.52,165415.68,Turkey,Partial,Yes,2012,2027,73.6
1839,Italy,ITA,1949,Yes,Yes,Southern Europe,Rome,Armored Personnel Carrier,Armored,Land,M113 / Boxer / BTR-80,280,Operational,Excellent,1990,34,348.84,97675.2,Israel,Yes,No,2009,2028,84.0
1840,Italy,ITA,1949,Yes,Yes,Southern Europe,Rome,Armored Personnel Carrier,Armored,Land,M113 / Boxer / BTR-80,848,Reserve,Fair,1960,64,240.51,203952.48,France,No,No,1979,2030,71.7
1841,Italy,ITA,1949,Yes,Yes,Southern Europe,Rome,Armored Personnel Carrier,Armored,Land,M113 / Boxer / BTR-80,1476,Operational,Fair,1997,27,27.48,40560.48,UK,Yes,Yes,2022,2027,48.0
1842,Italy,ITA,1949,Yes,Yes,Southern Europe,Rome,Armored Personnel Carrier,Armored,Land,M113 / Boxer / BTR-80,713,In Maintenance,Fair,2021,3,167.01,119078.13,Multi-National,Yes,Yes,2023,2034,50.3
1843,Italy,ITA,1949,Yes,Yes,Southern Europe,Rome,Light Tank,Armored,Land,CV90105 / AMX-10RC,63,Upgrading,Fair,1993,31,13.09,824.67,Domestic,No,Yes,2021,2027,61.6
1844,Italy,ITA,1949,Yes,Yes,Southern Europe,Rome,Light Tank,Armored,Land,CV90105 / AMX-10RC,1616,Reserve,Good,1987,37,410.47,663319.52,UK,Partial,No,2018,2031,68.9
1845,Italy,ITA,1949,Yes,Yes,Southern Europe,Rome,Light Tank,Armored,Land,CV90105 / AMX-10RC,586,Reserve,End-of-Life,1985,39,254.69,149248.34,France,Yes,No,2012,2028,88.3
1846,Italy,ITA,1949,Yes,Yes,Southern Europe,Rome,Light Tank,Armored,Land,CV90105 / AMX-10RC,101,Decommissioning,End-of-Life,2005,19,4.41,445.41,Multi-National,Yes,No,2014,2032,66.0
1847,Italy,ITA,1949,Yes,Yes,Southern Europe,Rome,Multirole Aircraft,Air Force,Air,F-35 / Rafale / F/A-18,1377,Reserve,Good,2008,16,164.19,226089.63,Turkey,No,Yes,2019,2034,91.8
1848,Italy,ITA,1949,Yes,Yes,Southern Europe,Rome,Multirole Aircraft,Air Force,Air,F-35 / Rafale / F/A-18,1339,Operational,Good,1998,26,9.8,13122.2,USA,Yes,No,1998,2031,49.4
1849,Italy,ITA,1949,Yes,Yes,Southern Europe,Rome,Multirole Aircraft,Air Force,Air,F-35 / Rafale / F/A-18,740,Reserve,Good,1982,42,364.52,269744.8,Israel,Yes,Yes,2009,2024,74.4
1850,Italy,ITA,1949,Yes,Yes,Southern Europe,Rome,Multirole Aircraft,Air Force,Air,F-35 / Rafale / F/A-18,1260,On Order,Fair,1978,46,64.03,80677.8,Turkey,Yes,No,2014,2026,63.8
1851,Italy,ITA,1949,Yes,Yes,Southern Europe,Rome,Strategic Bomber,Air Force,Air,B-52 / B-2 Spirit,740,Reserve,Good,1963,61,318.14,235423.6,USA,Partial,No,2012,2024,53.0
1852,Italy,ITA,1949,Yes,Yes,Southern Europe,Rome,Strategic Bomber,Air Force,Air,B-52 / B-2 Spirit,763,In Maintenance,End-of-Life,1957,67,292.26,222994.38,UK,Yes,No,1991,2026,67.5
1853,Italy,ITA,1949,Yes,Yes,Southern Europe,Rome,NBC Detection Vehicle,CBRN,Land,Fox / TPz Fuchs,734,In Maintenance,Needs Repair,1969,55,308.71,226593.14,USA,No,No,2005,2030,83.5
1854,Italy,ITA,1949,Yes,Yes,Southern Europe,Rome,NBC Detection Vehicle,CBRN,Land,Fox / TPz Fuchs,690,On Order,Fair,1989,35,272.22,187831.8,Italy,No,Yes,2000,2031,83.4
1855,Italy,ITA,1949,Yes,Yes,Southern Europe,Rome,NBC Detection Vehicle,CBRN,Land,Fox / TPz Fuchs,1488,Reserve,Good,1963,61,222.11,330499.68,Turkey,Partial,Yes,1996,2027,48.0
1856,Italy,ITA,1949,Yes,Yes,Southern Europe,Rome,NBC Detection Vehicle,CBRN,Land,Fox / TPz Fuchs,299,In Maintenance,Good,1985,39,406.05,121408.95,France,No,Yes,2015,2030,46.1
1857,Italy,ITA,1949,Yes,Yes,Southern Europe,Rome,Frigate,Naval,Sea,FREMM / Type 23 / FREMM,1882,On Order,Fair,1984,40,319.87,601995.34,Domestic,No,No,2005,2034,62.0
1858,Italy,ITA,1949,Yes,Yes,Southern Europe,Rome,Frigate,Naval,Sea,FREMM / Type 23 / FREMM,167,In Maintenance,End-of-Life,1970,54,248.82,41552.94,USA,Yes,Yes,1992,2024,96.2
1859,Italy,ITA,1949,Yes,Yes,Southern Europe,Rome,Frigate,Naval,Sea,FREMM / Type 23 / FREMM,1450,Decommissioning,Good,1966,58,239.59,347405.5,Domestic,No,No,2009,2034,60.3
1860,Italy,ITA,1949,Yes,Yes,Southern Europe,Rome,Ammunition Supply Vehicle,Logistics,Support,PLS / DROPS,349,In Maintenance,Needs Repair,2017,7,439.8,153490.2,Israel,No,No,2021,2026,52.4
1861,Italy,ITA,1949,Yes,Yes,Southern Europe,Rome,Ammunition Supply Vehicle,Logistics,Support,PLS / DROPS,432,In Maintenance,Good,1990,34,314.8,135993.6,Turkey,Yes,Yes,2018,2032,97.7
1862,Italy,ITA,1949,Yes,Yes,Southern Europe,Rome,Ammunition Supply Vehicle,Logistics,Support,PLS / DROPS,1247,Decommissioning,Good,2003,21,346.5,432085.5,USA,No,Yes,2004,2024,48.3
1863,Italy,ITA,1949,Yes,Yes,Southern Europe,Rome,Long-Range SAM,Air Defense,Land,Patriot PAC-3 / S-400,1004,Operational,Fair,2006,18,340.59,341952.36,France,Partial,No,2022,2030,97.3
1864,Italy,ITA,1949,Yes,Yes,Southern Europe,Rome,Long-Range SAM,Air Defense,Land,Patriot PAC-3 / S-400,1167,Reserve,Good,1998,26,437.08,510072.36,Turkey,Yes,No,2009,2031,54.9
1865,Italy,ITA,1949,Yes,Yes,Southern Europe,Rome,Anti-Tank Missile System,Anti-Armor,Land,Javelin / SPIKE / Milan,731,Decommissioning,End-of-Life,1973,51,2.43,1776.33,France,Yes,No,1987,2024,79.8
1866,Italy,ITA,1949,Yes,Yes,Southern Europe,Rome,Anti-Tank Missile System,Anti-Armor,Land,Javelin / SPIKE / Milan,1165,Decommissioning,Good,1996,28,23.76,27680.4,France,No,No,2023,2027,46.3
1867,Italy,ITA,1949,Yes,Yes,Southern Europe,Rome,Patrol Aircraft,Air Force,Air,P-8 Poseidon / Atlantic,1255,Reserve,Excellent,2010,14,445.01,558487.55,UK,Partial,No,2010,2026,81.0
1868,Italy,ITA,1949,Yes,Yes,Southern Europe,Rome,Patrol Aircraft,Air Force,Air,P-8 Poseidon / Atlantic,931,On Order,Excellent,1997,27,273.14,254293.34,Multi-National,Yes,No,2014,2035,41.1
1869,Italy,ITA,1949,Yes,Yes,Southern Europe,Rome,AWACS Aircraft,Air Force,Air,E-3 Sentry / E-7A,122,Operational,End-of-Life,2010,14,68.26,8327.72,Turkey,Yes,Yes,2022,2025,71.3
1870,Italy,ITA,1949,Yes,Yes,Southern Europe,Rome,AWACS Aircraft,Air Force,Air,E-3 Sentry / E-7A,1733,In Maintenance,End-of-Life,1985,39,156.55,271301.15,Italy,Partial,No,1987,2026,54.1
1871,Italy,ITA,1949,Yes,Yes,Southern Europe,Rome,AWACS Aircraft,Air Force,Air,E-3 Sentry / E-7A,156,Decommissioning,End-of-Life,1991,33,364.91,56925.96,Turkey,No,Yes,2020,2029,66.7
1872,Italy,ITA,1949,Yes,Yes,Southern Europe,Rome,AWACS Aircraft,Air Force,Air,E-3 Sentry / E-7A,1273,In Maintenance,Excellent,1953,71,89.37,113768.01,Multi-National,Partial,Yes,2008,2024,93.1
1873,Italy,ITA,1949,Yes,Yes,Southern Europe,Rome,Ballistic Missile Defense,Strategic,Land,THAAD / Aegis Ashore,1924,Operational,Good,1958,66,209.45,402981.8,UK,Yes,Yes,1961,2024,66.6
1874,Italy,ITA,1949,Yes,Yes,Southern Europe,Rome,Ballistic Missile Defense,Strategic,Land,THAAD / Aegis Ashore,1282,On Order,Fair,2019,5,190.73,244515.86,Multi-National,Partial,No,2021,2029,80.9
1875,Italy,ITA,1949,Yes,Yes,Southern Europe,Rome,Ballistic Missile Defense,Strategic,Land,THAAD / Aegis Ashore,694,Decommissioning,Excellent,1950,74,264.67,183680.98,UK,No,Yes,1987,2033,89.6
1876,Italy,ITA,1949,Yes,Yes,Southern Europe,Rome,Air Superiority Fighter,Air Force,Air,F-22 / Typhoon,362,Decommissioning,Fair,1981,43,176.18,63777.16,Israel,Yes,No,1992,2032,65.7
1877,Italy,ITA,1949,Yes,Yes,Southern Europe,Rome,Air Superiority Fighter,Air Force,Air,F-22 / Typhoon,696,Operational,Fair,1963,61,243.31,169343.76,Germany,Yes,No,2013,2027,79.0
1878,Italy,ITA,1949,Yes,Yes,Southern Europe,Rome,Air Superiority Fighter,Air Force,Air,F-22 / Typhoon,555,On Order,Fair,1991,33,411.03,228121.65,Israel,Yes,Yes,2022,2030,55.6
1879,Italy,ITA,1949,Yes,Yes,Southern Europe,Rome,Sniper Rifle System,Small Arms,Land,Barrett M82 / Accuracy Int.,1904,In Maintenance,End-of-Life,1987,37,272.35,518554.4,UK,Yes,No,2011,2031,55.4
1880,Italy,ITA,1949,Yes,Yes,Southern Europe,Rome,Sniper Rifle System,Small Arms,Land,Barrett M82 / Accuracy Int.,70,On Order,End-of-Life,2006,18,250.38,17526.6,Israel,Partial,No,2023,2029,66.7
1881,Italy,ITA,1949,Yes,Yes,Southern Europe,Rome,Maritime Helicopter,Aviation,Air,AW159 / MH-60R,156,On Order,Needs Repair,1961,63,25.04,3906.24,Turkey,Partial,Yes,2015,2028,96.9
1882,Italy,ITA,1949,Yes,Yes,Southern Europe,Rome,Maritime Helicopter,Aviation,Air,AW159 / MH-60R,1034,On Order,End-of-Life,2007,17,281.35,290915.9,Turkey,Partial,No,2013,2031,68.3
1883,Italy,ITA,1949,Yes,Yes,Southern Europe,Rome,Maritime Helicopter,Aviation,Air,AW159 / MH-60R,150,In Maintenance,Excellent,1970,54,125.79,18868.5,Israel,Partial,No,1992,2034,80.1
1884,Italy,ITA,1949,Yes,Yes,Southern Europe,Rome,Maritime Helicopter,Aviation,Air,AW159 / MH-60R,1070,Reserve,Good,1968,56,416.87,446050.9,Turkey,Partial,Yes,1985,2031,40.2
1885,Italy,ITA,1949,Yes,Yes,Southern Europe,Rome,Anti-Aircraft Gun,Air Defense,Land,Oerlikon 35mm / ZU-23,990,Operational,End-of-Life,1975,49,175.35,173596.5,Turkey,No,No,2012,2026,99.0
1886,Italy,ITA,1949,Yes,Yes,Southern Europe,Rome,Anti-Aircraft Gun,Air Defense,Land,Oerlikon 35mm / ZU-23,1845,In Maintenance,Good,1967,57,340.7,628591.5,Turkey,Yes,No,2016,2031,47.1
1887,Italy,ITA,1949,Yes,Yes,Southern Europe,Rome,Electronic Warfare System,Electronics,Land,JAMMER / Krasukha,799,Operational,Good,2011,13,445.61,356042.39,France,Yes,Yes,2019,2029,67.4
1888,Italy,ITA,1949,Yes,Yes,Southern Europe,Rome,Electronic Warfare System,Electronics,Land,JAMMER / Krasukha,1038,Decommissioning,Excellent,2023,1,157.34,163318.92,Italy,Yes,Yes,2024,2026,60.4
1889,Italy,ITA,1949,Yes,Yes,Southern Europe,Rome,Electronic Warfare System,Electronics,Land,JAMMER / Krasukha,797,Decommissioning,End-of-Life,1998,26,9.36,7459.92,Domestic,No,No,2023,2032,52.8
1890,Italy,ITA,1949,Yes,Yes,Southern Europe,Rome,Mortar System,Artillery,Land,M120 / AMOS,1242,In Maintenance,Excellent,1955,69,314.15,390174.3,France,No,Yes,1986,2034,64.3
1891,Italy,ITA,1949,Yes,Yes,Southern Europe,Rome,Mortar System,Artillery,Land,M120 / AMOS,1341,Decommissioning,Fair,1974,50,56.69,76021.29,Israel,Partial,No,2013,2034,76.1
1892,Italy,ITA,1949,Yes,Yes,Southern Europe,Rome,Mortar System,Artillery,Land,M120 / AMOS,1761,Upgrading,Excellent,2006,18,389.65,686173.65,Turkey,Yes,No,2007,2024,69.9
1893,Italy,ITA,1949,Yes,Yes,Southern Europe,Rome,Mortar System,Artillery,Land,M120 / AMOS,1924,Reserve,Good,1998,26,45.14,86849.36,France,No,Yes,1999,2028,83.9
1894,Italy,ITA,1949,Yes,Yes,Southern Europe,Rome,Short-Range Air Defense,Air Defense,Land,SHORAD / Gepard / Stinger,1496,Reserve,Good,2012,12,446.33,667709.68,Israel,Partial,No,2013,2034,83.6
1895,Italy,ITA,1949,Yes,Yes,Southern Europe,Rome,Short-Range Air Defense,Air Defense,Land,SHORAD / Gepard / Stinger,1693,On Order,Needs Repair,1998,26,107.64,182234.52,Israel,Yes,Yes,2009,2031,82.4
1896,Italy,ITA,1949,Yes,Yes,Southern Europe,Rome,Infantry Fighting Vehicle,Armored,Land,Bradley / Puma / AS-21,1706,Reserve,Fair,1950,74,332.7,567586.2,Multi-National,No,No,1965,2032,48.9
1897,Italy,ITA,1949,Yes,Yes,Southern Europe,Rome,Infantry Fighting Vehicle,Armored,Land,Bradley / Puma / AS-21,1559,Reserve,Excellent,2019,5,326.13,508436.67,UK,Yes,No,2023,2029,92.9
1898,Italy,ITA,1949,Yes,Yes,Southern Europe,Rome,Infantry Fighting Vehicle,Armored,Land,Bradley / Puma / AS-21,1287,On Order,End-of-Life,1958,66,113.19,145675.53,Multi-National,Partial,No,1980,2030,52.4
1899,Italy,ITA,1949,Yes,Yes,Southern Europe,Rome,Destroyer,Naval,Sea,Arleigh Burke / Type 45,1407,On Order,Good,2023,1,77.83,109506.81,Germany,Yes,Yes,2023,2025,58.8
1900,Italy,ITA,1949,Yes,Yes,Southern Europe,Rome,Destroyer,Naval,Sea,Arleigh Burke / Type 45,1610,On Order,Excellent,1953,71,6.93,11157.3,France,Yes,Yes,1990,2035,56.4
1901,Italy,ITA,1949,Yes,Yes,Southern Europe,Rome,Destroyer,Naval,Sea,Arleigh Burke / Type 45,1049,Reserve,Needs Repair,1983,41,415.39,435744.11,Turkey,No,Yes,2006,2034,55.9
1902,Italy,ITA,1949,Yes,Yes,Southern Europe,Rome,Transport Helicopter,Aviation,Air,CH-47 Chinook / NH90,1948,Upgrading,Needs Repair,2009,15,292.63,570043.24,Domestic,No,No,2022,2032,75.3
1903,Italy,ITA,1949,Yes,Yes,Southern Europe,Rome,Transport Helicopter,Aviation,Air,CH-47 Chinook / NH90,474,Operational,Needs Repair,2023,1,38.49,18244.26,UK,No,No,2024,2031,95.1
1904,Italy,ITA,1949,Yes,Yes,Southern Europe,Rome,Transport Helicopter,Aviation,Air,CH-47 Chinook / NH90,1679,Upgrading,Fair,2007,17,338.45,568257.55,Turkey,Partial,No,2019,2030,91.6
1905,Italy,ITA,1949,Yes,Yes,Southern Europe,Rome,Transport Helicopter,Aviation,Air,CH-47 Chinook / NH90,986,Reserve,Good,2000,24,21.57,21268.02,Domestic,Partial,No,2020,2026,75.1
1906,Italy,ITA,1949,Yes,Yes,Southern Europe,Rome,Mine Countermeasure Vessel,Naval,Sea,Hunt-class / Alkmaar,676,Operational,Needs Repair,1991,33,416.99,281885.24,Italy,Yes,No,2024,2031,71.7
1907,Italy,ITA,1949,Yes,Yes,Southern Europe,Rome,Mine Countermeasure Vessel,Naval,Sea,Hunt-class / Alkmaar,1217,In Maintenance,Needs Repair,2021,3,225.83,274835.11,Italy,No,No,2022,2026,40.3
1908,Italy,ITA,1949,Yes,Yes,Southern Europe,Rome,Mine Countermeasure Vessel,Naval,Sea,Hunt-class / Alkmaar,159,Operational,Needs Repair,2020,4,163.14,25939.26,Germany,Partial,No,2021,2034,71.5
1909,Italy,ITA,1949,Yes,Yes,Southern Europe,Rome,Armored Reconnaissance Vehicle,Armored,Land,Fennek / Fuchs,566,Upgrading,Good,1954,70,28.24,15983.84,UK,No,No,1979,2033,42.2
1910,Italy,ITA,1949,Yes,Yes,Southern Europe,Rome,Armored Reconnaissance Vehicle,Armored,Land,Fennek / Fuchs,334,Operational,Good,1961,63,116.0,38744.0,USA,Partial,Yes,1991,2027,89.2
1911,Italy,ITA,1949,Yes,Yes,Southern Europe,Rome,Armored Reconnaissance Vehicle,Armored,Land,Fennek / Fuchs,1838,Operational,End-of-Life,1960,64,49.27,90558.26,UK,Partial,Yes,2011,2029,55.1
1912,Italy,ITA,1949,Yes,Yes,Southern Europe,Rome,Armored Reconnaissance Vehicle,Armored,Land,Fennek / Fuchs,1091,Upgrading,Fair,1991,33,154.74,168821.34,Italy,Yes,No,2013,2026,74.1
1913,Italy,ITA,1949,Yes,Yes,Southern Europe,Rome,Towed Howitzer,Artillery,Land,M777 / FH70 / D-30,705,Upgrading,End-of-Life,1959,65,124.78,87969.9,Turkey,No,No,2017,2035,97.1
1914,Italy,ITA,1949,Yes,Yes,Southern Europe,Rome,Towed Howitzer,Artillery,Land,M777 / FH70 / D-30,434,Upgrading,End-of-Life,1990,34,33.25,14430.5,Multi-National,Yes,No,1995,2034,54.5
1915,Italy,ITA,1949,Yes,Yes,Southern Europe,Rome,Anti-Drone System,Air Defense,Land,DroneShield / AUDS / Skyfend,1986,Decommissioning,Needs Repair,2000,24,429.88,853741.68,France,Partial,Yes,2017,2035,88.3
1916,Italy,ITA,1949,Yes,Yes,Southern Europe,Rome,Anti-Drone System,Air Defense,Land,DroneShield / AUDS / Skyfend,729,Reserve,Excellent,2018,6,197.09,143678.61,Turkey,Partial,Yes,2020,2034,63.2
1917,Italy,ITA,1949,Yes,Yes,Southern Europe,Rome,Anti-Drone System,Air Defense,Land,DroneShield / AUDS / Skyfend,96,On Order,End-of-Life,1965,59,270.2,25939.2,USA,Partial,No,1973,2028,91.6
1918,Italy,ITA,1949,Yes,Yes,Southern Europe,Rome,Bridge Layer,Engineering,Land,AVLB / Biber,629,In Maintenance,End-of-Life,2010,14,189.7,119321.3,France,No,No,2012,2030,71.5
1919,Italy,ITA,1949,Yes,Yes,Southern Europe,Rome,Bridge Layer,Engineering,Land,AVLB / Biber,743,Decommissioning,Needs Repair,1964,60,218.62,162434.66,France,No,No,2000,2035,90.2
1920,Italy,ITA,1949,Yes,Yes,Southern Europe,Rome,Bridge Layer,Engineering,Land,AVLB / Biber,1817,Operational,Good,1956,68,41.16,74787.72,Turkey,Yes,Yes,1996,2035,84.4
1921,Italy,ITA,1949,Yes,Yes,Southern Europe,Rome,Bridge Layer,Engineering,Land,AVLB / Biber,1771,In Maintenance,End-of-Life,1966,58,376.59,666940.89,Turkey,Yes,Yes,2024,2026,47.4
1922,Italy,ITA,1949,Yes,Yes,Southern Europe,Rome,Cyber Defense Unit,Cyber,Digital,CCDCOE / NATO Cyber Centre,1306,On Order,Fair,1959,65,257.67,336517.02,Italy,Partial,No,1980,2028,88.8
1923,Italy,ITA,1949,Yes,Yes,Southern Europe,Rome,Cyber Defense Unit,Cyber,Digital,CCDCOE / NATO Cyber Centre,1482,In Maintenance,Good,1984,40,187.97,278571.54,Domestic,Yes,No,2005,2030,64.4
1924,Italy,ITA,1949,Yes,Yes,Southern Europe,Rome,Cyber Defense Unit,Cyber,Digital,CCDCOE / NATO Cyber Centre,1296,On Order,Fair,1980,44,270.93,351125.28,Domestic,Partial,Yes,1998,2027,83.8
1925,Italy,ITA,1949,Yes,Yes,Southern Europe,Rome,Submarine (SSK),Naval,Sea,Type 212 / Gotland,264,Decommissioning,Excellent,1991,33,108.64,28680.96,UK,Yes,Yes,1994,2034,69.6
1926,Italy,ITA,1949,Yes,Yes,Southern Europe,Rome,Submarine (SSK),Naval,Sea,Type 212 / Gotland,643,Operational,Fair,2017,7,377.26,242578.18,Germany,Yes,Yes,2021,2032,57.8
1927,Italy,ITA,1949,Yes,Yes,Southern Europe,Rome,Submarine (SSK),Naval,Sea,Type 212 / Gotland,1544,Reserve,Fair,1994,30,22.65,34971.6,Domestic,Partial,Yes,2017,2027,96.4
1928,Italy,ITA,1949,Yes,Yes,Southern Europe,Rome,Tanker Aircraft,Air Force,Air,KC-135 / A330 MRTT,112,Decommissioning,End-of-Life,2024,0,288.02,32258.24,Turkey,Yes,Yes,2024,2028,40.2
1929,Italy,ITA,1949,Yes,Yes,Southern Europe,Rome,Tanker Aircraft,Air Force,Air,KC-135 / A330 MRTT,1902,Decommissioning,Excellent,1975,49,39.17,74501.34,Turkey,No,Yes,2017,2032,50.4
1930,Italy,ITA,1949,Yes,Yes,Southern Europe,Rome,Tanker Aircraft,Air Force,Air,KC-135 / A330 MRTT,1389,In Maintenance,Good,1992,32,316.32,439368.48,Turkey,No,Yes,2023,2030,61.2
1931,Italy,ITA,1949,Yes,Yes,Southern Europe,Rome,Tanker Aircraft,Air Force,Air,KC-135 / A330 MRTT,528,Upgrading,Good,2006,18,179.33,94686.24,Turkey,No,No,2013,2029,59.2
1932,Italy,ITA,1949,Yes,Yes,Southern Europe,Rome,Radar System,Electronics,Land,AN/TPY-2 / AN/MPQ-65,1899,Operational,Good,1963,61,130.0,246870.0,Israel,No,No,1969,2029,93.4
1933,Italy,ITA,1949,Yes,Yes,Southern Europe,Rome,Radar System,Electronics,Land,AN/TPY-2 / AN/MPQ-65,507,Decommissioning,Good,2024,0,98.11,49741.77,UK,Yes,No,2024,2026,97.6
1934,Italy,ITA,1949,Yes,Yes,Southern Europe,Rome,Radar System,Electronics,Land,AN/TPY-2 / AN/MPQ-65,710,Operational,Good,1957,67,420.21,298349.1,UK,Yes,Yes,1963,2030,49.4
1935,Italy,ITA,1949,Yes,Yes,Southern Europe,Rome,Radar System,Electronics,Land,AN/TPY-2 / AN/MPQ-65,1269,On Order,Fair,2019,5,437.61,555327.09,Multi-National,Yes,No,2022,2031,51.3
1936,Italy,ITA,1949,Yes,Yes,Southern Europe,Rome,Attack Helicopter,Aviation,Air,AH-64 Apache / Tiger / NH90,1813,In Maintenance,End-of-Life,2022,2,31.91,57852.83,Domestic,Yes,No,2022,2035,76.0
1937,Italy,ITA,1949,Yes,Yes,Southern Europe,Rome,Attack Helicopter,Aviation,Air,AH-64 Apache / Tiger / NH90,305,In Maintenance,End-of-Life,2006,18,156.31,47674.55,Italy,No,No,2008,2028,88.0
1938,Italy,ITA,1949,Yes,Yes,Southern Europe,Rome,Attack Helicopter,Aviation,Air,AH-64 Apache / Tiger / NH90,174,On Order,Good,1961,63,189.93,33047.82,Germany,Yes,No,2002,2033,45.3
1939,Italy,ITA,1949,Yes,Yes,Southern Europe,Rome,Attack Helicopter,Aviation,Air,AH-64 Apache / Tiger / NH90,9,In Maintenance,Needs Repair,1985,39,375.46,3379.14,UK,Yes,No,2002,2028,55.0
1940,Italy,ITA,1949,Yes,Yes,Southern Europe,Rome,Main Battle Tank,Armored,Land,M1 Abrams / Leopard 2 / Challenger 3,1535,Upgrading,End-of-Life,2022,2,363.86,558525.1,USA,No,Yes,2022,2035,85.5
1941,Italy,ITA,1949,Yes,Yes,Southern Europe,Rome,Main Battle Tank,Armored,Land,M1 Abrams / Leopard 2 / Challenger 3,1892,Upgrading,Good,1950,74,284.38,538046.96,Germany,No,No,2014,2027,59.1
1942,Italy,ITA,1949,Yes,Yes,Southern Europe,Rome,UAV / Drone,Air Force,Air,MQ-9 Reaper / Bayraktar TB2,1043,Decommissioning,Needs Repair,1956,68,381.31,397706.33,Multi-National,No,No,1969,2024,76.0
1943,Italy,ITA,1949,Yes,Yes,Southern Europe,Rome,UAV / Drone,Air Force,Air,MQ-9 Reaper / Bayraktar TB2,449,Reserve,Good,1974,50,243.41,109291.09,Domestic,Yes,Yes,2011,2024,93.9
1944,Italy,ITA,1949,Yes,Yes,Southern Europe,Rome,UAV / Drone,Air Force,Air,MQ-9 Reaper / Bayraktar TB2,1365,In Maintenance,Fair,2004,20,95.66,130575.9,Multi-National,Partial,No,2024,2031,95.8
1945,Italy,ITA,1949,Yes,Yes,Southern Europe,Rome,Ground Attack Aircraft,Air Force,Air,A-10 / Tornado IDS,582,Upgrading,Excellent,2001,23,166.67,97001.94,Turkey,Yes,No,2015,2034,41.7
1946,Italy,ITA,1949,Yes,Yes,Southern Europe,Rome,Ground Attack Aircraft,Air Force,Air,A-10 / Tornado IDS,594,On Order,Good,1985,39,361.64,214814.16,France,Yes,No,2009,2029,78.8
1947,Italy,ITA,1949,Yes,Yes,Southern Europe,Rome,Ground Attack Aircraft,Air Force,Air,A-10 / Tornado IDS,1992,Decommissioning,Fair,2002,22,385.12,767159.04,USA,No,No,2015,2035,52.0
1948,Italy,ITA,1949,Yes,Yes,Southern Europe,Rome,Corvette,Naval,Sea,Skjold / Visby / Burak,955,Reserve,Excellent,1990,34,223.04,213003.2,Multi-National,No,Yes,2021,2030,74.1
1949,Italy,ITA,1949,Yes,Yes,Southern Europe,Rome,Corvette,Naval,Sea,Skjold / Visby / Burak,793,Decommissioning,Fair,1995,29,316.78,251206.54,Israel,No,No,1995,2024,87.1
1950,Latvia,LVA,2004,No,No,Northern Europe,Riga,Ammunition Supply Vehicle,Logistics,Support,PLS / DROPS,119,Upgrading,Excellent,2009,15,278.66,33160.54,Multi-National,Yes,Yes,2024,2026,50.7
1951,Latvia,LVA,2004,No,No,Northern Europe,Riga,Ammunition Supply Vehicle,Logistics,Support,PLS / DROPS,1147,Decommissioning,Good,2008,16,55.28,63406.16,Italy,Partial,Yes,2017,2034,51.4
1952,Latvia,LVA,2004,No,No,Northern Europe,Riga,Fighter Jet,Air Force,Air,F-16 / Gripen / Typhoon,342,Operational,Excellent,2023,1,287.26,98242.92,UK,Partial,No,2023,2032,55.6
1953,Latvia,LVA,2004,No,No,Northern Europe,Riga,Fighter Jet,Air Force,Air,F-16 / Gripen / Typhoon,945,On Order,End-of-Life,2017,7,304.75,287988.75,Italy,Yes,Yes,2024,2032,95.9
1954,Latvia,LVA,2004,No,No,Northern Europe,Riga,Destroyer,Naval,Sea,Arleigh Burke / Type 45,1346,Upgrading,Needs Repair,2013,11,338.31,455365.26,Domestic,Yes,No,2021,2026,58.6
1955,Latvia,LVA,2004,No,No,Northern Europe,Riga,Destroyer,Naval,Sea,Arleigh Burke / Type 45,819,Upgrading,End-of-Life,2017,7,441.25,361383.75,UK,Partial,Yes,2023,2034,89.1
1956,Latvia,LVA,2004,No,No,Northern Europe,Riga,Destroyer,Naval,Sea,Arleigh Burke / Type 45,1394,In Maintenance,End-of-Life,2022,2,285.39,397833.66,Israel,Partial,Yes,2024,2035,61.3
1957,Latvia,LVA,2004,No,No,Northern Europe,Riga,Destroyer,Naval,Sea,Arleigh Burke / Type 45,1494,Reserve,End-of-Life,2004,20,238.46,356259.24,Germany,No,No,2009,2033,68.6
1958,Latvia,LVA,2004,No,No,Northern Europe,Riga,Transport Helicopter,Aviation,Air,CH-47 Chinook / NH90,774,In Maintenance,Good,2016,8,254.72,197153.28,Germany,No,No,2018,2031,54.7
1959,Latvia,LVA,2004,No,No,Northern Europe,Riga,Transport Helicopter,Aviation,Air,CH-47 Chinook / NH90,1938,Upgrading,End-of-Life,2013,11,323.17,626303.46,Germany,No,Yes,2024,2034,56.2
1960,Latvia,LVA,2004,No,No,Northern Europe,Riga,Anti-Tank Missile System,Anti-Armor,Land,Javelin / SPIKE / Milan,396,Reserve,Needs Repair,2011,13,114.37,45290.52,Israel,No,Yes,2011,2029,46.0
1961,Latvia,LVA,2004,No,No,Northern Europe,Riga,Anti-Tank Missile System,Anti-Armor,Land,Javelin / SPIKE / Milan,1960,On Order,Needs Repair,2013,11,269.97,529141.2,USA,Partial,Yes,2019,2032,63.7
1962,Latvia,LVA,2004,No,No,Northern Europe,Riga,Medium-Range SAM,Air Defense,Land,Patriot / NASAMS / SAMP/T,1668,On Order,End-of-Life,2021,3,174.06,290332.08,Multi-National,No,Yes,2023,2028,76.2
1963,Latvia,LVA,2004,No,No,Northern Europe,Riga,Medium-Range SAM,Air Defense,Land,Patriot / NASAMS / SAMP/T,523,On Order,End-of-Life,2004,20,339.38,177495.74,Italy,Yes,No,2023,2035,59.4
1964,Latvia,LVA,2004,No,No,Northern Europe,Riga,Medium-Range SAM,Air Defense,Land,Patriot / NASAMS / SAMP/T,1640,Reserve,Fair,2006,18,103.68,170035.2,Domestic,Partial,Yes,2013,2025,72.6
1965,Latvia,LVA,2004,No,No,Northern Europe,Riga,Medium-Range SAM,Air Defense,Land,Patriot / NASAMS / SAMP/T,1117,Decommissioning,Good,2004,20,55.03,61468.51,UK,No,No,2022,2025,88.2
1966,Latvia,LVA,2004,No,No,Northern Europe,Riga,Logistics Support Vessel,Naval,Sea,Supply / Berlin-class,1707,Upgrading,End-of-Life,2010,14,222.53,379858.71,France,Partial,Yes,2011,2034,92.5
1967,Latvia,LVA,2004,No,No,Northern Europe,Riga,Logistics Support Vessel,Naval,Sea,Supply / Berlin-class,329,In Maintenance,Excellent,2004,20,35.01,11518.29,Multi-National,No,Yes,2004,2024,77.6
1968,Latvia,LVA,2004,No,No,Northern Europe,Riga,Logistics Support Vessel,Naval,Sea,Supply / Berlin-class,494,In Maintenance,Good,2022,2,45.18,22318.92,USA,Yes,Yes,2023,2034,85.5
1969,Latvia,LVA,2004,No,No,Northern Europe,Riga,Logistics Support Vessel,Naval,Sea,Supply / Berlin-class,446,Operational,End-of-Life,2006,18,131.34,58577.64,Multi-National,Yes,Yes,2011,2031,42.7
1970,Latvia,LVA,2004,No,No,Northern Europe,Riga,UAV / Drone,Air Force,Air,MQ-9 Reaper / Bayraktar TB2,252,Upgrading,Needs Repair,2021,3,267.86,67500.72,Germany,Yes,Yes,2022,2033,60.8
1971,Latvia,LVA,2004,No,No,Northern Europe,Riga,UAV / Drone,Air Force,Air,MQ-9 Reaper / Bayraktar TB2,39,Upgrading,Needs Repair,2011,13,44.41,1731.99,Italy,No,Yes,2011,2035,40.3
1972,Latvia,LVA,2004,No,No,Northern Europe,Riga,Strategic Bomber,Air Force,Air,B-52 / B-2 Spirit,1345,On Order,Excellent,2022,2,287.66,386902.7,Turkey,No,No,2022,2026,96.2
1973,Latvia,LVA,2004,No,No,Northern Europe,Riga,Strategic Bomber,Air Force,Air,B-52 / B-2 Spirit,1742,Reserve,Good,2013,11,238.55,415554.1,Multi-National,No,Yes,2018,2025,58.7
1974,Latvia,LVA,2004,No,No,Northern Europe,Riga,Patrol Vessel,Naval,Sea,OPV / Fast Attack Craft,1011,Operational,Excellent,2013,11,196.2,198358.2,Turkey,Partial,Yes,2024,2035,73.1
1975,Latvia,LVA,2004,No,No,Northern Europe,Riga,Patrol Vessel,Naval,Sea,OPV / Fast Attack Craft,24,Decommissioning,Good,2008,16,217.44,5218.56,Domestic,No,Yes,2009,2033,54.2
1976,Latvia,LVA,2004,No,No,Northern Europe,Riga,Patrol Vessel,Naval,Sea,OPV / Fast Attack Craft,1502,Decommissioning,Good,2020,4,4.85,7284.7,UK,Partial,Yes,2021,2027,50.0
1977,Latvia,LVA,2004,No,No,Northern Europe,Riga,Patrol Vessel,Naval,Sea,OPV / Fast Attack Craft,781,Decommissioning,Good,2004,20,11.74,9168.94,Germany,No,Yes,2021,2027,48.3
1978,Latvia,LVA,2004,No,No,Northern Europe,Riga,Ground Attack Aircraft,Air Force,Air,A-10 / Tornado IDS,1546,Upgrading,Needs Repair,2015,9,84.51,130652.46,Germany,No,Yes,2015,2026,45.3
1979,Latvia,LVA,2004,No,No,Northern Europe,Riga,Ground Attack Aircraft,Air Force,Air,A-10 / Tornado IDS,230,Decommissioning,Fair,2007,17,196.78,45259.4,UK,Yes,Yes,2012,2030,69.6
1980,Latvia,LVA,2004,No,No,Northern Europe,Riga,Ground Attack Aircraft,Air Force,Air,A-10 / Tornado IDS,56,Operational,Needs Repair,2007,17,337.31,18889.36,Turkey,Partial,Yes,2010,2030,99.1
1981,Latvia,LVA,2004,No,No,Northern Europe,Riga,Ground Attack Aircraft,Air Force,Air,A-10 / Tornado IDS,961,In Maintenance,End-of-Life,2021,3,185.44,178207.84,Domestic,Yes,No,2021,2029,51.3
1982,Latvia,LVA,2004,No,No,Northern Europe,Riga,Mortar System,Artillery,Land,M120 / AMOS,1793,Upgrading,Needs Repair,2012,12,339.43,608597.99,France,Yes,Yes,2014,2024,76.8
1983,Latvia,LVA,2004,No,No,Northern Europe,Riga,Mortar System,Artillery,Land,M120 / AMOS,614,Reserve,Good,2006,18,217.76,133704.64,Domestic,No,Yes,2017,2027,44.6
1984,Latvia,LVA,2004,No,No,Northern Europe,Riga,Mortar System,Artillery,Land,M120 / AMOS,1070,Operational,Fair,2012,12,350.8,375356.0,Domestic,No,No,2024,2029,40.2
1985,Latvia,LVA,2004,No,No,Northern Europe,Riga,Self-Propelled Howitzer,Artillery,Land,PzH 2000 / K9 Thunder / Caesar,1029,Reserve,Needs Repair,2014,10,74.14,76290.06,Turkey,No,Yes,2017,2031,70.2
1986,Latvia,LVA,2004,No,No,Northern Europe,Riga,Self-Propelled Howitzer,Artillery,Land,PzH 2000 / K9 Thunder / Caesar,895,Operational,Excellent,2018,6,274.68,245838.6,Multi-National,Partial,Yes,2018,2034,66.9
1987,Latvia,LVA,2004,No,No,Northern Europe,Riga,Self-Propelled Howitzer,Artillery,Land,PzH 2000 / K9 Thunder / Caesar,560,Reserve,End-of-Life,2013,11,373.93,209400.8,France,No,No,2024,2024,45.0
1988,Latvia,LVA,2004,No,No,Northern Europe,Riga,Main Battle Tank,Armored,Land,M1 Abrams / Leopard 2 / Challenger 3,906,Decommissioning,Needs Repair,2009,15,204.83,185575.98,France,Partial,Yes,2014,2033,41.5
1989,Latvia,LVA,2004,No,No,Northern Europe,Riga,Main Battle Tank,Armored,Land,M1 Abrams / Leopard 2 / Challenger 3,1736,In Maintenance,Excellent,2021,3,408.54,709225.44,Italy,Yes,Yes,2022,2025,89.5
1990,Latvia,LVA,2004,No,No,Northern Europe,Riga,Short-Range Air Defense,Air Defense,Land,SHORAD / Gepard / Stinger,58,Upgrading,End-of-Life,2017,7,402.98,23372.84,Domestic,Yes,Yes,2022,2024,50.7
1991,Latvia,LVA,2004,No,No,Northern Europe,Riga,Short-Range Air Defense,Air Defense,Land,SHORAD / Gepard / Stinger,86,Operational,Needs Repair,2016,8,142.0,12212.0,UK,No,Yes,2017,2031,42.9
1992,Latvia,LVA,2004,No,No,Northern Europe,Riga,Short-Range Air Defense,Air Defense,Land,SHORAD / Gepard / Stinger,806,Upgrading,End-of-Life,2012,12,243.58,196325.48,Israel,Partial,No,2015,2034,79.4
1993,Latvia,LVA,2004,No,No,Northern Europe,Riga,Logistics Truck (Heavy),Logistics,Support,HEMTT / MAN HX,1833,Upgrading,End-of-Life,2012,12,373.34,684332.22,Domestic,No,No,2020,2034,44.8
1994,Latvia,LVA,2004,No,No,Northern Europe,Riga,Logistics Truck (Heavy),Logistics,Support,HEMTT / MAN HX,506,Decommissioning,Excellent,2021,3,442.21,223758.26,Domestic,Yes,Yes,2023,2029,81.9
1995,Latvia,LVA,2004,No,No,Northern Europe,Riga,Electronic Warfare System,Electronics,Land,JAMMER / Krasukha,1631,Upgrading,Excellent,2016,8,209.39,341515.09,Italy,Yes,No,2022,2035,41.7
1996,Latvia,LVA,2004,No,No,Northern Europe,Riga,Electronic Warfare System,Electronics,Land,JAMMER / Krasukha,993,Operational,Needs Repair,2005,19,255.93,254138.49,Israel,No,No,2007,2031,92.1
1997,Latvia,LVA,2004,No,No,Northern Europe,Riga,Electronic Warfare System,Electronics,Land,JAMMER / Krasukha,957,In Maintenance,Good,2005,19,58.46,55946.22,Multi-National,Yes,No,2016,2027,58.3
1998,Latvia,LVA,2004,No,No,Northern Europe,Riga,NBC Detection Vehicle,CBRN,Land,Fox / TPz Fuchs,1791,On Order,Good,2009,15,198.47,355459.77,Italy,Yes,Yes,2010,2033,95.0
1999,Latvia,LVA,2004,No,No,Northern Europe,Riga,NBC Detection Vehicle,CBRN,Land,Fox / TPz Fuchs,1304,In Maintenance,End-of-Life,2022,2,290.13,378329.52,UK,Partial,No,2022,2029,82.5
2000,Latvia,LVA,2004,No,No,Northern Europe,Riga,NBC Detection Vehicle,CBRN,Land,Fox / TPz Fuchs,1023,In Maintenance,End-of-Life,2009,15,440.32,450447.36,France,Yes,No,2024,2034,77.6
2001,Latvia,LVA,2004,No,No,Northern Europe,Riga,NBC Detection Vehicle,CBRN,Land,Fox / TPz Fuchs,336,Decommissioning,Good,2012,12,13.99,4700.64,Multi-National,No,No,2015,2035,76.3
2002,Latvia,LVA,2004,No,No,Northern Europe,Riga,Cyber Defense Unit,Cyber,Digital,CCDCOE / NATO Cyber Centre,633,Reserve,Fair,2016,8,129.14,81745.62,Germany,Partial,No,2019,2033,73.4
2003,Latvia,LVA,2004,No,No,Northern Europe,Riga,Cyber Defense Unit,Cyber,Digital,CCDCOE / NATO Cyber Centre,655,Reserve,Good,2016,8,358.33,234706.15,France,Partial,Yes,2024,2035,73.1
2004,Latvia,LVA,2004,No,No,Northern Europe,Riga,Cyber Defense Unit,Cyber,Digital,CCDCOE / NATO Cyber Centre,1356,In Maintenance,Needs Repair,2018,6,182.66,247686.96,France,No,Yes,2024,2027,91.3
2005,Latvia,LVA,2004,No,No,Northern Europe,Riga,Cyber Defense Unit,Cyber,Digital,CCDCOE / NATO Cyber Centre,1834,On Order,Good,2004,20,422.61,775066.74,Domestic,Yes,No,2017,2027,54.7
2006,Latvia,LVA,2004,No,No,Northern Europe,Riga,Tanker Aircraft,Air Force,Air,KC-135 / A330 MRTT,240,In Maintenance,Excellent,2012,12,311.17,74680.8,Italy,No,Yes,2016,2035,99.0
2007,Latvia,LVA,2004,No,No,Northern Europe,Riga,Tanker Aircraft,Air Force,Air,KC-135 / A330 MRTT,364,In Maintenance,End-of-Life,2017,7,95.7,34834.8,Multi-National,No,Yes,2020,2027,61.8
2008,Latvia,LVA,2004,No,No,Northern Europe,Riga,Satellite Terminal,Communications,Digital,SATCOM / JTRS,582,Reserve,Excellent,2012,12,120.22,69968.04,UK,Yes,No,2016,2026,45.0
2009,Latvia,LVA,2004,No,No,Northern Europe,Riga,Satellite Terminal,Communications,Digital,SATCOM / JTRS,217,Decommissioning,Fair,2018,6,153.12,33227.04,UK,Partial,No,2021,2034,57.3
2010,Latvia,LVA,2004,No,No,Northern Europe,Riga,Amphibious Assault Ship,Naval,Sea,USS America / HMS Albion,1295,Reserve,Good,2021,3,239.4,310023.0,UK,No,Yes,2021,2029,44.5
2011,Latvia,LVA,2004,No,No,Northern Europe,Riga,Amphibious Assault Ship,Naval,Sea,USS America / HMS Albion,1280,Upgrading,Fair,2007,17,55.8,71424.0,Turkey,Partial,Yes,2015,2034,63.2
2012,Latvia,LVA,2004,No,No,Northern Europe,Riga,Mine Countermeasure Vessel,Naval,Sea,Hunt-class / Alkmaar,1203,Upgrading,Good,2023,1,395.36,475618.08,UK,No,Yes,2024,2027,79.0
2013,Latvia,LVA,2004,No,No,Northern Europe,Riga,Mine Countermeasure Vessel,Naval,Sea,Hunt-class / Alkmaar,1275,Upgrading,Fair,2023,1,237.98,303424.5,USA,No,Yes,2023,2024,67.8
2014,Latvia,LVA,2004,No,No,Northern Europe,Riga,Multirole Aircraft,Air Force,Air,F-35 / Rafale / F/A-18,536,On Order,Excellent,2015,9,441.72,236761.92,Multi-National,Yes,No,2022,2033,50.6
2015,Latvia,LVA,2004,No,No,Northern Europe,Riga,Multirole Aircraft,Air Force,Air,F-35 / Rafale / F/A-18,1409,Upgrading,End-of-Life,2011,13,22.4,31561.6,Germany,No,No,2022,2027,99.8
2016,Latvia,LVA,2004,No,No,Northern Europe,Riga,Air Superiority Fighter,Air Force,Air,F-22 / Typhoon,1485,Reserve,Needs Repair,2020,4,41.76,62013.6,UK,Yes,No,2024,2034,80.8
2017,Latvia,LVA,2004,No,No,Northern Europe,Riga,Air Superiority Fighter,Air Force,Air,F-22 / Typhoon,788,On Order,Excellent,2009,15,139.19,109681.72,USA,No,No,2009,2030,65.2
2018,Latvia,LVA,2004,No,No,Northern Europe,Riga,Corvette,Naval,Sea,Skjold / Visby / Burak,1211,Operational,Needs Repair,2016,8,51.85,62790.35,Israel,Yes,No,2020,2033,46.1
2019,Latvia,LVA,2004,No,No,Northern Europe,Riga,Corvette,Naval,Sea,Skjold / Visby / Burak,1665,Operational,End-of-Life,2008,16,359.64,598800.6,Turkey,Partial,Yes,2020,2029,40.5
2020,Latvia,LVA,2004,No,No,Northern Europe,Riga,Corvette,Naval,Sea,Skjold / Visby / Burak,160,Reserve,End-of-Life,2012,12,197.28,31564.8,Domestic,Yes,Yes,2014,2029,40.1
2021,Latvia,LVA,2004,No,No,Northern Europe,Riga,Corvette,Naval,Sea,Skjold / Visby / Burak,1491,Operational,Excellent,2010,14,37.09,55301.19,UK,Yes,Yes,2024,2031,49.9
2022,Latvia,LVA,2004,No,No,Northern Europe,Riga,Aircraft Carrier,Naval,Sea,Gerald R. Ford / Queen Elizabeth,1110,Decommissioning,Good,2017,7,355.25,394327.5,Germany,Yes,Yes,2017,2032,63.4
2023,Latvia,LVA,2004,No,No,Northern Europe,Riga,Aircraft Carrier,Naval,Sea,Gerald R. Ford / Queen Elizabeth,165,Decommissioning,End-of-Life,2012,12,336.52,55525.8,UK,Yes,No,2012,2031,77.0
2024,Latvia,LVA,2004,No,No,Northern Europe,Riga,Aircraft Carrier,Naval,Sea,Gerald R. Ford / Queen Elizabeth,1564,On Order,Needs Repair,2016,8,278.24,435167.36,Multi-National,No,Yes,2016,2024,78.8
2025,Latvia,LVA,2004,No,No,Northern Europe,Riga,Aircraft Carrier,Naval,Sea,Gerald R. Ford / Queen Elizabeth,587,Reserve,Good,2006,18,125.58,73715.46,UK,No,Yes,2021,2027,90.4
2026,Latvia,LVA,2004,No,No,Northern Europe,Riga,Towed Howitzer,Artillery,Land,M777 / FH70 / D-30,507,Operational,Fair,2021,3,412.85,209314.95,Italy,Yes,No,2023,2031,98.4
2027,Latvia,LVA,2004,No,No,Northern Europe,Riga,Towed Howitzer,Artillery,Land,M777 / FH70 / D-30,1353,In Maintenance,Needs Repair,2019,5,314.04,424896.12,Multi-National,Yes,Yes,2019,2029,58.8
2028,Latvia,LVA,2004,No,No,Northern Europe,Riga,Anti-Drone System,Air Defense,Land,DroneShield / AUDS / Skyfend,1179,Decommissioning,End-of-Life,2019,5,297.2,350398.8,France,No,No,2022,2024,68.1
2029,Latvia,LVA,2004,No,No,Northern Europe,Riga,Anti-Drone System,Air Defense,Land,DroneShield / AUDS / Skyfend,1476,Reserve,End-of-Life,2024,0,45.32,66892.32,France,Partial,No,2024,2029,40.3
2030,Latvia,LVA,2004,No,No,Northern Europe,Riga,Anti-Drone System,Air Defense,Land,DroneShield / AUDS / Skyfend,576,In Maintenance,Fair,2011,13,256.63,147818.88,Israel,Partial,Yes,2024,2026,71.8
2031,Latvia,LVA,2004,No,No,Northern Europe,Riga,AWACS Aircraft,Air Force,Air,E-3 Sentry / E-7A,1297,Upgrading,Needs Repair,2017,7,278.73,361512.81,Domestic,Partial,No,2020,2029,58.4
2032,Latvia,LVA,2004,No,No,Northern Europe,Riga,AWACS Aircraft,Air Force,Air,E-3 Sentry / E-7A,960,Upgrading,Fair,2016,8,8.18,7852.8,USA,Yes,Yes,2016,2025,70.0
2033,Latvia,LVA,2004,No,No,Northern Europe,Riga,AWACS Aircraft,Air Force,Air,E-3 Sentry / E-7A,267,In Maintenance,Needs Repair,2016,8,74.75,19958.25,UK,Partial,No,2017,2032,41.4
2034,Latvia,LVA,2004,No,No,Northern Europe,Riga,AWACS Aircraft,Air Force,Air,E-3 Sentry / E-7A,1609,Reserve,End-of-Life,2008,16,384.65,618901.85,UK,Yes,No,2015,2029,64.3
2035,Latvia,LVA,2004,No,No,Northern Europe,Riga,Armored Reconnaissance Vehicle,Armored,Land,Fennek / Fuchs,690,On Order,Good,2009,15,360.6,248814.0,Turkey,No,No,2010,2031,83.3
2036,Latvia,LVA,2004,No,No,Northern Europe,Riga,Armored Reconnaissance Vehicle,Armored,Land,Fennek / Fuchs,856,Reserve,Needs Repair,2015,9,348.16,298024.96,France,No,No,2023,2035,87.9
2037,Latvia,LVA,2004,No,No,Northern Europe,Riga,Multiple Launch Rocket System,Artillery,Land,M270 / HIMARS / BM-21,1491,In Maintenance,Good,2008,16,148.95,222084.45,Italy,Partial,No,2021,2031,87.5
2038,Latvia,LVA,2004,No,No,Northern Europe,Riga,Multiple Launch Rocket System,Artillery,Land,M270 / HIMARS / BM-21,1733,On Order,Needs Repair,2024,0,23.59,40881.47,Italy,Yes,Yes,2024,2033,85.0
2039,Latvia,LVA,2004,No,No,Northern Europe,Riga,Multiple Launch Rocket System,Artillery,Land,M270 / HIMARS / BM-21,1861,Decommissioning,Needs Repair,2009,15,279.71,520540.31,Italy,Yes,Yes,2021,2031,55.3
2040,Latvia,LVA,2004,No,No,Northern Europe,Riga,Strategic Transport Aircraft,Air Force,Air,C-17 / A400M / C-130,1948,In Maintenance,Excellent,2022,2,277.64,540842.72,France,Partial,No,2023,2024,66.2
2041,Latvia,LVA,2004,No,No,Northern Europe,Riga,Strategic Transport Aircraft,Air Force,Air,C-17 / A400M / C-130,122,Operational,Fair,2021,3,118.37,14441.14,USA,Yes,No,2022,2030,73.8
2042,Latvia,LVA,2004,No,No,Northern Europe,Riga,Strategic Transport Aircraft,Air Force,Air,C-17 / A400M / C-130,657,In Maintenance,End-of-Life,2019,5,400.08,262852.56,Italy,Yes,Yes,2024,2033,92.2
2043,Latvia,LVA,2004,No,No,Northern Europe,Riga,Strategic Transport Aircraft,Air Force,Air,C-17 / A400M / C-130,770,Decommissioning,Fair,2011,13,150.5,115885.0,Israel,Yes,No,2013,2035,66.0
2044,Latvia,LVA,2004,No,No,Northern Europe,Riga,Long-Range SAM,Air Defense,Land,Patriot PAC-3 / S-400,46,Reserve,Good,2012,12,27.27,1254.42,Domestic,No,Yes,2015,2028,93.0
2045,Latvia,LVA,2004,No,No,Northern Europe,Riga,Long-Range SAM,Air Defense,Land,Patriot PAC-3 / S-400,158,Upgrading,End-of-Life,2006,18,237.48,37521.84,Turkey,Yes,No,2010,2032,50.8
2046,Latvia,LVA,2004,No,No,Northern Europe,Riga,Anti-Aircraft Gun,Air Defense,Land,Oerlikon 35mm / ZU-23,1849,In Maintenance,Good,2015,9,448.47,829221.03,Multi-National,Yes,No,2016,2035,97.2
2047,Latvia,LVA,2004,No,No,Northern Europe,Riga,Anti-Aircraft Gun,Air Defense,Land,Oerlikon 35mm / ZU-23,137,Upgrading,Excellent,2019,5,38.72,5304.64,France,Yes,Yes,2019,2032,88.8
2048,Latvia,LVA,2004,No,No,Northern Europe,Riga,Anti-Aircraft Gun,Air Defense,Land,Oerlikon 35mm / ZU-23,599,On Order,Fair,2013,11,39.53,23678.47,France,No,No,2013,2034,50.8
2049,Latvia,LVA,2004,No,No,Northern Europe,Riga,Bridge Layer,Engineering,Land,AVLB / Biber,1293,Operational,Good,2023,1,413.15,534202.95,Turkey,Partial,Yes,2023,2034,94.4
2050,Latvia,LVA,2004,No,No,Northern Europe,Riga,Bridge Layer,Engineering,Land,AVLB / Biber,66,Upgrading,Needs Repair,2022,2,108.51,7161.66,Israel,No,No,2023,2031,54.4
2051,Latvia,LVA,2004,No,No,Northern Europe,Riga,Attack Helicopter,Aviation,Air,AH-64 Apache / Tiger / NH90,702,Reserve,Fair,2018,6,170.18,119466.36,UK,No,Yes,2019,2028,93.9
2052,Latvia,LVA,2004,No,No,Northern Europe,Riga,Attack Helicopter,Aviation,Air,AH-64 Apache / Tiger / NH90,1034,On Order,Fair,2007,17,276.21,285601.14,France,No,Yes,2010,2024,48.4
2053,Latvia,LVA,2004,No,No,Northern Europe,Riga,Attack Helicopter,Aviation,Air,AH-64 Apache / Tiger / NH90,1280,Reserve,Good,2010,14,258.6,331008.0,France,Yes,Yes,2013,2035,54.9
2054,Latvia,LVA,2004,No,No,Northern Europe,Riga,Light Tank,Armored,Land,CV90105 / AMX-10RC,1939,On Order,Excellent,2006,18,93.0,180327.0,UK,Partial,No,2016,2035,87.0
2055,Latvia,LVA,2004,No,No,Northern Europe,Riga,Light Tank,Armored,Land,CV90105 / AMX-10RC,953,Reserve,Excellent,2004,20,64.89,61840.17,Israel,Yes,No,2004,2030,66.4
2056,Latvia,LVA,2004,No,No,Northern Europe,Riga,Light Tank,Armored,Land,CV90105 / AMX-10RC,1471,Operational,Fair,2007,17,144.26,212206.46,UK,Partial,No,2020,2026,46.4
2057,Latvia,LVA,2004,No,No,Northern Europe,Riga,Light Tank,Armored,Land,CV90105 / AMX-10RC,1919,Decommissioning,Good,2017,7,431.65,828336.35,UK,Partial,Yes,2024,2035,92.6
2058,Latvia,LVA,2004,No,No,Northern Europe,Riga,Field Hospital,Medical,Support,Role 2 / Role 3 Hospital,930,Decommissioning,Fair,2011,13,25.01,23259.3,Domestic,No,No,2024,2031,95.0
2059,Latvia,LVA,2004,No,No,Northern Europe,Riga,Field Hospital,Medical,Support,Role 2 / Role 3 Hospital,708,In Maintenance,Good,2009,15,300.18,212527.44,Italy,Partial,Yes,2023,2031,86.0
2060,Latvia,LVA,2004,No,No,Northern Europe,Riga,Field Hospital,Medical,Support,Role 2 / Role 3 Hospital,331,Decommissioning,Fair,2015,9,246.02,81432.62,Multi-National,Partial,Yes,2024,2034,93.3
2061,Latvia,LVA,2004,No,No,Northern Europe,Riga,Field Hospital,Medical,Support,Role 2 / Role 3 Hospital,1473,Reserve,End-of-Life,2022,2,429.2,632211.6,Italy,Yes,No,2024,2035,60.0
2062,Latvia,LVA,2004,No,No,Northern Europe,Riga,Infantry Fighting Vehicle,Armored,Land,Bradley / Puma / AS-21,139,Upgrading,Fair,2022,2,124.7,17333.3,UK,No,No,2023,2026,54.3
2063,Latvia,LVA,2004,No,No,Northern Europe,Riga,Infantry Fighting Vehicle,Armored,Land,Bradley / Puma / AS-21,1198,Operational,Fair,2004,20,14.06,16843.88,Germany,No,Yes,2020,2030,69.7
2064,Latvia,LVA,2004,No,No,Northern Europe,Riga,Infantry Fighting Vehicle,Armored,Land,Bradley / Puma / AS-21,750,Operational,Excellent,2014,10,115.41,86557.5,Multi-National,Partial,No,2021,2033,81.2
2065,Latvia,LVA,2004,No,No,Northern Europe,Riga,Infantry Fighting Vehicle,Armored,Land,Bradley / Puma / AS-21,1567,On Order,Fair,2005,19,56.66,88786.22,Israel,No,Yes,2024,2034,85.1
2066,Latvia,LVA,2004,No,No,Northern Europe,Riga,Patrol Aircraft,Air Force,Air,P-8 Poseidon / Atlantic,1005,Reserve,Excellent,2008,16,341.57,343277.85,Germany,Partial,Yes,2009,2035,58.5
2067,Latvia,LVA,2004,No,No,Northern Europe,Riga,Patrol Aircraft,Air Force,Air,P-8 Poseidon / Atlantic,159,On Order,Excellent,2018,6,217.86,34639.74,Turkey,Yes,No,2023,2030,42.6
2068,Latvia,LVA,2004,No,No,Northern Europe,Riga,Patrol Aircraft,Air Force,Air,P-8 Poseidon / Atlantic,510,In Maintenance,Fair,2007,17,186.42,95074.2,Domestic,Partial,No,2011,2034,84.7
2069,Latvia,LVA,2004,No,No,Northern Europe,Riga,Submarine (SSN),Naval,Sea,Virginia-class / Astute-class,1814,Reserve,Good,2012,12,157.85,286339.9,Turkey,No,No,2022,2026,83.0
2070,Latvia,LVA,2004,No,No,Northern Europe,Riga,Submarine (SSN),Naval,Sea,Virginia-class / Astute-class,1459,Decommissioning,Needs Repair,2010,14,391.21,570775.39,Turkey,Partial,No,2024,2025,97.5
2071,Latvia,LVA,2004,No,No,Northern Europe,Riga,Submarine (SSN),Naval,Sea,Virginia-class / Astute-class,1394,Upgrading,End-of-Life,2005,19,190.6,265696.4,Multi-National,Yes,No,2016,2035,68.0
2072,Lithuania,LTU,2004,No,No,Northern Europe,Vilnius,Tanker Aircraft,Air Force,Air,KC-135 / A330 MRTT,139,In Maintenance,Needs Repair,2022,2,58.33,8107.87,Turkey,Partial,No,2024,2035,92.6
2073,Lithuania,LTU,2004,No,No,Northern Europe,Vilnius,Tanker Aircraft,Air Force,Air,KC-135 / A330 MRTT,1189,Decommissioning,Needs Repair,2019,5,249.27,296382.03,Multi-National,Partial,No,2024,2027,45.1
2074,Lithuania,LTU,2004,No,No,Northern Europe,Vilnius,Tanker Aircraft,Air Force,Air,KC-135 / A330 MRTT,872,In Maintenance,Needs Repair,2011,13,26.78,23352.16,Domestic,No,Yes,2017,2033,92.4
2075,Lithuania,LTU,2004,No,No,Northern Europe,Vilnius,Strategic Transport Aircraft,Air Force,Air,C-17 / A400M / C-130,371,On Order,Excellent,2015,9,366.26,135882.46,Israel,No,Yes,2018,2024,96.4
2076,Lithuania,LTU,2004,No,No,Northern Europe,Vilnius,Strategic Transport Aircraft,Air Force,Air,C-17 / A400M / C-130,276,Decommissioning,Excellent,2019,5,127.06,35068.56,USA,No,No,2020,2025,85.1
2077,Lithuania,LTU,2004,No,No,Northern Europe,Vilnius,Bridge Layer,Engineering,Land,AVLB / Biber,1170,In Maintenance,Needs Repair,2020,4,388.09,454065.3,Domestic,Partial,No,2022,2027,88.7
2078,Lithuania,LTU,2004,No,No,Northern Europe,Vilnius,Bridge Layer,Engineering,Land,AVLB / Biber,11,In Maintenance,Good,2017,7,354.76,3902.36,Domestic,No,Yes,2022,2030,68.2
2079,Lithuania,LTU,2004,No,No,Northern Europe,Vilnius,Anti-Drone System,Air Defense,Land,DroneShield / AUDS / Skyfend,1511,Reserve,Needs Repair,2015,9,220.9,333779.9,UK,Yes,No,2016,2024,87.9
2080,Lithuania,LTU,2004,No,No,Northern Europe,Vilnius,Anti-Drone System,Air Defense,Land,DroneShield / AUDS / Skyfend,1803,On Order,Excellent,2004,20,377.22,680127.66,France,Partial,Yes,2019,2027,41.1
2081,Lithuania,LTU,2004,No,No,Northern Europe,Vilnius,Anti-Drone System,Air Defense,Land,DroneShield / AUDS / Skyfend,1542,Decommissioning,Good,2008,16,139.19,214630.98,Turkey,No,No,2014,2035,87.5
2082,Lithuania,LTU,2004,No,No,Northern Europe,Vilnius,Anti-Drone System,Air Defense,Land,DroneShield / AUDS / Skyfend,262,Upgrading,Excellent,2011,13,354.28,92821.36,USA,Partial,Yes,2011,2027,90.0
2083,Lithuania,LTU,2004,No,No,Northern Europe,Vilnius,Self-Propelled Howitzer,Artillery,Land,PzH 2000 / K9 Thunder / Caesar,8,On Order,End-of-Life,2017,7,385.7,3085.6,Italy,Partial,No,2019,2034,44.0
2084,Lithuania,LTU,2004,No,No,Northern Europe,Vilnius,Self-Propelled Howitzer,Artillery,Land,PzH 2000 / K9 Thunder / Caesar,687,On Order,Excellent,2010,14,413.36,283978.32,USA,Yes,Yes,2018,2025,68.0
2085,Lithuania,LTU,2004,No,No,Northern Europe,Vilnius,Self-Propelled Howitzer,Artillery,Land,PzH 2000 / K9 Thunder / Caesar,1630,In Maintenance,Needs Repair,2023,1,13.99,22803.7,Israel,No,No,2023,2030,79.0
2086,Lithuania,LTU,2004,No,No,Northern Europe,Vilnius,Self-Propelled Howitzer,Artillery,Land,PzH 2000 / K9 Thunder / Caesar,1924,In Maintenance,End-of-Life,2023,1,137.02,263626.48,USA,Partial,Yes,2023,2030,97.0
2087,Lithuania,LTU,2004,No,No,Northern Europe,Vilnius,NBC Detection Vehicle,CBRN,Land,Fox / TPz Fuchs,1192,Operational,Good,2020,4,126.31,150561.52,France,Partial,No,2024,2024,83.0
2088,Lithuania,LTU,2004,No,No,Northern Europe,Vilnius,NBC Detection Vehicle,CBRN,Land,Fox / TPz Fuchs,1369,Operational,Good,2023,1,125.5,171809.5,Turkey,No,Yes,2024,2034,81.2
2089,Lithuania,LTU,2004,No,No,Northern Europe,Vilnius,NBC Detection Vehicle,CBRN,Land,Fox / TPz Fuchs,1366,In Maintenance,Fair,2007,17,297.24,406029.84,Italy,Yes,No,2017,2030,67.1
2090,Lithuania,LTU,2004,No,No,Northern Europe,Vilnius,Logistics Truck (Heavy),Logistics,Support,HEMTT / MAN HX,1194,On Order,Good,2024,0,154.37,184317.78,Domestic,No,No,2024,2032,43.7
2091,Lithuania,LTU,2004,No,No,Northern Europe,Vilnius,Logistics Truck (Heavy),Logistics,Support,HEMTT / MAN HX,1619,Upgrading,Fair,2006,18,57.05,92363.95,Germany,No,No,2023,2033,44.3
2092,Lithuania,LTU,2004,No,No,Northern Europe,Vilnius,Amphibious Assault Ship,Naval,Sea,USS America / HMS Albion,329,In Maintenance,End-of-Life,2023,1,430.31,141571.99,Multi-National,Yes,Yes,2023,2029,47.2
2093,Lithuania,LTU,2004,No,No,Northern Europe,Vilnius,Amphibious Assault Ship,Naval,Sea,USS America / HMS Albion,1204,Upgrading,Fair,2018,6,199.05,239656.2,USA,Yes,No,2023,2025,64.5
2094,Lithuania,LTU,2004,No,No,Northern Europe,Vilnius,Amphibious Assault Ship,Naval,Sea,USS America / HMS Albion,722,Reserve,Good,2018,6,186.56,134696.32,Multi-National,Yes,Yes,2023,2030,46.5
2095,Lithuania,LTU,2004,No,No,Northern Europe,Vilnius,Cyber Defense Unit,Cyber,Digital,CCDCOE / NATO Cyber Centre,1344,On Order,End-of-Life,2014,10,295.62,397313.28,Domestic,Yes,No,2022,2028,74.8
2096,Lithuania,LTU,2004,No,No,Northern Europe,Vilnius,Cyber Defense Unit,Cyber,Digital,CCDCOE / NATO Cyber Centre,609,On Order,Fair,2010,14,302.07,183960.63,Italy,No,No,2023,2030,91.7
2097,Lithuania,LTU,2004,No,No,Northern Europe,Vilnius,Cyber Defense Unit,Cyber,Digital,CCDCOE / NATO Cyber Centre,159,Decommissioning,Needs Repair,2011,13,413.39,65729.01,Italy,Partial,No,2011,2035,97.3
2098,Lithuania,LTU,2004,No,No,Northern Europe,Vilnius,Cyber Defense Unit,Cyber,Digital,CCDCOE / NATO Cyber Centre,1877,Decommissioning,Excellent,2005,19,318.31,597467.87,Italy,Partial,No,2017,2035,66.6
2099,Lithuania,LTU,2004,No,No,Northern Europe,Vilnius,Attack Helicopter,Aviation,Air,AH-64 Apache / Tiger / NH90,292,On Order,Fair,2010,14,254.16,74214.72,France,No,Yes,2024,2025,74.7
2100,Lithuania,LTU,2004,No,No,Northern Europe,Vilnius,Attack Helicopter,Aviation,Air,AH-64 Apache / Tiger / NH90,585,Upgrading,Excellent,2006,18,69.83,40850.55,Israel,No,Yes,2023,2029,80.2
2101,Lithuania,LTU,2004,No,No,Northern Europe,Vilnius,Infantry Fighting Vehicle,Armored,Land,Bradley / Puma / AS-21,72,Operational,Needs Repair,2020,4,221.98,15982.56,Germany,Yes,Yes,2020,2027,95.5
2102,Lithuania,LTU,2004,No,No,Northern Europe,Vilnius,Infantry Fighting Vehicle,Armored,Land,Bradley / Puma / AS-21,1460,Decommissioning,Excellent,2010,14,247.99,362065.4,USA,Yes,Yes,2022,2033,77.0
2103,Lithuania,LTU,2004,No,No,Northern Europe,Vilnius,Infantry Fighting Vehicle,Armored,Land,Bradley / Puma / AS-21,813,In Maintenance,Needs Repair,2019,5,193.16,157039.08,Germany,Yes,Yes,2024,2031,53.4
2104,Lithuania,LTU,2004,No,No,Northern Europe,Vilnius,Logistics Support Vessel,Naval,Sea,Supply / Berlin-class,1032,Upgrading,Fair,2011,13,444.12,458331.84,Israel,No,Yes,2018,2034,46.0
2105,Lithuania,LTU,2004,No,No,Northern Europe,Vilnius,Logistics Support Vessel,Naval,Sea,Supply / Berlin-class,1290,On Order,Fair,2004,20,156.7,202143.0,Turkey,No,Yes,2022,2030,69.3
2106,Lithuania,LTU,2004,No,No,Northern Europe,Vilnius,Logistics Support Vessel,Naval,Sea,Supply / Berlin-class,71,Upgrading,Good,2014,10,117.66,8353.86,France,Yes,No,2018,2035,75.8
2107,Lithuania,LTU,2004,No,No,Northern Europe,Vilnius,Multirole Aircraft,Air Force,Air,F-35 / Rafale / F/A-18,1939,Upgrading,End-of-Life,2014,10,122.11,236771.29,Multi-National,No,Yes,2024,2024,85.2
2108,Lithuania,LTU,2004,No,No,Northern Europe,Vilnius,Multirole Aircraft,Air Force,Air,F-35 / Rafale / F/A-18,1061,Operational,Excellent,2020,4,193.23,205017.03,Germany,No,Yes,2020,2026,98.0
2109,Lithuania,LTU,2004,No,No,Northern Europe,Vilnius,Multirole Aircraft,Air Force,Air,F-35 / Rafale / F/A-18,1642,Upgrading,Good,2009,15,190.38,312603.96,Italy,No,No,2010,2034,42.0
2110,Lithuania,LTU,2004,No,No,Northern Europe,Vilnius,Multirole Aircraft,Air Force,Air,F-35 / Rafale / F/A-18,673,Operational,Excellent,2020,4,23.76,15990.48,UK,No,Yes,2022,2033,87.2
2111,Lithuania,LTU,2004,No,No,Northern Europe,Vilnius,Sniper Rifle System,Small Arms,Land,Barrett M82 / Accuracy Int.,28,Decommissioning,Excellent,2005,19,12.0,336.0,Domestic,No,Yes,2021,2032,96.2
2112,Lithuania,LTU,2004,No,No,Northern Europe,Vilnius,Sniper Rifle System,Small Arms,Land,Barrett M82 / Accuracy Int.,529,On Order,Good,2016,8,198.74,105133.46,UK,Partial,No,2020,2027,90.6
2113,Lithuania,LTU,2004,No,No,Northern Europe,Vilnius,Sniper Rifle System,Small Arms,Land,Barrett M82 / Accuracy Int.,1544,Decommissioning,Excellent,2022,2,104.77,161764.88,Multi-National,Partial,No,2022,2027,46.4
2114,Lithuania,LTU,2004,No,No,Northern Europe,Vilnius,Sniper Rifle System,Small Arms,Land,Barrett M82 / Accuracy Int.,1089,Upgrading,Needs Repair,2014,10,425.87,463772.43,USA,Partial,Yes,2016,2025,52.0
2115,Lithuania,LTU,2004,No,No,Northern Europe,Vilnius,Field Hospital,Medical,Support,Role 2 / Role 3 Hospital,719,On Order,End-of-Life,2013,11,57.07,41033.33,UK,Partial,Yes,2018,2034,44.1
2116,Lithuania,LTU,2004,No,No,Northern Europe,Vilnius,Field Hospital,Medical,Support,Role 2 / Role 3 Hospital,179,In Maintenance,Fair,2022,2,295.47,52889.13,UK,Partial,Yes,2024,2028,49.9
2117,Lithuania,LTU,2004,No,No,Northern Europe,Vilnius,AWACS Aircraft,Air Force,Air,E-3 Sentry / E-7A,580,Reserve,End-of-Life,2006,18,371.65,215557.0,Turkey,Partial,Yes,2013,2026,54.8
2118,Lithuania,LTU,2004,No,No,Northern Europe,Vilnius,AWACS Aircraft,Air Force,Air,E-3 Sentry / E-7A,1112,Upgrading,Needs Repair,2018,6,305.88,340138.56,Israel,Yes,No,2024,2026,90.4
2119,Lithuania,LTU,2004,No,No,Northern Europe,Vilnius,AWACS Aircraft,Air Force,Air,E-3 Sentry / E-7A,1074,Operational,Good,2022,2,422.09,453324.66,UK,Yes,Yes,2024,2033,89.0
2120,Lithuania,LTU,2004,No,No,Northern Europe,Vilnius,AWACS Aircraft,Air Force,Air,E-3 Sentry / E-7A,965,Upgrading,Fair,2021,3,98.43,94984.95,UK,Partial,Yes,2021,2032,46.0
2121,Lithuania,LTU,2004,No,No,Northern Europe,Vilnius,Ground Attack Aircraft,Air Force,Air,A-10 / Tornado IDS,836,Decommissioning,Good,2011,13,72.91,60952.76,Turkey,Partial,Yes,2013,2030,85.1
2122,Lithuania,LTU,2004,No,No,Northern Europe,Vilnius,Ground Attack Aircraft,Air Force,Air,A-10 / Tornado IDS,498,Operational,Needs Repair,2020,4,75.5,37599.0,USA,No,No,2024,2025,73.0
2123,Lithuania,LTU,2004,No,No,Northern Europe,Vilnius,Electronic Warfare System,Electronics,Land,JAMMER / Krasukha,457,Operational,Excellent,2011,13,371.29,169679.53,Turkey,Partial,No,2011,2029,66.2
2124,Lithuania,LTU,2004,No,No,Northern Europe,Vilnius,Electronic Warfare System,Electronics,Land,JAMMER / Krasukha,921,Upgrading,Excellent,2016,8,379.08,349132.68,Germany,Partial,Yes,2016,2027,43.5
2125,Lithuania,LTU,2004,No,No,Northern Europe,Vilnius,Main Battle Tank,Armored,Land,M1 Abrams / Leopard 2 / Challenger 3,1088,Upgrading,Fair,2018,6,144.16,156846.08,Domestic,No,Yes,2019,2034,90.1
2126,Lithuania,LTU,2004,No,No,Northern Europe,Vilnius,Main Battle Tank,Armored,Land,M1 Abrams / Leopard 2 / Challenger 3,430,Upgrading,Needs Repair,2017,7,6.33,2721.9,Multi-National,No,Yes,2019,2028,85.5
2127,Lithuania,LTU,2004,No,No,Northern Europe,Vilnius,Short-Range Air Defense,Air Defense,Land,SHORAD / Gepard / Stinger,1358,Reserve,Needs Repair,2009,15,170.41,231416.78,USA,Yes,No,2018,2033,90.4
2128,Lithuania,LTU,2004,No,No,Northern Europe,Vilnius,Short-Range Air Defense,Air Defense,Land,SHORAD / Gepard / Stinger,978,Operational,Fair,2012,12,314.26,307346.28,Italy,Yes,No,2017,2026,61.3
2129,Lithuania,LTU,2004,No,No,Northern Europe,Vilnius,Short-Range Air Defense,Air Defense,Land,SHORAD / Gepard / Stinger,1474,Reserve,End-of-Life,2013,11,437.67,645125.58,Multi-National,Yes,No,2015,2035,65.1
2130,Lithuania,LTU,2004,No,No,Northern Europe,Vilnius,Air Superiority Fighter,Air Force,Air,F-22 / Typhoon,1176,Decommissioning,Fair,2005,19,318.38,374414.88,USA,Yes,Yes,2015,2035,65.9
2131,Lithuania,LTU,2004,No,No,Northern Europe,Vilnius,Air Superiority Fighter,Air Force,Air,F-22 / Typhoon,1831,Decommissioning,Fair,2011,13,354.41,648924.71,USA,No,No,2017,2028,84.1
2132,Lithuania,LTU,2004,No,No,Northern Europe,Vilnius,Air Superiority Fighter,Air Force,Air,F-22 / Typhoon,1014,Operational,Needs Repair,2005,19,292.23,296321.22,Multi-National,Yes,Yes,2021,2035,52.6
2133,Lithuania,LTU,2004,No,No,Northern Europe,Vilnius,Air Superiority Fighter,Air Force,Air,F-22 / Typhoon,140,Upgrading,Fair,2022,2,100.89,14124.6,Domestic,Yes,No,2023,2032,97.1
2134,Lithuania,LTU,2004,No,No,Northern Europe,Vilnius,Destroyer,Naval,Sea,Arleigh Burke / Type 45,511,On Order,Fair,2024,0,134.99,68979.89,Israel,Yes,Yes,2024,2032,74.6
2135,Lithuania,LTU,2004,No,No,Northern Europe,Vilnius,Destroyer,Naval,Sea,Arleigh Burke / Type 45,502,Reserve,Good,2013,11,280.84,140981.68,UK,No,No,2013,2029,44.6
2136,Lithuania,LTU,2004,No,No,Northern Europe,Vilnius,Medium-Range SAM,Air Defense,Land,Patriot / NASAMS / SAMP/T,1481,On Order,Good,2019,5,384.03,568748.43,Israel,Yes,Yes,2024,2027,88.2
2137,Lithuania,LTU,2004,No,No,Northern Europe,Vilnius,Medium-Range SAM,Air Defense,Land,Patriot / NASAMS / SAMP/T,1971,On Order,Good,2012,12,447.92,882850.32,Turkey,Yes,No,2013,2034,71.5
2138,Lithuania,LTU,2004,No,No,Northern Europe,Vilnius,Medium-Range SAM,Air Defense,Land,Patriot / NASAMS / SAMP/T,1377,On Order,End-of-Life,2016,8,347.92,479085.84,Israel,Partial,No,2020,2031,65.0
2139,Lithuania,LTU,2004,No,No,Northern Europe,Vilnius,Submarine (SSN),Naval,Sea,Virginia-class / Astute-class,1953,Operational,Good,2010,14,284.85,556312.05,Multi-National,No,No,2017,2032,85.4
2140,Lithuania,LTU,2004,No,No,Northern Europe,Vilnius,Submarine (SSN),Naval,Sea,Virginia-class / Astute-class,1542,Operational,End-of-Life,2009,15,186.24,287182.08,France,Yes,Yes,2014,2035,74.3
2141,Lithuania,LTU,2004,No,No,Northern Europe,Vilnius,Armored Personnel Carrier,Armored,Land,M113 / Boxer / BTR-80,186,On Order,Good,2009,15,419.96,78112.56,Germany,Partial,Yes,2021,2026,60.9
2142,Lithuania,LTU,2004,No,No,Northern Europe,Vilnius,Armored Personnel Carrier,Armored,Land,M113 / Boxer / BTR-80,1405,On Order,Excellent,2022,2,113.19,159031.95,Multi-National,No,No,2023,2029,56.7
2143,Lithuania,LTU,2004,No,No,Northern Europe,Vilnius,Armored Personnel Carrier,Armored,Land,M113 / Boxer / BTR-80,1729,Reserve,End-of-Life,2021,3,276.01,477221.29,Multi-National,Yes,Yes,2023,2024,43.1
2144,Lithuania,LTU,2004,No,No,Northern Europe,Vilnius,Patrol Aircraft,Air Force,Air,P-8 Poseidon / Atlantic,712,In Maintenance,Good,2016,8,101.48,72253.76,Multi-National,Yes,No,2023,2027,59.6
2145,Lithuania,LTU,2004,No,No,Northern Europe,Vilnius,Patrol Aircraft,Air Force,Air,P-8 Poseidon / Atlantic,622,Upgrading,End-of-Life,2023,1,4.58,2848.76,Multi-National,No,No,2024,2025,65.6
2146,Lithuania,LTU,2004,No,No,Northern Europe,Vilnius,Anti-Aircraft Gun,Air Defense,Land,Oerlikon 35mm / ZU-23,1198,Operational,Good,2017,7,294.58,352906.84,Germany,Partial,No,2017,2032,65.0
2147,Lithuania,LTU,2004,No,No,Northern Europe,Vilnius,Anti-Aircraft Gun,Air Defense,Land,Oerlikon 35mm / ZU-23,1743,Decommissioning,Fair,2021,3,183.8,320363.4,Israel,No,Yes,2023,2031,63.2
2148,Lithuania,LTU,2004,No,No,Northern Europe,Vilnius,Anti-Aircraft Gun,Air Defense,Land,Oerlikon 35mm / ZU-23,1405,Decommissioning,Good,2020,4,370.89,521100.45,France,Yes,Yes,2022,2032,66.3
2149,Lithuania,LTU,2004,No,No,Northern Europe,Vilnius,Anti-Aircraft Gun,Air Defense,Land,Oerlikon 35mm / ZU-23,1068,On Order,Fair,2023,1,356.25,380475.0,Israel,No,Yes,2024,2027,44.7
2150,Lithuania,LTU,2004,No,No,Northern Europe,Vilnius,UAV / Drone,Air Force,Air,MQ-9 Reaper / Bayraktar TB2,501,Reserve,Needs Repair,2004,20,383.44,192103.44,Domestic,Yes,No,2009,2035,63.6
2151,Lithuania,LTU,2004,No,No,Northern Europe,Vilnius,UAV / Drone,Air Force,Air,MQ-9 Reaper / Bayraktar TB2,1829,Operational,Good,2008,16,231.61,423614.69,France,Partial,No,2017,2033,42.9
2152,Lithuania,LTU,2004,No,No,Northern Europe,Vilnius,Radar System,Electronics,Land,AN/TPY-2 / AN/MPQ-65,1605,Operational,Excellent,2019,5,126.94,203738.7,Israel,Yes,No,2024,2035,53.3
2153,Lithuania,LTU,2004,No,No,Northern Europe,Vilnius,Radar System,Electronics,Land,AN/TPY-2 / AN/MPQ-65,1394,Operational,Excellent,2005,19,103.32,144028.08,USA,No,No,2012,2030,65.8
2154,Lithuania,LTU,2004,No,No,Northern Europe,Vilnius,Radar System,Electronics,Land,AN/TPY-2 / AN/MPQ-65,1541,Reserve,Fair,2008,16,236.11,363845.51,UK,Yes,No,2008,2032,78.1
2155,Lithuania,LTU,2004,No,No,Northern Europe,Vilnius,Multiple Launch Rocket System,Artillery,Land,M270 / HIMARS / BM-21,1262,Decommissioning,Fair,2016,8,68.94,87002.28,USA,Yes,Yes,2024,2028,71.6
2156,Lithuania,LTU,2004,No,No,Northern Europe,Vilnius,Multiple Launch Rocket System,Artillery,Land,M270 / HIMARS / BM-21,165,Upgrading,Excellent,2005,19,172.5,28462.5,Domestic,Yes,No,2005,2028,65.1
2157,Lithuania,LTU,2004,No,No,Northern Europe,Vilnius,Multiple Launch Rocket System,Artillery,Land,M270 / HIMARS / BM-21,38,Reserve,End-of-Life,2024,0,47.2,1793.6,Italy,Yes,Yes,2024,2026,94.0
2158,Lithuania,LTU,2004,No,No,Northern Europe,Vilnius,Towed Howitzer,Artillery,Land,M777 / FH70 / D-30,150,On Order,Needs Repair,2004,20,187.68,28152.0,Multi-National,Partial,No,2014,2031,92.3
2159,Lithuania,LTU,2004,No,No,Northern Europe,Vilnius,Towed Howitzer,Artillery,Land,M777 / FH70 / D-30,454,Upgrading,Fair,2008,16,409.18,185767.72,Domestic,Yes,No,2012,2027,86.4
2160,Lithuania,LTU,2004,No,No,Northern Europe,Vilnius,Towed Howitzer,Artillery,Land,M777 / FH70 / D-30,1173,On Order,Fair,2010,14,156.27,183304.71,Domestic,No,Yes,2022,2025,78.5
2161,Lithuania,LTU,2004,No,No,Northern Europe,Vilnius,Frigate,Naval,Sea,FREMM / Type 23 / FREMM,1409,Decommissioning,End-of-Life,2018,6,340.3,479482.7,Italy,Yes,Yes,2019,2034,79.5
2162,Lithuania,LTU,2004,No,No,Northern Europe,Vilnius,Frigate,Naval,Sea,FREMM / Type 23 / FREMM,710,Operational,Needs Repair,2024,0,418.59,297198.9,Israel,No,Yes,2024,2032,60.4
2163,Lithuania,LTU,2004,No,No,Northern Europe,Vilnius,Corvette,Naval,Sea,Skjold / Visby / Burak,1347,Upgrading,Excellent,2010,14,349.4,470641.8,UK,No,No,2015,2028,84.1
2164,Lithuania,LTU,2004,No,No,Northern Europe,Vilnius,Corvette,Naval,Sea,Skjold / Visby / Burak,137,Decommissioning,Good,2009,15,253.53,34733.61,UK,Partial,Yes,2014,2024,89.2
2165,Lithuania,LTU,2004,No,No,Northern Europe,Vilnius,Ballistic Missile Defense,Strategic,Land,THAAD / Aegis Ashore,1041,On Order,Good,2021,3,32.97,34321.77,Domestic,Partial,No,2022,2025,90.6
2166,Lithuania,LTU,2004,No,No,Northern Europe,Vilnius,Ballistic Missile Defense,Strategic,Land,THAAD / Aegis Ashore,1789,Operational,Good,2016,8,246.62,441203.18,Israel,Partial,No,2018,2029,97.8
2167,Lithuania,LTU,2004,No,No,Northern Europe,Vilnius,Satellite Terminal,Communications,Digital,SATCOM / JTRS,1556,In Maintenance,Good,2005,19,215.01,334555.56,UK,Partial,Yes,2012,2033,57.7
2168,Lithuania,LTU,2004,No,No,Northern Europe,Vilnius,Satellite Terminal,Communications,Digital,SATCOM / JTRS,112,On Order,Good,2011,13,368.34,41254.08,Italy,Yes,Yes,2018,2028,76.0
2169,Lithuania,LTU,2004,No,No,Northern Europe,Vilnius,Satellite Terminal,Communications,Digital,SATCOM / JTRS,1669,In Maintenance,End-of-Life,2008,16,354.85,592244.65,France,Partial,No,2017,2024,85.4
2170,Lithuania,LTU,2004,No,No,Northern Europe,Vilnius,Maritime Helicopter,Aviation,Air,AW159 / MH-60R,1721,Upgrading,Fair,2011,13,217.08,373594.68,UK,Yes,No,2013,2035,73.7
2171,Lithuania,LTU,2004,No,No,Northern Europe,Vilnius,Maritime Helicopter,Aviation,Air,AW159 / MH-60R,731,In Maintenance,Excellent,2020,4,9.11,6659.41,Multi-National,No,No,2020,2028,73.3
2172,Lithuania,LTU,2004,No,No,Northern Europe,Vilnius,Maritime Helicopter,Aviation,Air,AW159 / MH-60R,1344,Decommissioning,Excellent,2011,13,373.35,501782.4,Multi-National,No,Yes,2016,2024,85.2
2173,Lithuania,LTU,2004,No,No,Northern Europe,Vilnius,Maritime Helicopter,Aviation,Air,AW159 / MH-60R,559,On Order,Excellent,2020,4,384.8,215103.2,Italy,Partial,Yes,2022,2025,73.4
2174,Lithuania,LTU,2004,No,No,Northern Europe,Vilnius,Fighter Jet,Air Force,Air,F-16 / Gripen / Typhoon,957,Operational,End-of-Life,2019,5,77.09,73775.13,Domestic,No,No,2021,2028,68.2
2175,Lithuania,LTU,2004,No,No,Northern Europe,Vilnius,Fighter Jet,Air Force,Air,F-16 / Gripen / Typhoon,1416,On Order,Excellent,2011,13,255.82,362241.12,Turkey,Yes,No,2015,2035,40.6
2176,Lithuania,LTU,2004,No,No,Northern Europe,Vilnius,Armored Reconnaissance Vehicle,Armored,Land,Fennek / Fuchs,1456,Decommissioning,End-of-Life,2012,12,160.77,234081.12,UK,Partial,No,2017,2034,95.9
2177,Lithuania,LTU,2004,No,No,Northern Europe,Vilnius,Armored Reconnaissance Vehicle,Armored,Land,Fennek / Fuchs,1546,Reserve,End-of-Life,2010,14,215.75,333549.5,Israel,No,No,2010,2031,48.1
2178,Lithuania,LTU,2004,No,No,Northern Europe,Vilnius,Ammunition Supply Vehicle,Logistics,Support,PLS / DROPS,777,Upgrading,Fair,2005,19,345.49,268445.73,USA,Yes,Yes,2022,2025,72.5
2179,Lithuania,LTU,2004,No,No,Northern Europe,Vilnius,Ammunition Supply Vehicle,Logistics,Support,PLS / DROPS,397,In Maintenance,End-of-Life,2017,7,232.78,92413.66,Germany,No,Yes,2021,2024,58.3
2180,Lithuania,LTU,2004,No,No,Northern Europe,Vilnius,Ammunition Supply Vehicle,Logistics,Support,PLS / DROPS,1191,Operational,Needs Repair,2011,13,348.28,414801.48,Domestic,Yes,No,2020,2035,59.7
2181,Lithuania,LTU,2004,No,No,Northern Europe,Vilnius,Light Tank,Armored,Land,CV90105 / AMX-10RC,766,Upgrading,Needs Repair,2008,16,310.63,237942.58,Multi-National,No,Yes,2014,2034,84.4
2182,Lithuania,LTU,2004,No,No,Northern Europe,Vilnius,Light Tank,Armored,Land,CV90105 / AMX-10RC,877,Decommissioning,Excellent,2010,14,180.47,158272.19,Turkey,No,Yes,2014,2034,73.2
2183,Lithuania,LTU,2004,No,No,Northern Europe,Vilnius,Light Tank,Armored,Land,CV90105 / AMX-10RC,510,Upgrading,Fair,2014,10,110.23,56217.3,Germany,Partial,Yes,2023,2027,40.7
2184,Lithuania,LTU,2004,No,No,Northern Europe,Vilnius,Mortar System,Artillery,Land,M120 / AMOS,1564,Reserve,Good,2015,9,108.53,169740.92,Israel,Yes,No,2018,2026,75.9
2185,Lithuania,LTU,2004,No,No,Northern Europe,Vilnius,Mortar System,Artillery,Land,M120 / AMOS,1146,Reserve,Excellent,2018,6,395.91,453712.86,USA,Yes,No,2022,2033,69.3
2186,Lithuania,LTU,2004,No,No,Northern Europe,Vilnius,Mortar System,Artillery,Land,M120 / AMOS,1476,Reserve,Fair,2013,11,205.16,302816.16,Turkey,Yes,No,2020,2024,56.5
2187,Lithuania,LTU,2004,No,No,Northern Europe,Vilnius,Mortar System,Artillery,Land,M120 / AMOS,1207,Upgrading,Needs Repair,2023,1,18.41,22220.87,Multi-National,Yes,No,2024,2030,98.5
2188,Lithuania,LTU,2004,No,No,Northern Europe,Vilnius,Patrol Vessel,Naval,Sea,OPV / Fast Attack Craft,1179,In Maintenance,End-of-Life,2019,5,425.64,501829.56,Israel,Yes,Yes,2024,2027,86.3
2189,Lithuania,LTU,2004,No,No,Northern Europe,Vilnius,Patrol Vessel,Naval,Sea,OPV / Fast Attack Craft,515,In Maintenance,Needs Repair,2004,20,154.73,79685.95,Multi-National,Partial,Yes,2005,2032,91.8
2190,Lithuania,LTU,2004,No,No,Northern Europe,Vilnius,Patrol Vessel,Naval,Sea,OPV / Fast Attack Craft,43,On Order,Needs Repair,2013,11,364.76,15684.68,Italy,No,No,2016,2024,68.4
2191,Lithuania,LTU,2004,No,No,Northern Europe,Vilnius,Aircraft Carrier,Naval,Sea,Gerald R. Ford / Queen Elizabeth,1869,On Order,End-of-Life,2009,15,362.4,677325.6,Multi-National,No,No,2011,2034,83.1
2192,Lithuania,LTU,2004,No,No,Northern Europe,Vilnius,Aircraft Carrier,Naval,Sea,Gerald R. Ford / Queen Elizabeth,1953,Upgrading,Fair,2022,2,264.89,517330.17,Multi-National,No,Yes,2022,2030,54.8
2193,Lithuania,LTU,2004,No,No,Northern Europe,Vilnius,Aircraft Carrier,Naval,Sea,Gerald R. Ford / Queen Elizabeth,1565,Reserve,End-of-Life,2006,18,53.86,84290.9,Italy,No,No,2020,2025,96.4
2194,Lithuania,LTU,2004,No,No,Northern Europe,Vilnius,Aircraft Carrier,Naval,Sea,Gerald R. Ford / Queen Elizabeth,790,On Order,Good,2014,10,364.24,287749.6,Multi-National,Yes,Yes,2023,2025,50.0
2195,Lithuania,LTU,2004,No,No,Northern Europe,Vilnius,Mine Countermeasure Vessel,Naval,Sea,Hunt-class / Alkmaar,1554,Decommissioning,End-of-Life,2021,3,280.89,436503.06,Italy,Partial,Yes,2023,2033,97.2
2196,Lithuania,LTU,2004,No,No,Northern Europe,Vilnius,Mine Countermeasure Vessel,Naval,Sea,Hunt-class / Alkmaar,1194,Upgrading,Excellent,2006,18,281.22,335776.68,Multi-National,No,Yes,2017,2034,99.9
2197,Lithuania,LTU,2004,No,No,Northern Europe,Vilnius,Mine Countermeasure Vessel,Naval,Sea,Hunt-class / Alkmaar,1596,In Maintenance,Needs Repair,2014,10,394.11,628999.56,France,Yes,No,2017,2031,93.9
2198,Lithuania,LTU,2004,No,No,Northern Europe,Vilnius,Long-Range SAM,Air Defense,Land,Patriot PAC-3 / S-400,255,Decommissioning,Needs Repair,2020,4,144.73,36906.15,Turkey,Yes,No,2020,2030,85.0
2199,Lithuania,LTU,2004,No,No,Northern Europe,Vilnius,Long-Range SAM,Air Defense,Land,Patriot PAC-3 / S-400,1711,On Order,Excellent,2012,12,115.24,197175.64,UK,Partial,No,2012,2024,43.5
2200,Luxembourg,LUX,1949,Yes,No,Western Europe,Luxembourg City,Infantry Fighting Vehicle,Armored,Land,Bradley / Puma / AS-21,1689,Upgrading,Fair,1991,33,446.31,753817.59,Multi-National,No,Yes,2021,2025,94.5
2201,Luxembourg,LUX,1949,Yes,No,Western Europe,Luxembourg City,Infantry Fighting Vehicle,Armored,Land,Bradley / Puma / AS-21,1721,Decommissioning,Good,1991,33,84.79,145923.59,Italy,Partial,Yes,2018,2035,88.3
2202,Luxembourg,LUX,1949,Yes,No,Western Europe,Luxembourg City,Infantry Fighting Vehicle,Armored,Land,Bradley / Puma / AS-21,943,In Maintenance,Needs Repair,1965,59,251.43,237098.49,Domestic,Partial,Yes,1995,2028,95.6
2203,Luxembourg,LUX,1949,Yes,No,Western Europe,Luxembourg City,Infantry Fighting Vehicle,Armored,Land,Bradley / Puma / AS-21,1436,In Maintenance,Fair,1952,72,116.1,166719.6,Israel,Yes,Yes,1989,2025,52.0
2204,Luxembourg,LUX,1949,Yes,No,Western Europe,Luxembourg City,Destroyer,Naval,Sea,Arleigh Burke / Type 45,839,Upgrading,Fair,2000,24,381.1,319742.9,Germany,No,Yes,2014,2025,99.3
2205,Luxembourg,LUX,1949,Yes,No,Western Europe,Luxembourg City,Destroyer,Naval,Sea,Arleigh Burke / Type 45,1806,On Order,Needs Repair,2007,17,259.26,468223.56,USA,No,No,2013,2035,97.4
2206,Luxembourg,LUX,1949,Yes,No,Western Europe,Luxembourg City,Tanker Aircraft,Air Force,Air,KC-135 / A330 MRTT,842,On Order,Needs Repair,1987,37,80.71,67957.82,Germany,Partial,Yes,2005,2027,70.7
2207,Luxembourg,LUX,1949,Yes,No,Western Europe,Luxembourg City,Tanker Aircraft,Air Force,Air,KC-135 / A330 MRTT,1290,On Order,Needs Repair,1962,62,219.44,283077.6,Turkey,No,Yes,2021,2026,90.8
2208,Luxembourg,LUX,1949,Yes,No,Western Europe,Luxembourg City,Strategic Transport Aircraft,Air Force,Air,C-17 / A400M / C-130,72,Reserve,Good,1968,56,332.34,23928.48,USA,No,Yes,2004,2025,59.1
2209,Luxembourg,LUX,1949,Yes,No,Western Europe,Luxembourg City,Strategic Transport Aircraft,Air Force,Air,C-17 / A400M / C-130,634,Upgrading,Good,2003,21,123.08,78032.72,Italy,No,Yes,2012,2030,88.3
2210,Luxembourg,LUX,1949,Yes,No,Western Europe,Luxembourg City,Strategic Transport Aircraft,Air Force,Air,C-17 / A400M / C-130,1827,On Order,Excellent,2015,9,71.33,130319.91,France,No,Yes,2021,2035,94.4
2211,Luxembourg,LUX,1949,Yes,No,Western Europe,Luxembourg City,Ballistic Missile Defense,Strategic,Land,THAAD / Aegis Ashore,1456,In Maintenance,Needs Repair,1994,30,15.25,22204.0,USA,Yes,No,1994,2035,77.4
2212,Luxembourg,LUX,1949,Yes,No,Western Europe,Luxembourg City,Ballistic Missile Defense,Strategic,Land,THAAD / Aegis Ashore,967,In Maintenance,Good,1978,46,42.57,41165.19,Domestic,Partial,No,2002,2031,66.1
2213,Luxembourg,LUX,1949,Yes,No,Western Europe,Luxembourg City,Ballistic Missile Defense,Strategic,Land,THAAD / Aegis Ashore,1988,Operational,Fair,1991,33,129.28,257008.64,France,Partial,Yes,2008,2026,77.6
2214,Luxembourg,LUX,1949,Yes,No,Western Europe,Luxembourg City,Anti-Tank Missile System,Anti-Armor,Land,Javelin / SPIKE / Milan,235,Reserve,Good,2002,22,440.04,103409.4,Italy,Yes,Yes,2018,2035,66.0
2215,Luxembourg,LUX,1949,Yes,No,Western Europe,Luxembourg City,Anti-Tank Missile System,Anti-Armor,Land,Javelin / SPIKE / Milan,152,Operational,Fair,2009,15,247.79,37664.08,Multi-National,Yes,Yes,2010,2029,67.1
2216,Luxembourg,LUX,1949,Yes,No,Western Europe,Luxembourg City,Anti-Tank Missile System,Anti-Armor,Land,Javelin / SPIKE / Milan,384,Upgrading,End-of-Life,1964,60,101.0,38784.0,Multi-National,No,No,1986,2029,89.8
2217,Luxembourg,LUX,1949,Yes,No,Western Europe,Luxembourg City,Anti-Tank Missile System,Anti-Armor,Land,Javelin / SPIKE / Milan,275,Operational,Excellent,2002,22,50.04,13761.0,Turkey,Yes,No,2023,2029,98.8
2218,Luxembourg,LUX,1949,Yes,No,Western Europe,Luxembourg City,Multirole Aircraft,Air Force,Air,F-35 / Rafale / F/A-18,747,Reserve,Excellent,1970,54,280.49,209526.03,Multi-National,No,No,2021,2028,57.3
2219,Luxembourg,LUX,1949,Yes,No,Western Europe,Luxembourg City,Multirole Aircraft,Air Force,Air,F-35 / Rafale / F/A-18,261,On Order,End-of-Life,1974,50,154.98,40449.78,Multi-National,Partial,No,2015,2026,95.9
2220,Luxembourg,LUX,1949,Yes,No,Western Europe,Luxembourg City,Multiple Launch Rocket System,Artillery,Land,M270 / HIMARS / BM-21,1151,Upgrading,Good,2000,24,268.72,309296.72,Italy,No,Yes,2001,2030,78.8
2221,Luxembourg,LUX,1949,Yes,No,Western Europe,Luxembourg City,Multiple Launch Rocket System,Artillery,Land,M270 / HIMARS / BM-21,687,Operational,Needs Repair,1994,30,28.78,19771.86,Turkey,Partial,No,1996,2033,52.0
2222,Luxembourg,LUX,1949,Yes,No,Western Europe,Luxembourg City,Multiple Launch Rocket System,Artillery,Land,M270 / HIMARS / BM-21,1799,Reserve,Good,2016,8,113.08,203430.92,USA,Yes,No,2019,2028,85.8
2223,Luxembourg,LUX,1949,Yes,No,Western Europe,Luxembourg City,Armored Personnel Carrier,Armored,Land,M113 / Boxer / BTR-80,1655,Operational,Excellent,1992,32,238.72,395081.6,Turkey,No,Yes,1999,2027,96.2
2224,Luxembourg,LUX,1949,Yes,No,Western Europe,Luxembourg City,Armored Personnel Carrier,Armored,Land,M113 / Boxer / BTR-80,855,On Order,Needs Repair,1961,63,178.82,152891.1,USA,No,Yes,2016,2029,54.9
2225,Luxembourg,LUX,1949,Yes,No,Western Europe,Luxembourg City,Armored Personnel Carrier,Armored,Land,M113 / Boxer / BTR-80,1665,On Order,Fair,1968,56,57.81,96253.65,Turkey,Yes,Yes,1968,2025,56.2
2226,Luxembourg,LUX,1949,Yes,No,Western Europe,Luxembourg City,Aircraft Carrier,Naval,Sea,Gerald R. Ford / Queen Elizabeth,223,Upgrading,Excellent,1971,53,262.5,58537.5,Multi-National,Partial,No,1973,2032,76.0
2227,Luxembourg,LUX,1949,Yes,No,Western Europe,Luxembourg City,Aircraft Carrier,Naval,Sea,Gerald R. Ford / Queen Elizabeth,1983,Reserve,End-of-Life,1982,42,111.19,220489.77,USA,Yes,No,2014,2025,69.2
2228,Luxembourg,LUX,1949,Yes,No,Western Europe,Luxembourg City,Aircraft Carrier,Naval,Sea,Gerald R. Ford / Queen Elizabeth,1898,Operational,End-of-Life,1981,43,4.22,8009.56,Domestic,No,Yes,2002,2034,94.5
2229,Luxembourg,LUX,1949,Yes,No,Western Europe,Luxembourg City,Aircraft Carrier,Naval,Sea,Gerald R. Ford / Queen Elizabeth,1042,Reserve,Excellent,1955,69,246.15,256488.3,France,Yes,No,1958,2029,99.5
2230,Luxembourg,LUX,1949,Yes,No,Western Europe,Luxembourg City,Attack Helicopter,Aviation,Air,AH-64 Apache / Tiger / NH90,1719,Operational,Fair,1964,60,312.85,537789.15,Israel,Partial,Yes,1985,2034,71.0
2231,Luxembourg,LUX,1949,Yes,No,Western Europe,Luxembourg City,Attack Helicopter,Aviation,Air,AH-64 Apache / Tiger / NH90,1688,Decommissioning,End-of-Life,2005,19,364.76,615714.88,Domestic,Partial,Yes,2008,2027,99.9
2232,Luxembourg,LUX,1949,Yes,No,Western Europe,Luxembourg City,Attack Helicopter,Aviation,Air,AH-64 Apache / Tiger / NH90,201,Decommissioning,Fair,2002,22,315.89,63493.89,Israel,Yes,Yes,2022,2025,49.6
2233,Luxembourg,LUX,1949,Yes,No,Western Europe,Luxembourg City,Attack Helicopter,Aviation,Air,AH-64 Apache / Tiger / NH90,1959,Upgrading,Needs Repair,1987,37,407.62,798527.58,UK,Yes,Yes,1996,2035,81.1
2234,Luxembourg,LUX,1949,Yes,No,Western Europe,Luxembourg City,Ammunition Supply Vehicle,Logistics,Support,PLS / DROPS,712,In Maintenance,Needs Repair,2022,2,235.9,167960.8,Germany,Yes,No,2023,2033,70.5
2235,Luxembourg,LUX,1949,Yes,No,Western Europe,Luxembourg City,Ammunition Supply Vehicle,Logistics,Support,PLS / DROPS,1148,On Order,Fair,1983,41,263.36,302337.28,USA,Yes,No,1983,2033,48.9
2236,Luxembourg,LUX,1949,Yes,No,Western Europe,Luxembourg City,Ammunition Supply Vehicle,Logistics,Support,PLS / DROPS,503,Reserve,Needs Repair,1978,46,36.03,18123.09,Italy,No,No,2009,2035,94.0
2237,Luxembourg,LUX,1949,Yes,No,Western Europe,Luxembourg City,Ammunition Supply Vehicle,Logistics,Support,PLS / DROPS,247,Upgrading,End-of-Life,2003,21,176.14,43506.58,USA,Yes,Yes,2012,2033,77.4
2238,Luxembourg,LUX,1949,Yes,No,Western Europe,Luxembourg City,Anti-Drone System,Air Defense,Land,DroneShield / AUDS / Skyfend,622,Decommissioning,Needs Repair,1980,44,417.24,259523.28,UK,Partial,Yes,2005,2028,61.1
2239,Luxembourg,LUX,1949,Yes,No,Western Europe,Luxembourg City,Anti-Drone System,Air Defense,Land,DroneShield / AUDS / Skyfend,1084,On Order,End-of-Life,1999,25,65.3,70785.2,Italy,Yes,Yes,2023,2026,90.7
2240,Luxembourg,LUX,1949,Yes,No,Western Europe,Luxembourg City,Submarine (SSK),Naval,Sea,Type 212 / Gotland,968,On Order,End-of-Life,1968,56,446.95,432647.6,Turkey,No,No,1974,2026,64.8
2241,Luxembourg,LUX,1949,Yes,No,Western Europe,Luxembourg City,Submarine (SSK),Naval,Sea,Type 212 / Gotland,1830,Decommissioning,Fair,1977,47,301.44,551635.2,Italy,No,No,1997,2032,63.8
2242,Luxembourg,LUX,1949,Yes,No,Western Europe,Luxembourg City,Short-Range Air Defense,Air Defense,Land,SHORAD / Gepard / Stinger,1529,Decommissioning,Good,1951,73,309.68,473500.72,France,No,Yes,2017,2027,62.1
2243,Luxembourg,LUX,1949,Yes,No,Western Europe,Luxembourg City,Short-Range Air Defense,Air Defense,Land,SHORAD / Gepard / Stinger,1299,On Order,Needs Repair,1985,39,378.26,491359.74,Multi-National,Partial,No,2021,2032,95.6
2244,Luxembourg,LUX,1949,Yes,No,Western Europe,Luxembourg City,Short-Range Air Defense,Air Defense,Land,SHORAD / Gepard / Stinger,257,Decommissioning,Needs Repair,1972,52,7.32,1881.24,Italy,No,Yes,1983,2029,79.8
2245,Luxembourg,LUX,1949,Yes,No,Western Europe,Luxembourg City,Short-Range Air Defense,Air Defense,Land,SHORAD / Gepard / Stinger,1226,Upgrading,Needs Repair,2003,21,364.7,447122.2,Germany,Yes,Yes,2016,2032,54.1
2246,Luxembourg,LUX,1949,Yes,No,Western Europe,Luxembourg City,NBC Detection Vehicle,CBRN,Land,Fox / TPz Fuchs,964,Reserve,Excellent,1993,31,104.2,100448.8,Multi-National,Yes,No,2014,2034,99.3
2247,Luxembourg,LUX,1949,Yes,No,Western Europe,Luxembourg City,NBC Detection Vehicle,CBRN,Land,Fox / TPz Fuchs,1712,Operational,Good,2021,3,369.63,632806.56,Germany,Partial,Yes,2021,2031,69.8
2248,Luxembourg,LUX,1949,Yes,No,Western Europe,Luxembourg City,Patrol Vessel,Naval,Sea,OPV / Fast Attack Craft,1995,Decommissioning,Fair,1953,71,189.51,378072.45,Italy,Yes,Yes,2002,2034,85.4
2249,Luxembourg,LUX,1949,Yes,No,Western Europe,Luxembourg City,Patrol Vessel,Naval,Sea,OPV / Fast Attack Craft,588,Reserve,Good,1984,40,204.95,120510.6,UK,Yes,No,1999,2033,44.4
2250,Luxembourg,LUX,1949,Yes,No,Western Europe,Luxembourg City,Patrol Vessel,Naval,Sea,OPV / Fast Attack Craft,1523,In Maintenance,Excellent,1977,47,84.23,128282.29,Multi-National,No,No,2006,2033,78.2
2251,Luxembourg,LUX,1949,Yes,No,Western Europe,Luxembourg City,Patrol Vessel,Naval,Sea,OPV / Fast Attack Craft,1821,Upgrading,Fair,2004,20,190.2,346354.2,Turkey,No,Yes,2005,2035,95.5
2252,Luxembourg,LUX,1949,Yes,No,Western Europe,Luxembourg City,Amphibious Assault Ship,Naval,Sea,USS America / HMS Albion,1357,Decommissioning,Good,1957,67,133.23,180793.11,Multi-National,No,Yes,2016,2032,50.4
2253,Luxembourg,LUX,1949,Yes,No,Western Europe,Luxembourg City,Amphibious Assault Ship,Naval,Sea,USS America / HMS Albion,38,Upgrading,Needs Repair,1960,64,289.26,10991.88,Turkey,Partial,No,1988,2027,91.9
2254,Luxembourg,LUX,1949,Yes,No,Western Europe,Luxembourg City,Medium-Range SAM,Air Defense,Land,Patriot / NASAMS / SAMP/T,1911,Reserve,Good,1986,38,64.54,123335.94,France,Partial,Yes,1994,2028,47.7
2255,Luxembourg,LUX,1949,Yes,No,Western Europe,Luxembourg City,Medium-Range SAM,Air Defense,Land,Patriot / NASAMS / SAMP/T,1814,In Maintenance,Needs Repair,2013,11,214.86,389756.04,Turkey,No,No,2020,2034,60.3
2256,Luxembourg,LUX,1949,Yes,No,Western Europe,Luxembourg City,Medium-Range SAM,Air Defense,Land,Patriot / NASAMS / SAMP/T,339,Decommissioning,End-of-Life,1963,61,296.44,100493.16,Italy,Yes,Yes,1969,2028,71.5
2257,Luxembourg,LUX,1949,Yes,No,Western Europe,Luxembourg City,Medium-Range SAM,Air Defense,Land,Patriot / NASAMS / SAMP/T,886,Upgrading,Good,1954,70,102.66,90956.76,Multi-National,Yes,No,2022,2031,72.5
2258,Luxembourg,LUX,1949,Yes,No,Western Europe,Luxembourg City,Sniper Rifle System,Small Arms,Land,Barrett M82 / Accuracy Int.,1790,Operational,Fair,1988,36,79.77,142788.3,Turkey,No,Yes,2011,2034,70.1
2259,Luxembourg,LUX,1949,Yes,No,Western Europe,Luxembourg City,Sniper Rifle System,Small Arms,Land,Barrett M82 / Accuracy Int.,1218,Upgrading,Excellent,1989,35,201.46,245378.28,Israel,Partial,Yes,2000,2032,60.4
2260,Luxembourg,LUX,1949,Yes,No,Western Europe,Luxembourg City,Sniper Rifle System,Small Arms,Land,Barrett M82 / Accuracy Int.,269,Reserve,Fair,1956,68,68.02,18297.38,Israel,Yes,No,2016,2033,96.9
2261,Luxembourg,LUX,1949,Yes,No,Western Europe,Luxembourg City,Sniper Rifle System,Small Arms,Land,Barrett M82 / Accuracy Int.,844,Decommissioning,Excellent,2006,18,290.36,245063.84,Multi-National,Partial,No,2012,2035,64.8
2262,Luxembourg,LUX,1949,Yes,No,Western Europe,Luxembourg City,Strategic Bomber,Air Force,Air,B-52 / B-2 Spirit,1790,Reserve,End-of-Life,1978,46,391.44,700677.6,UK,Partial,No,2015,2026,82.2
2263,Luxembourg,LUX,1949,Yes,No,Western Europe,Luxembourg City,Strategic Bomber,Air Force,Air,B-52 / B-2 Spirit,134,Reserve,Needs Repair,1964,60,320.7,42973.8,Germany,Yes,No,2004,2024,45.2
2264,Luxembourg,LUX,1949,Yes,No,Western Europe,Luxembourg City,Ground Attack Aircraft,Air Force,Air,A-10 / Tornado IDS,945,Decommissioning,Needs Repair,1977,47,222.7,210451.5,Germany,No,Yes,2009,2033,62.7
2265,Luxembourg,LUX,1949,Yes,No,Western Europe,Luxembourg City,Ground Attack Aircraft,Air Force,Air,A-10 / Tornado IDS,1703,Decommissioning,End-of-Life,1995,29,131.78,224421.34,Turkey,Partial,No,2013,2025,82.4
2266,Luxembourg,LUX,1949,Yes,No,Western Europe,Luxembourg City,Ground Attack Aircraft,Air Force,Air,A-10 / Tornado IDS,1136,In Maintenance,Excellent,1969,55,364.64,414231.04,Domestic,Partial,Yes,1970,2024,45.8
2267,Luxembourg,LUX,1949,Yes,No,Western Europe,Luxembourg City,Maritime Helicopter,Aviation,Air,AW159 / MH-60R,366,On Order,Needs Repair,2014,10,367.74,134592.84,Domestic,No,Yes,2019,2025,59.3
2268,Luxembourg,LUX,1949,Yes,No,Western Europe,Luxembourg City,Maritime Helicopter,Aviation,Air,AW159 / MH-60R,664,Decommissioning,Excellent,1993,31,48.9,32469.6,Israel,No,Yes,1993,2034,70.6
2269,Luxembourg,LUX,1949,Yes,No,Western Europe,Luxembourg City,Maritime Helicopter,Aviation,Air,AW159 / MH-60R,5,Reserve,End-of-Life,1983,41,284.21,1421.05,Turkey,Yes,No,1993,2034,50.5
2270,Luxembourg,LUX,1949,Yes,No,Western Europe,Luxembourg City,Corvette,Naval,Sea,Skjold / Visby / Burak,1844,On Order,End-of-Life,1987,37,394.52,727494.88,Israel,No,No,1995,2033,57.8
2271,Luxembourg,LUX,1949,Yes,No,Western Europe,Luxembourg City,Corvette,Naval,Sea,Skjold / Visby / Burak,1059,Reserve,Excellent,1975,49,384.14,406804.26,Turkey,Yes,No,1984,2035,59.9
2272,Luxembourg,LUX,1949,Yes,No,Western Europe,Luxembourg City,Corvette,Naval,Sea,Skjold / Visby / Burak,370,Reserve,Good,1977,47,389.16,143989.2,France,No,Yes,2004,2031,62.4
2273,Luxembourg,LUX,1949,Yes,No,Western Europe,Luxembourg City,Corvette,Naval,Sea,Skjold / Visby / Burak,918,In Maintenance,Fair,2011,13,224.22,205833.96,Germany,No,No,2019,2031,59.3
2274,Luxembourg,LUX,1949,Yes,No,Western Europe,Luxembourg City,Submarine (SSN),Naval,Sea,Virginia-class / Astute-class,1365,On Order,End-of-Life,1958,66,4.58,6251.7,Turkey,Partial,Yes,1990,2024,68.2
2275,Luxembourg,LUX,1949,Yes,No,Western Europe,Luxembourg City,Submarine (SSN),Naval,Sea,Virginia-class / Astute-class,979,On Order,Good,1959,65,283.48,277526.92,Multi-National,Yes,No,1969,2034,99.4
2276,Luxembourg,LUX,1949,Yes,No,Western Europe,Luxembourg City,Logistics Truck (Heavy),Logistics,Support,HEMTT / MAN HX,74,Upgrading,Needs Repair,2011,13,379.14,28056.36,Israel,Partial,No,2024,2034,56.3
2277,Luxembourg,LUX,1949,Yes,No,Western Europe,Luxembourg City,Logistics Truck (Heavy),Logistics,Support,HEMTT / MAN HX,312,In Maintenance,Fair,1961,63,207.03,64593.36,France,No,No,2015,2032,79.3
2278,Luxembourg,LUX,1949,Yes,No,Western Europe,Luxembourg City,Logistics Truck (Heavy),Logistics,Support,HEMTT / MAN HX,503,Reserve,Good,1956,68,98.5,49545.5,Israel,Partial,No,1974,2029,59.5
2279,Luxembourg,LUX,1949,Yes,No,Western Europe,Luxembourg City,Logistics Truck (Heavy),Logistics,Support,HEMTT / MAN HX,914,Reserve,Excellent,1998,26,220.58,201610.12,Turkey,Partial,Yes,2021,2024,79.6
2280,Luxembourg,LUX,1949,Yes,No,Western Europe,Luxembourg City,Armored Reconnaissance Vehicle,Armored,Land,Fennek / Fuchs,1072,Reserve,Needs Repair,1978,46,293.78,314932.16,Israel,No,No,2021,2025,51.0
2281,Luxembourg,LUX,1949,Yes,No,Western Europe,Luxembourg City,Armored Reconnaissance Vehicle,Armored,Land,Fennek / Fuchs,777,On Order,End-of-Life,1961,63,117.51,91305.27,France,Partial,No,1991,2025,86.2
2282,Luxembourg,LUX,1949,Yes,No,Western Europe,Luxembourg City,Fighter Jet,Air Force,Air,F-16 / Gripen / Typhoon,362,On Order,Fair,2006,18,150.52,54488.24,UK,Yes,Yes,2024,2029,43.8
2283,Luxembourg,LUX,1949,Yes,No,Western Europe,Luxembourg City,Fighter Jet,Air Force,Air,F-16 / Gripen / Typhoon,1241,Upgrading,Good,1993,31,177.27,219992.07,Domestic,Yes,No,2005,2030,48.7
2284,Luxembourg,LUX,1949,Yes,No,Western Europe,Luxembourg City,Fighter Jet,Air Force,Air,F-16 / Gripen / Typhoon,1897,Operational,Fair,1965,59,356.75,676754.75,USA,No,No,1968,2031,70.6
2285,Luxembourg,LUX,1949,Yes,No,Western Europe,Luxembourg City,Towed Howitzer,Artillery,Land,M777 / FH70 / D-30,1978,Decommissioning,Excellent,1957,67,392.06,775494.68,USA,Yes,No,1982,2035,83.7
2286,Luxembourg,LUX,1949,Yes,No,Western Europe,Luxembourg City,Towed Howitzer,Artillery,Land,M777 / FH70 / D-30,1535,Reserve,Good,1981,43,272.16,417765.6,Turkey,Partial,Yes,2019,2029,74.8
2287,Luxembourg,LUX,1949,Yes,No,Western Europe,Luxembourg City,Towed Howitzer,Artillery,Land,M777 / FH70 / D-30,1116,Upgrading,Excellent,2000,24,198.58,221615.28,Italy,No,No,2016,2033,75.0
2288,Luxembourg,LUX,1949,Yes,No,Western Europe,Luxembourg City,Towed Howitzer,Artillery,Land,M777 / FH70 / D-30,1579,In Maintenance,End-of-Life,1954,70,213.65,337353.35,Israel,Partial,Yes,1995,2028,82.2
2289,Luxembourg,LUX,1949,Yes,No,Western Europe,Luxembourg City,Mortar System,Artillery,Land,M120 / AMOS,1996,On Order,Good,2011,13,4.75,9481.0,France,Yes,Yes,2014,2026,63.4
2290,Luxembourg,LUX,1949,Yes,No,Western Europe,Luxembourg City,Mortar System,Artillery,Land,M120 / AMOS,1173,Reserve,Needs Repair,1974,50,212.2,248910.6,Domestic,Yes,Yes,1989,2030,85.4
2291,Luxembourg,LUX,1949,Yes,No,Western Europe,Luxembourg City,Transport Helicopter,Aviation,Air,CH-47 Chinook / NH90,590,Upgrading,Excellent,1959,65,162.19,95692.1,Germany,Partial,Yes,1993,2026,82.0
2292,Luxembourg,LUX,1949,Yes,No,Western Europe,Luxembourg City,Transport Helicopter,Aviation,Air,CH-47 Chinook / NH90,1325,Decommissioning,Fair,1997,27,28.87,38252.75,Israel,Yes,No,2010,2034,99.2
2293,Luxembourg,LUX,1949,Yes,No,Western Europe,Luxembourg City,Transport Helicopter,Aviation,Air,CH-47 Chinook / NH90,748,In Maintenance,Good,1993,31,251.31,187979.88,France,Partial,No,2016,2026,81.4
2294,Luxembourg,LUX,1949,Yes,No,Western Europe,Luxembourg City,Transport Helicopter,Aviation,Air,CH-47 Chinook / NH90,663,Operational,Needs Repair,2021,3,220.87,146436.81,France,Yes,Yes,2022,2032,86.6
2295,Luxembourg,LUX,1949,Yes,No,Western Europe,Luxembourg City,Air Superiority Fighter,Air Force,Air,F-22 / Typhoon,365,Reserve,Good,1978,46,358.92,131005.8,Multi-National,No,No,1984,2029,83.5
2296,Luxembourg,LUX,1949,Yes,No,Western Europe,Luxembourg City,Air Superiority Fighter,Air Force,Air,F-22 / Typhoon,399,Decommissioning,Needs Repair,1994,30,361.37,144186.63,UK,No,Yes,2007,2032,79.8
2297,Luxembourg,LUX,1949,Yes,No,Western Europe,Luxembourg City,Air Superiority Fighter,Air Force,Air,F-22 / Typhoon,1743,Reserve,Fair,2013,11,120.1,209334.3,Italy,Yes,No,2023,2026,93.7
2298,Luxembourg,LUX,1949,Yes,No,Western Europe,Luxembourg City,Air Superiority Fighter,Air Force,Air,F-22 / Typhoon,504,Operational,End-of-Life,1963,61,341.31,172020.24,Italy,Partial,Yes,1996,2032,42.9
2299,Luxembourg,LUX,1949,Yes,No,Western Europe,Luxembourg City,Bridge Layer,Engineering,Land,AVLB / Biber,985,Reserve,Fair,1990,34,181.7,178974.5,Domestic,Partial,No,2024,2025,79.0
2300,Luxembourg,LUX,1949,Yes,No,Western Europe,Luxembourg City,Bridge Layer,Engineering,Land,AVLB / Biber,657,Operational,End-of-Life,2017,7,5.24,3442.68,Multi-National,Partial,No,2024,2033,69.5
2301,Luxembourg,LUX,1949,Yes,No,Western Europe,Luxembourg City,Bridge Layer,Engineering,Land,AVLB / Biber,1980,Upgrading,Excellent,1983,41,114.51,226729.8,France,No,No,2007,2027,89.7
2302,Luxembourg,LUX,1949,Yes,No,Western Europe,Luxembourg City,Bridge Layer,Engineering,Land,AVLB / Biber,1611,Reserve,Good,1987,37,175.2,282247.2,France,Yes,No,2015,2031,56.6
2303,Luxembourg,LUX,1949,Yes,No,Western Europe,Luxembourg City,UAV / Drone,Air Force,Air,MQ-9 Reaper / Bayraktar TB2,838,Upgrading,End-of-Life,1979,45,89.79,75244.02,Germany,Yes,No,1989,2032,46.9
2304,Luxembourg,LUX,1949,Yes,No,Western Europe,Luxembourg City,UAV / Drone,Air Force,Air,MQ-9 Reaper / Bayraktar TB2,1896,In Maintenance,Good,1959,65,155.55,294922.8,Turkey,No,Yes,2022,2027,57.3
2305,Luxembourg,LUX,1949,Yes,No,Western Europe,Luxembourg City,UAV / Drone,Air Force,Air,MQ-9 Reaper / Bayraktar TB2,643,In Maintenance,Excellent,1956,68,145.75,93717.25,UK,Yes,No,1956,2028,68.3
2306,Luxembourg,LUX,1949,Yes,No,Western Europe,Luxembourg City,UAV / Drone,Air Force,Air,MQ-9 Reaper / Bayraktar TB2,1541,Upgrading,End-of-Life,2003,21,12.38,19077.58,Israel,Yes,Yes,2011,2029,96.9
2307,Luxembourg,LUX,1949,Yes,No,Western Europe,Luxembourg City,Logistics Support Vessel,Naval,Sea,Supply / Berlin-class,925,Upgrading,Needs Repair,1980,44,439.44,406482.0,Domestic,Partial,No,2017,2025,76.3
2308,Luxembourg,LUX,1949,Yes,No,Western Europe,Luxembourg City,Logistics Support Vessel,Naval,Sea,Supply / Berlin-class,192,Upgrading,Good,2006,18,338.24,64942.08,Israel,No,No,2012,2033,66.4
2309,Luxembourg,LUX,1949,Yes,No,Western Europe,Luxembourg City,Logistics Support Vessel,Naval,Sea,Supply / Berlin-class,1084,Upgrading,Fair,2017,7,157.86,171120.24,Multi-National,Partial,No,2022,2031,47.0
2310,Luxembourg,LUX,1949,Yes,No,Western Europe,Luxembourg City,Light Tank,Armored,Land,CV90105 / AMX-10RC,1639,Reserve,Fair,2018,6,114.3,187337.7,Israel,Yes,No,2019,2033,59.2
2311,Luxembourg,LUX,1949,Yes,No,Western Europe,Luxembourg City,Light Tank,Armored,Land,CV90105 / AMX-10RC,696,Upgrading,Needs Repair,2011,13,113.31,78863.76,UK,Yes,No,2021,2026,44.8
2312,Luxembourg,LUX,1949,Yes,No,Western Europe,Luxembourg City,Long-Range SAM,Air Defense,Land,Patriot PAC-3 / S-400,1041,Upgrading,Fair,1985,39,232.09,241605.69,Israel,Yes,Yes,2020,2033,89.9
2313,Luxembourg,LUX,1949,Yes,No,Western Europe,Luxembourg City,Long-Range SAM,Air Defense,Land,Patriot PAC-3 / S-400,962,Decommissioning,End-of-Life,1992,32,168.3,161904.6,France,Yes,Yes,1994,2034,86.7
2314,Luxembourg,LUX,1949,Yes,No,Western Europe,Luxembourg City,Mine Countermeasure Vessel,Naval,Sea,Hunt-class / Alkmaar,664,Reserve,Excellent,1951,73,144.2,95748.8,Turkey,Yes,No,1992,2032,61.8
2315,Luxembourg,LUX,1949,Yes,No,Western Europe,Luxembourg City,Mine Countermeasure Vessel,Naval,Sea,Hunt-class / Alkmaar,68,Operational,End-of-Life,1991,33,328.35,22327.8,France,No,No,2002,2028,64.5
2316,Luxembourg,LUX,1949,Yes,No,Western Europe,Luxembourg City,AWACS Aircraft,Air Force,Air,E-3 Sentry / E-7A,1516,In Maintenance,Good,2010,14,46.87,71054.92,France,Yes,Yes,2022,2030,60.1
2317,Luxembourg,LUX,1949,Yes,No,Western Europe,Luxembourg City,AWACS Aircraft,Air Force,Air,E-3 Sentry / E-7A,416,In Maintenance,Fair,1997,27,394.84,164253.44,Turkey,No,Yes,2015,2030,99.8
2318,Luxembourg,LUX,1949,Yes,No,Western Europe,Luxembourg City,AWACS Aircraft,Air Force,Air,E-3 Sentry / E-7A,322,On Order,Excellent,2014,10,84.06,27067.32,Israel,Yes,No,2022,2031,85.8
2319,Luxembourg,LUX,1949,Yes,No,Western Europe,Luxembourg City,AWACS Aircraft,Air Force,Air,E-3 Sentry / E-7A,668,Decommissioning,Good,2010,14,227.16,151742.88,Turkey,Yes,No,2023,2030,54.8
2320,Luxembourg,LUX,1949,Yes,No,Western Europe,Luxembourg City,Combat Engineer Vehicle,Engineering,Land,M9 ACE / Leopard 2 AEV,1910,Decommissioning,End-of-Life,2010,14,205.32,392161.2,France,No,No,2016,2024,74.1
2321,Luxembourg,LUX,1949,Yes,No,Western Europe,Luxembourg City,Combat Engineer Vehicle,Engineering,Land,M9 ACE / Leopard 2 AEV,1348,Decommissioning,Fair,2022,2,448.1,604038.8,Italy,Yes,Yes,2024,2034,57.5
2322,Luxembourg,LUX,1949,Yes,No,Western Europe,Luxembourg City,Combat Engineer Vehicle,Engineering,Land,M9 ACE / Leopard 2 AEV,747,In Maintenance,End-of-Life,1955,69,199.94,149355.18,Israel,Yes,Yes,1965,2024,95.7
2323,Luxembourg,LUX,1949,Yes,No,Western Europe,Luxembourg City,Combat Engineer Vehicle,Engineering,Land,M9 ACE / Leopard 2 AEV,1255,On Order,Good,1979,45,319.95,401537.25,Israel,No,Yes,2007,2032,49.5
2324,Luxembourg,LUX,1949,Yes,No,Western Europe,Luxembourg City,Field Hospital,Medical,Support,Role 2 / Role 3 Hospital,792,Decommissioning,Fair,1980,44,7.56,5987.52,USA,Partial,No,2007,2031,47.3
2325,Luxembourg,LUX,1949,Yes,No,Western Europe,Luxembourg City,Field Hospital,Medical,Support,Role 2 / Role 3 Hospital,941,Decommissioning,End-of-Life,2006,18,144.11,135607.51,Turkey,Yes,No,2016,2032,45.4
2326,Luxembourg,LUX,1949,Yes,No,Western Europe,Luxembourg City,Field Hospital,Medical,Support,Role 2 / Role 3 Hospital,1802,Operational,End-of-Life,2020,4,207.43,373788.86,Multi-National,No,Yes,2023,2029,82.6
2327,Luxembourg,LUX,1949,Yes,No,Western Europe,Luxembourg City,Satellite Terminal,Communications,Digital,SATCOM / JTRS,1416,Reserve,Good,2020,4,362.98,513979.68,Israel,No,No,2021,2030,71.2
2328,Luxembourg,LUX,1949,Yes,No,Western Europe,Luxembourg City,Satellite Terminal,Communications,Digital,SATCOM / JTRS,1784,Upgrading,Excellent,1997,27,15.44,27544.96,Italy,Yes,Yes,2024,2024,64.5
2329,Luxembourg,LUX,1949,Yes,No,Western Europe,Luxembourg City,Radar System,Electronics,Land,AN/TPY-2 / AN/MPQ-65,920,In Maintenance,End-of-Life,1973,51,29.64,27268.8,USA,No,No,2008,2027,73.1
2330,Luxembourg,LUX,1949,Yes,No,Western Europe,Luxembourg City,Radar System,Electronics,Land,AN/TPY-2 / AN/MPQ-65,1602,In Maintenance,Needs Repair,1953,71,372.66,597001.32,Multi-National,No,Yes,2010,2033,92.6
2331,Luxembourg,LUX,1949,Yes,No,Western Europe,Luxembourg City,Radar System,Electronics,Land,AN/TPY-2 / AN/MPQ-65,1142,On Order,End-of-Life,1969,55,50.68,57876.56,Germany,No,Yes,1983,2031,46.2
2332,Montenegro,MNE,2017,No,No,Southern Europe,Podgorica,Main Battle Tank,Armored,Land,M1 Abrams / Leopard 2 / Challenger 3,654,On Order,Good,2024,0,216.89,141846.06,Italy,Yes,No,2024,2026,59.7
2333,Montenegro,MNE,2017,No,No,Southern Europe,Podgorica,Main Battle Tank,Armored,Land,M1 Abrams / Leopard 2 / Challenger 3,1691,Decommissioning,Fair,2018,6,12.09,20444.19,Italy,Partial,No,2019,2027,60.5
2334,Montenegro,MNE,2017,No,No,Southern Europe,Podgorica,Aircraft Carrier,Naval,Sea,Gerald R. Ford / Queen Elizabeth,599,On Order,Good,2022,2,352.99,211441.01,Domestic,Partial,Yes,2022,2028,96.4
2335,Montenegro,MNE,2017,No,No,Southern Europe,Podgorica,Aircraft Carrier,Naval,Sea,Gerald R. Ford / Queen Elizabeth,35,Operational,Needs Repair,2021,3,39.0,1365.0,UK,Partial,Yes,2021,2030,62.7
2336,Montenegro,MNE,2017,No,No,Southern Europe,Podgorica,Aircraft Carrier,Naval,Sea,Gerald R. Ford / Queen Elizabeth,1073,On Order,Excellent,2018,6,192.94,207024.62,USA,No,No,2023,2030,98.1
2337,Montenegro,MNE,2017,No,No,Southern Europe,Podgorica,Aircraft Carrier,Naval,Sea,Gerald R. Ford / Queen Elizabeth,184,Operational,Fair,2020,4,291.73,53678.32,Turkey,Partial,No,2020,2024,42.5
2338,Montenegro,MNE,2017,No,No,Southern Europe,Podgorica,Logistics Truck (Heavy),Logistics,Support,HEMTT / MAN HX,689,On Order,End-of-Life,2021,3,15.75,10851.75,Germany,Yes,No,2021,2030,92.4
2339,Montenegro,MNE,2017,No,No,Southern Europe,Podgorica,Logistics Truck (Heavy),Logistics,Support,HEMTT / MAN HX,1170,Upgrading,Fair,2017,7,417.12,488030.4,UK,Partial,Yes,2022,2030,78.9
2340,Montenegro,MNE,2017,No,No,Southern Europe,Podgorica,Logistics Truck (Heavy),Logistics,Support,HEMTT / MAN HX,1515,In Maintenance,Needs Repair,2017,7,414.18,627482.7,France,Partial,Yes,2023,2028,69.2
2341,Montenegro,MNE,2017,No,No,Southern Europe,Podgorica,Long-Range SAM,Air Defense,Land,Patriot PAC-3 / S-400,625,Decommissioning,Excellent,2022,2,146.68,91675.0,Turkey,Yes,Yes,2022,2029,43.9
2342,Montenegro,MNE,2017,No,No,Southern Europe,Podgorica,Long-Range SAM,Air Defense,Land,Patriot PAC-3 / S-400,1564,On Order,Good,2021,3,392.09,613228.76,UK,No,No,2024,2035,54.8
2343,Montenegro,MNE,2017,No,No,Southern Europe,Podgorica,Logistics Support Vessel,Naval,Sea,Supply / Berlin-class,74,Reserve,Fair,2017,7,328.47,24306.78,France,Partial,Yes,2021,2035,98.3
2344,Montenegro,MNE,2017,No,No,Southern Europe,Podgorica,Logistics Support Vessel,Naval,Sea,Supply / Berlin-class,1849,In Maintenance,Fair,2023,1,223.37,413011.13,USA,No,Yes,2024,2025,84.3
2345,Montenegro,MNE,2017,No,No,Southern Europe,Podgorica,Logistics Support Vessel,Naval,Sea,Supply / Berlin-class,106,Upgrading,Excellent,2024,0,95.24,10095.44,Multi-National,Yes,No,2024,2032,94.6
2346,Montenegro,MNE,2017,No,No,Southern Europe,Podgorica,Logistics Support Vessel,Naval,Sea,Supply / Berlin-class,212,In Maintenance,End-of-Life,2020,4,402.05,85234.6,UK,No,Yes,2021,2032,45.7
2347,Montenegro,MNE,2017,No,No,Southern Europe,Podgorica,Infantry Fighting Vehicle,Armored,Land,Bradley / Puma / AS-21,209,Reserve,Needs Repair,2023,1,113.95,23815.55,Israel,Yes,No,2024,2027,46.7
2348,Montenegro,MNE,2017,No,No,Southern Europe,Podgorica,Infantry Fighting Vehicle,Armored,Land,Bradley / Puma / AS-21,1775,Operational,Good,2022,2,98.96,175654.0,Turkey,No,No,2023,2026,86.1
2349,Montenegro,MNE,2017,No,No,Southern Europe,Podgorica,Patrol Vessel,Naval,Sea,OPV / Fast Attack Craft,1613,On Order,End-of-Life,2022,2,417.58,673556.54,UK,No,No,2023,2024,73.3
2350,Montenegro,MNE,2017,No,No,Southern Europe,Podgorica,Patrol Vessel,Naval,Sea,OPV / Fast Attack Craft,1294,In Maintenance,Good,2024,0,54.32,70290.08,USA,No,No,2024,2030,42.2
2351,Montenegro,MNE,2017,No,No,Southern Europe,Podgorica,Tanker Aircraft,Air Force,Air,KC-135 / A330 MRTT,355,Operational,Fair,2023,1,422.05,149827.75,UK,No,Yes,2024,2029,42.2
2352,Montenegro,MNE,2017,No,No,Southern Europe,Podgorica,Tanker Aircraft,Air Force,Air,KC-135 / A330 MRTT,544,Reserve,Good,2021,3,344.84,187592.96,Israel,No,No,2023,2034,79.5
2353,Montenegro,MNE,2017,No,No,Southern Europe,Podgorica,Tanker Aircraft,Air Force,Air,KC-135 / A330 MRTT,1517,Upgrading,End-of-Life,2019,5,270.02,409620.34,UK,Partial,No,2021,2025,79.5
2354,Montenegro,MNE,2017,No,No,Southern Europe,Podgorica,Bridge Layer,Engineering,Land,AVLB / Biber,1636,On Order,Needs Repair,2018,6,375.93,615021.48,Multi-National,Yes,No,2022,2032,69.1
2355,Montenegro,MNE,2017,No,No,Southern Europe,Podgorica,Bridge Layer,Engineering,Land,AVLB / Biber,879,In Maintenance,End-of-Life,2019,5,9.9,8702.1,France,No,Yes,2023,2030,95.8
2356,Montenegro,MNE,2017,No,No,Southern Europe,Podgorica,Bridge Layer,Engineering,Land,AVLB / Biber,1509,In Maintenance,Needs Repair,2019,5,140.95,212693.55,Israel,Yes,No,2021,2034,80.5
2357,Montenegro,MNE,2017,No,No,Southern Europe,Podgorica,Bridge Layer,Engineering,Land,AVLB / Biber,638,Reserve,Excellent,2023,1,118.06,75322.28,Germany,No,Yes,2023,2029,51.5
2358,Montenegro,MNE,2017,No,No,Southern Europe,Podgorica,Anti-Aircraft Gun,Air Defense,Land,Oerlikon 35mm / ZU-23,668,Operational,End-of-Life,2022,2,154.0,102872.0,France,Yes,No,2024,2026,89.8
2359,Montenegro,MNE,2017,No,No,Southern Europe,Podgorica,Anti-Aircraft Gun,Air Defense,Land,Oerlikon 35mm / ZU-23,427,On Order,Fair,2021,3,422.51,180411.77,Italy,Yes,Yes,2023,2028,95.7
2360,Montenegro,MNE,2017,No,No,Southern Europe,Podgorica,Sniper Rifle System,Small Arms,Land,Barrett M82 / Accuracy Int.,743,Reserve,Excellent,2019,5,389.89,289688.27,Italy,No,Yes,2023,2028,78.8
2361,Montenegro,MNE,2017,No,No,Southern Europe,Podgorica,Sniper Rifle System,Small Arms,Land,Barrett M82 / Accuracy Int.,1078,Upgrading,Good,2019,5,313.86,338341.08,Turkey,Yes,Yes,2022,2027,52.3
2362,Montenegro,MNE,2017,No,No,Southern Europe,Podgorica,Sniper Rifle System,Small Arms,Land,Barrett M82 / Accuracy Int.,68,In Maintenance,Needs Repair,2019,5,295.63,20102.84,Multi-National,Yes,Yes,2020,2030,68.1
2363,Montenegro,MNE,2017,No,No,Southern Europe,Podgorica,Sniper Rifle System,Small Arms,Land,Barrett M82 / Accuracy Int.,926,Upgrading,Good,2020,4,110.11,101961.86,Turkey,No,No,2023,2028,66.0
2364,Montenegro,MNE,2017,No,No,Southern Europe,Podgorica,Strategic Transport Aircraft,Air Force,Air,C-17 / A400M / C-130,689,Reserve,Needs Repair,2018,6,261.5,180173.5,Multi-National,No,No,2024,2028,75.0
2365,Montenegro,MNE,2017,No,No,Southern Europe,Podgorica,Strategic Transport Aircraft,Air Force,Air,C-17 / A400M / C-130,311,Decommissioning,Good,2021,3,121.18,37686.98,USA,Yes,No,2024,2029,78.2
2366,Montenegro,MNE,2017,No,No,Southern Europe,Podgorica,Strategic Transport Aircraft,Air Force,Air,C-17 / A400M / C-130,1015,On Order,Needs Repair,2019,5,444.69,451360.35,Israel,Partial,No,2024,2033,97.7
2367,Montenegro,MNE,2017,No,No,Southern Europe,Podgorica,Strategic Transport Aircraft,Air Force,Air,C-17 / A400M / C-130,11,On Order,Needs Repair,2022,2,103.84,1142.24,Turkey,Partial,Yes,2022,2024,51.5
2368,Montenegro,MNE,2017,No,No,Southern Europe,Podgorica,Amphibious Assault Ship,Naval,Sea,USS America / HMS Albion,254,Upgrading,Needs Repair,2020,4,393.5,99949.0,Domestic,No,Yes,2022,2024,94.8
2369,Montenegro,MNE,2017,No,No,Southern Europe,Podgorica,Amphibious Assault Ship,Naval,Sea,USS America / HMS Albion,1137,Operational,Fair,2020,4,85.64,97372.68,USA,Partial,Yes,2020,2030,64.1
2370,Montenegro,MNE,2017,No,No,Southern Europe,Podgorica,Amphibious Assault Ship,Naval,Sea,USS America / HMS Albion,1109,Upgrading,Good,2017,7,71.3,79071.7,Multi-National,Yes,Yes,2020,2032,71.7
2371,Montenegro,MNE,2017,No,No,Southern Europe,Podgorica,Ground Attack Aircraft,Air Force,Air,A-10 / Tornado IDS,1512,Operational,Excellent,2022,2,429.79,649842.48,Italy,No,Yes,2024,2031,72.6
2372,Montenegro,MNE,2017,No,No,Southern Europe,Podgorica,Ground Attack Aircraft,Air Force,Air,A-10 / Tornado IDS,195,Reserve,Excellent,2022,2,218.37,42582.15,Italy,Partial,Yes,2022,2034,62.6
2373,Montenegro,MNE,2017,No,No,Southern Europe,Podgorica,Ground Attack Aircraft,Air Force,Air,A-10 / Tornado IDS,875,In Maintenance,Good,2017,7,225.3,197137.5,Israel,No,Yes,2021,2030,42.3
2374,Montenegro,MNE,2017,No,No,Southern Europe,Podgorica,Ground Attack Aircraft,Air Force,Air,A-10 / Tornado IDS,291,On Order,Good,2023,1,410.83,119551.53,Germany,No,No,2023,2026,95.9
2375,Montenegro,MNE,2017,No,No,Southern Europe,Podgorica,Corvette,Naval,Sea,Skjold / Visby / Burak,216,Upgrading,Excellent,2019,5,391.04,84464.64,France,No,Yes,2022,2026,43.9
2376,Montenegro,MNE,2017,No,No,Southern Europe,Podgorica,Corvette,Naval,Sea,Skjold / Visby / Burak,1086,Reserve,Needs Repair,2021,3,15.41,16735.26,Turkey,Partial,Yes,2024,2026,82.5
2377,Montenegro,MNE,2017,No,No,Southern Europe,Podgorica,Corvette,Naval,Sea,Skjold / Visby / Burak,1812,Decommissioning,Needs Repair,2018,6,17.21,31184.52,Italy,Yes,No,2022,2030,65.1
2378,Montenegro,MNE,2017,No,No,Southern Europe,Podgorica,Satellite Terminal,Communications,Digital,SATCOM / JTRS,103,Operational,Needs Repair,2020,4,188.73,19439.19,Multi-National,Partial,Yes,2020,2028,42.5
2379,Montenegro,MNE,2017,No,No,Southern Europe,Podgorica,Satellite Terminal,Communications,Digital,SATCOM / JTRS,1955,In Maintenance,Excellent,2020,4,212.23,414909.65,Multi-National,Partial,No,2020,2028,85.2
2380,Montenegro,MNE,2017,No,No,Southern Europe,Podgorica,Satellite Terminal,Communications,Digital,SATCOM / JTRS,1186,Operational,End-of-Life,2017,7,88.16,104557.76,Germany,Yes,Yes,2022,2035,79.8
2381,Montenegro,MNE,2017,No,No,Southern Europe,Podgorica,Anti-Drone System,Air Defense,Land,DroneShield / AUDS / Skyfend,816,On Order,Good,2017,7,217.33,177341.28,UK,No,No,2022,2034,66.9
2382,Montenegro,MNE,2017,No,No,Southern Europe,Podgorica,Anti-Drone System,Air Defense,Land,DroneShield / AUDS / Skyfend,1073,In Maintenance,Needs Repair,2019,5,28.87,30977.51,France,Partial,Yes,2021,2026,49.1
2383,Montenegro,MNE,2017,No,No,Southern Europe,Podgorica,Multiple Launch Rocket System,Artillery,Land,M270 / HIMARS / BM-21,356,On Order,Good,2019,5,258.92,92175.52,Italy,No,Yes,2019,2028,75.5
2384,Montenegro,MNE,2017,No,No,Southern Europe,Podgorica,Multiple Launch Rocket System,Artillery,Land,M270 / HIMARS / BM-21,1749,Reserve,Needs Repair,2020,4,248.03,433804.47,Italy,No,Yes,2020,2032,72.2
2385,Montenegro,MNE,2017,No,No,Southern Europe,Podgorica,Field Hospital,Medical,Support,Role 2 / Role 3 Hospital,741,Operational,Excellent,2021,3,204.81,151764.21,Turkey,Partial,Yes,2023,2030,53.0
2386,Montenegro,MNE,2017,No,No,Southern Europe,Podgorica,Field Hospital,Medical,Support,Role 2 / Role 3 Hospital,843,Reserve,Fair,2020,4,215.38,181565.34,Italy,Partial,Yes,2022,2029,72.6
2387,Montenegro,MNE,2017,No,No,Southern Europe,Podgorica,Field Hospital,Medical,Support,Role 2 / Role 3 Hospital,1107,Operational,Needs Repair,2024,0,162.71,180119.97,Turkey,Yes,Yes,2024,2025,66.6
2388,Montenegro,MNE,2017,No,No,Southern Europe,Podgorica,Fighter Jet,Air Force,Air,F-16 / Gripen / Typhoon,196,Reserve,End-of-Life,2018,6,357.22,70015.12,Multi-National,Yes,No,2019,2027,54.2
2389,Montenegro,MNE,2017,No,No,Southern Europe,Podgorica,Fighter Jet,Air Force,Air,F-16 / Gripen / Typhoon,1653,Decommissioning,Needs Repair,2022,2,303.16,501123.48,UK,Yes,Yes,2022,2025,58.7
2390,Montenegro,MNE,2017,No,No,Southern Europe,Podgorica,Self-Propelled Howitzer,Artillery,Land,PzH 2000 / K9 Thunder / Caesar,187,In Maintenance,Fair,2020,4,445.05,83224.35,Germany,Yes,No,2021,2026,88.5
2391,Montenegro,MNE,2017,No,No,Southern Europe,Podgorica,Self-Propelled Howitzer,Artillery,Land,PzH 2000 / K9 Thunder / Caesar,786,In Maintenance,Excellent,2017,7,309.12,242968.32,Israel,Partial,No,2019,2030,63.9
2392,Montenegro,MNE,2017,No,No,Southern Europe,Podgorica,Towed Howitzer,Artillery,Land,M777 / FH70 / D-30,475,Reserve,Excellent,2018,6,170.92,81187.0,Multi-National,Yes,Yes,2018,2024,43.8
2393,Montenegro,MNE,2017,No,No,Southern Europe,Podgorica,Towed Howitzer,Artillery,Land,M777 / FH70 / D-30,177,Decommissioning,Fair,2024,0,54.92,9720.84,Italy,No,No,2024,2029,85.7
2394,Montenegro,MNE,2017,No,No,Southern Europe,Podgorica,Strategic Bomber,Air Force,Air,B-52 / B-2 Spirit,1365,Operational,End-of-Life,2022,2,13.46,18372.9,Domestic,Yes,No,2023,2031,87.8
2395,Montenegro,MNE,2017,No,No,Southern Europe,Podgorica,Strategic Bomber,Air Force,Air,B-52 / B-2 Spirit,478,Upgrading,Good,2022,2,71.21,34038.38,Italy,Partial,No,2022,2031,87.9
2396,Montenegro,MNE,2017,No,No,Southern Europe,Podgorica,Strategic Bomber,Air Force,Air,B-52 / B-2 Spirit,490,Operational,Good,2022,2,82.36,40356.4,Domestic,Yes,Yes,2024,2030,68.7
2397,Montenegro,MNE,2017,No,No,Southern Europe,Podgorica,Strategic Bomber,Air Force,Air,B-52 / B-2 Spirit,202,Reserve,Needs Repair,2017,7,178.89,36135.78,Domestic,Yes,No,2019,2027,61.9
2398,Montenegro,MNE,2017,No,No,Southern Europe,Podgorica,NBC Detection Vehicle,CBRN,Land,Fox / TPz Fuchs,903,On Order,Fair,2024,0,129.75,117164.25,Domestic,No,No,2024,2031,60.2
2399,Montenegro,MNE,2017,No,No,Southern Europe,Podgorica,NBC Detection Vehicle,CBRN,Land,Fox / TPz Fuchs,311,On Order,End-of-Life,2019,5,321.15,99877.65,Turkey,Partial,No,2020,2030,99.0
2400,Montenegro,MNE,2017,No,No,Southern Europe,Podgorica,NBC Detection Vehicle,CBRN,Land,Fox / TPz Fuchs,648,Decommissioning,End-of-Life,2024,0,424.77,275250.96,Multi-National,Partial,Yes,2024,2035,73.2
2401,Montenegro,MNE,2017,No,No,Southern Europe,Podgorica,Mine Countermeasure Vessel,Naval,Sea,Hunt-class / Alkmaar,204,Reserve,Excellent,2024,0,436.88,89123.52,USA,Yes,No,2024,2035,55.8
2402,Montenegro,MNE,2017,No,No,Southern Europe,Podgorica,Mine Countermeasure Vessel,Naval,Sea,Hunt-class / Alkmaar,323,Decommissioning,Fair,2021,3,315.92,102042.16,Italy,No,No,2024,2027,44.5
2403,Montenegro,MNE,2017,No,No,Southern Europe,Podgorica,Short-Range Air Defense,Air Defense,Land,SHORAD / Gepard / Stinger,1917,On Order,Needs Repair,2020,4,199.93,383265.81,UK,Yes,Yes,2023,2030,75.8
2404,Montenegro,MNE,2017,No,No,Southern Europe,Podgorica,Short-Range Air Defense,Air Defense,Land,SHORAD / Gepard / Stinger,637,Decommissioning,Fair,2022,2,294.77,187768.49,Turkey,Partial,Yes,2022,2028,40.4
2405,Montenegro,MNE,2017,No,No,Southern Europe,Podgorica,Short-Range Air Defense,Air Defense,Land,SHORAD / Gepard / Stinger,252,Upgrading,Excellent,2018,6,419.95,105827.4,Turkey,Yes,No,2018,2027,79.0
2406,Montenegro,MNE,2017,No,No,Southern Europe,Podgorica,Short-Range Air Defense,Air Defense,Land,SHORAD / Gepard / Stinger,77,In Maintenance,Needs Repair,2018,6,47.04,3622.08,France,Partial,Yes,2024,2025,79.8
2407,Montenegro,MNE,2017,No,No,Southern Europe,Podgorica,Maritime Helicopter,Aviation,Air,AW159 / MH-60R,1295,Operational,Good,2018,6,205.06,265552.7,Italy,No,No,2020,2030,55.5
2408,Montenegro,MNE,2017,No,No,Southern Europe,Podgorica,Maritime Helicopter,Aviation,Air,AW159 / MH-60R,64,On Order,Fair,2018,6,256.6,16422.4,UK,Yes,No,2023,2024,82.5
2409,Montenegro,MNE,2017,No,No,Southern Europe,Podgorica,Maritime Helicopter,Aviation,Air,AW159 / MH-60R,1790,In Maintenance,Fair,2024,0,249.05,445799.5,USA,Yes,No,2024,2027,56.2
2410,Montenegro,MNE,2017,No,No,Southern Europe,Podgorica,Maritime Helicopter,Aviation,Air,AW159 / MH-60R,1412,On Order,Excellent,2019,5,136.68,192992.16,USA,No,No,2021,2028,79.5
2411,Montenegro,MNE,2017,No,No,Southern Europe,Podgorica,UAV / Drone,Air Force,Air,MQ-9 Reaper / Bayraktar TB2,297,Decommissioning,Good,2021,3,409.35,121576.95,Germany,Yes,Yes,2024,2028,47.6
2412,Montenegro,MNE,2017,No,No,Southern Europe,Podgorica,UAV / Drone,Air Force,Air,MQ-9 Reaper / Bayraktar TB2,152,Decommissioning,Fair,2018,6,190.52,28959.04,Israel,Yes,Yes,2022,2033,88.5
2413,Montenegro,MNE,2017,No,No,Southern Europe,Podgorica,UAV / Drone,Air Force,Air,MQ-9 Reaper / Bayraktar TB2,202,In Maintenance,Fair,2022,2,276.22,55796.44,Israel,No,No,2022,2025,90.6
2414,Montenegro,MNE,2017,No,No,Southern Europe,Podgorica,Light Tank,Armored,Land,CV90105 / AMX-10RC,589,In Maintenance,Good,2023,1,116.08,68371.12,USA,No,No,2024,2024,65.8
2415,Montenegro,MNE,2017,No,No,Southern Europe,Podgorica,Light Tank,Armored,Land,CV90105 / AMX-10RC,1597,Reserve,Excellent,2022,2,290.69,464231.93,USA,Partial,Yes,2023,2034,46.2
2416,Montenegro,MNE,2017,No,No,Southern Europe,Podgorica,Light Tank,Armored,Land,CV90105 / AMX-10RC,460,On Order,Good,2021,3,288.52,132719.2,USA,Partial,Yes,2024,2032,75.9
2417,Montenegro,MNE,2017,No,No,Southern Europe,Podgorica,Electronic Warfare System,Electronics,Land,JAMMER / Krasukha,95,Decommissioning,Fair,2024,0,241.22,22915.9,Turkey,Partial,No,2024,2025,73.4
2418,Montenegro,MNE,2017,No,No,Southern Europe,Podgorica,Electronic Warfare System,Electronics,Land,JAMMER / Krasukha,1570,Reserve,Excellent,2020,4,442.77,695148.9,Italy,Partial,No,2022,2031,58.4
2419,Montenegro,MNE,2017,No,No,Southern Europe,Podgorica,Electronic Warfare System,Electronics,Land,JAMMER / Krasukha,1022,On Order,Good,2020,4,107.53,109895.66,Italy,Partial,No,2021,2030,85.5
2420,Montenegro,MNE,2017,No,No,Southern Europe,Podgorica,Electronic Warfare System,Electronics,Land,JAMMER / Krasukha,980,Upgrading,End-of-Life,2017,7,42.65,41797.0,Italy,Yes,No,2020,2025,79.9
2421,Montenegro,MNE,2017,No,No,Southern Europe,Podgorica,Multirole Aircraft,Air Force,Air,F-35 / Rafale / F/A-18,992,Operational,End-of-Life,2022,2,22.43,22250.56,France,No,Yes,2022,2035,46.9
2422,Montenegro,MNE,2017,No,No,Southern Europe,Podgorica,Multirole Aircraft,Air Force,Air,F-35 / Rafale / F/A-18,672,On Order,Needs Repair,2023,1,250.88,168591.36,UK,Partial,Yes,2024,2026,73.8
2423,Montenegro,MNE,2017,No,No,Southern Europe,Podgorica,Multirole Aircraft,Air Force,Air,F-35 / Rafale / F/A-18,672,Reserve,Needs Repair,2022,2,15.11,10153.92,Germany,Partial,Yes,2024,2028,66.8
2424,Montenegro,MNE,2017,No,No,Southern Europe,Podgorica,Multirole Aircraft,Air Force,Air,F-35 / Rafale / F/A-18,315,Operational,Needs Repair,2023,1,179.5,56542.5,France,Partial,Yes,2024,2025,65.5
2425,Montenegro,MNE,2017,No,No,Southern Europe,Podgorica,Attack Helicopter,Aviation,Air,AH-64 Apache / Tiger / NH90,196,Reserve,Excellent,2018,6,268.77,52678.92,Israel,Yes,No,2022,2034,93.4
2426,Montenegro,MNE,2017,No,No,Southern Europe,Podgorica,Attack Helicopter,Aviation,Air,AH-64 Apache / Tiger / NH90,1254,Decommissioning,Excellent,2017,7,229.98,288394.92,Israel,Partial,Yes,2018,2025,49.0
2427,Montenegro,MNE,2017,No,No,Southern Europe,Podgorica,Attack Helicopter,Aviation,Air,AH-64 Apache / Tiger / NH90,1369,Decommissioning,Fair,2018,6,207.43,283971.67,Germany,Partial,Yes,2024,2026,52.6
2428,Montenegro,MNE,2017,No,No,Southern Europe,Podgorica,Attack Helicopter,Aviation,Air,AH-64 Apache / Tiger / NH90,1959,Upgrading,Needs Repair,2018,6,83.83,164222.97,Turkey,Yes,No,2018,2035,82.4
2429,Montenegro,MNE,2017,No,No,Southern Europe,Podgorica,Medium-Range SAM,Air Defense,Land,Patriot / NASAMS / SAMP/T,1065,Upgrading,Excellent,2022,2,424.32,451900.8,Israel,Yes,No,2024,2025,97.4
2430,Montenegro,MNE,2017,No,No,Southern Europe,Podgorica,Medium-Range SAM,Air Defense,Land,Patriot / NASAMS / SAMP/T,536,In Maintenance,Needs Repair,2018,6,85.67,45919.12,Turkey,Yes,Yes,2019,2029,79.0
2431,Montenegro,MNE,2017,No,No,Southern Europe,Podgorica,Submarine (SSK),Naval,Sea,Type 212 / Gotland,1434,In Maintenance,Excellent,2024,0,388.38,556936.92,UK,Partial,Yes,2024,2033,55.1
2432,Montenegro,MNE,2017,No,No,Southern Europe,Podgorica,Submarine (SSK),Naval,Sea,Type 212 / Gotland,73,Upgrading,Fair,2024,0,267.47,19525.31,USA,No,No,2024,2033,82.5
2433,Montenegro,MNE,2017,No,No,Southern Europe,Podgorica,Ammunition Supply Vehicle,Logistics,Support,PLS / DROPS,295,On Order,Fair,2022,2,23.16,6832.2,Germany,Partial,No,2022,2034,88.3
2434,Montenegro,MNE,2017,No,No,Southern Europe,Podgorica,Ammunition Supply Vehicle,Logistics,Support,PLS / DROPS,6,On Order,End-of-Life,2022,2,161.82,970.92,Turkey,No,Yes,2023,2028,80.2
2435,Montenegro,MNE,2017,No,No,Southern Europe,Podgorica,Ammunition Supply Vehicle,Logistics,Support,PLS / DROPS,375,Decommissioning,Fair,2024,0,95.28,35730.0,Turkey,Yes,Yes,2024,2030,97.6
2436,Montenegro,MNE,2017,No,No,Southern Europe,Podgorica,Cyber Defense Unit,Cyber,Digital,CCDCOE / NATO Cyber Centre,263,Reserve,Excellent,2019,5,38.74,10188.62,USA,Partial,Yes,2020,2034,52.4
2437,Montenegro,MNE,2017,No,No,Southern Europe,Podgorica,Cyber Defense Unit,Cyber,Digital,CCDCOE / NATO Cyber Centre,220,In Maintenance,Fair,2017,7,214.2,47124.0,Domestic,Yes,No,2023,2033,56.7
2438,Montenegro,MNE,2017,No,No,Southern Europe,Podgorica,Transport Helicopter,Aviation,Air,CH-47 Chinook / NH90,1706,Operational,Good,2021,3,320.3,546431.8,France,Yes,Yes,2022,2027,91.3
2439,Montenegro,MNE,2017,No,No,Southern Europe,Podgorica,Transport Helicopter,Aviation,Air,CH-47 Chinook / NH90,1858,In Maintenance,End-of-Life,2017,7,251.19,466711.02,Italy,Partial,No,2017,2035,74.5
2440,Montenegro,MNE,2017,No,No,Southern Europe,Podgorica,Transport Helicopter,Aviation,Air,CH-47 Chinook / NH90,426,Operational,End-of-Life,2018,6,112.22,47805.72,Italy,Partial,No,2022,2027,68.7
2441,Montenegro,MNE,2017,No,No,Southern Europe,Podgorica,Transport Helicopter,Aviation,Air,CH-47 Chinook / NH90,349,Operational,Needs Repair,2018,6,101.72,35500.28,Multi-National,Yes,Yes,2021,2034,43.2
2442,Montenegro,MNE,2017,No,No,Southern Europe,Podgorica,Armored Personnel Carrier,Armored,Land,M113 / Boxer / BTR-80,1266,Reserve,Excellent,2020,4,201.14,254643.24,France,Yes,No,2024,2028,56.2
2443,Montenegro,MNE,2017,No,No,Southern Europe,Podgorica,Armored Personnel Carrier,Armored,Land,M113 / Boxer / BTR-80,1227,In Maintenance,Needs Repair,2020,4,243.37,298614.99,UK,Partial,No,2021,2032,47.4
2444,Montenegro,MNE,2017,No,No,Southern Europe,Podgorica,Air Superiority Fighter,Air Force,Air,F-22 / Typhoon,1626,On Order,Fair,2020,4,200.7,326338.2,UK,No,Yes,2022,2029,58.8
2445,Montenegro,MNE,2017,No,No,Southern Europe,Podgorica,Air Superiority Fighter,Air Force,Air,F-22 / Typhoon,65,Operational,Excellent,2024,0,385.42,25052.3,Italy,Yes,No,2024,2034,96.5
2446,Montenegro,MNE,2017,No,No,Southern Europe,Podgorica,Frigate,Naval,Sea,FREMM / Type 23 / FREMM,268,Decommissioning,Excellent,2020,4,412.79,110627.72,USA,Partial,Yes,2024,2026,73.8
2447,Montenegro,MNE,2017,No,No,Southern Europe,Podgorica,Frigate,Naval,Sea,FREMM / Type 23 / FREMM,1529,Reserve,Excellent,2020,4,233.1,356409.9,Germany,Partial,No,2023,2031,75.4
2448,Montenegro,MNE,2017,No,No,Southern Europe,Podgorica,Frigate,Naval,Sea,FREMM / Type 23 / FREMM,1135,Decommissioning,Needs Repair,2019,5,432.71,491125.85,Italy,Yes,No,2019,2029,65.5
2449,Montenegro,MNE,2017,No,No,Southern Europe,Podgorica,Frigate,Naval,Sea,FREMM / Type 23 / FREMM,605,In Maintenance,Good,2018,6,144.85,87634.25,Domestic,No,Yes,2021,2030,64.9
2450,Montenegro,MNE,2017,No,No,Southern Europe,Podgorica,Armored Reconnaissance Vehicle,Armored,Land,Fennek / Fuchs,126,In Maintenance,Excellent,2023,1,96.32,12136.32,USA,Partial,Yes,2024,2035,45.6
2451,Montenegro,MNE,2017,No,No,Southern Europe,Podgorica,Armored Reconnaissance Vehicle,Armored,Land,Fennek / Fuchs,215,In Maintenance,Excellent,2022,2,151.96,32671.4,France,No,Yes,2024,2025,90.4
2452,Montenegro,MNE,2017,No,No,Southern Europe,Podgorica,Armored Reconnaissance Vehicle,Armored,Land,Fennek / Fuchs,525,Upgrading,End-of-Life,2017,7,104.05,54626.25,USA,No,Yes,2020,2031,74.3
2453,Montenegro,MNE,2017,No,No,Southern Europe,Podgorica,Combat Engineer Vehicle,Engineering,Land,M9 ACE / Leopard 2 AEV,434,Decommissioning,End-of-Life,2017,7,186.67,81014.78,Germany,Yes,Yes,2021,2029,71.0
2454,Montenegro,MNE,2017,No,No,Southern Europe,Podgorica,Combat Engineer Vehicle,Engineering,Land,M9 ACE / Leopard 2 AEV,94,Operational,Needs Repair,2024,0,65.17,6125.98,Germany,No,No,2024,2026,57.9
2455,Montenegro,MNE,2017,No,No,Southern Europe,Podgorica,Combat Engineer Vehicle,Engineering,Land,M9 ACE / Leopard 2 AEV,1146,In Maintenance,Good,2021,3,419.29,480506.34,Italy,No,Yes,2024,2029,90.0
2456,Montenegro,MNE,2017,No,No,Southern Europe,Podgorica,Combat Engineer Vehicle,Engineering,Land,M9 ACE / Leopard 2 AEV,1180,In Maintenance,Needs Repair,2017,7,151.21,178427.8,Turkey,Partial,Yes,2019,2024,88.8
2457,Netherlands,NLD,1949,Yes,Yes,Western Europe,Amsterdam,Sniper Rifle System,Small Arms,Land,Barrett M82 / Accuracy Int.,1892,Reserve,Excellent,1991,33,189.21,357985.32,Germany,Yes,Yes,2016,2034,69.9
2458,Netherlands,NLD,1949,Yes,Yes,Western Europe,Amsterdam,Sniper Rifle System,Small Arms,Land,Barrett M82 / Accuracy Int.,649,Operational,Excellent,1981,43,16.43,10663.07,France,No,Yes,2000,2024,60.9
2459,Netherlands,NLD,1949,Yes,Yes,Western Europe,Amsterdam,Sniper Rifle System,Small Arms,Land,Barrett M82 / Accuracy Int.,1290,On Order,Needs Repair,2018,6,23.95,30895.5,Domestic,Partial,Yes,2024,2028,86.9
2460,Netherlands,NLD,1949,Yes,Yes,Western Europe,Amsterdam,NBC Detection Vehicle,CBRN,Land,Fox / TPz Fuchs,1954,Decommissioning,Fair,2005,19,162.03,316606.62,Domestic,Yes,Yes,2006,2028,42.2
2461,Netherlands,NLD,1949,Yes,Yes,Western Europe,Amsterdam,NBC Detection Vehicle,CBRN,Land,Fox / TPz Fuchs,601,Reserve,Fair,2002,22,115.06,69151.06,Turkey,No,Yes,2011,2035,98.0
2462,Netherlands,NLD,1949,Yes,Yes,Western Europe,Amsterdam,NBC Detection Vehicle,CBRN,Land,Fox / TPz Fuchs,1660,Reserve,Needs Repair,2006,18,158.28,262744.8,Domestic,No,Yes,2015,2030,65.5
2463,Netherlands,NLD,1949,Yes,Yes,Western Europe,Amsterdam,Infantry Fighting Vehicle,Armored,Land,Bradley / Puma / AS-21,910,In Maintenance,End-of-Life,2004,20,27.7,25207.0,Domestic,Partial,No,2023,2029,84.2
2464,Netherlands,NLD,1949,Yes,Yes,Western Europe,Amsterdam,Infantry Fighting Vehicle,Armored,Land,Bradley / Puma / AS-21,184,On Order,Excellent,2014,10,50.89,9363.76,Israel,No,Yes,2024,2034,62.3
2465,Netherlands,NLD,1949,Yes,Yes,Western Europe,Amsterdam,Infantry Fighting Vehicle,Armored,Land,Bradley / Puma / AS-21,1142,Reserve,End-of-Life,1965,59,165.98,189549.16,Domestic,No,Yes,1971,2029,96.3
2466,Netherlands,NLD,1949,Yes,Yes,Western Europe,Amsterdam,Radar System,Electronics,Land,AN/TPY-2 / AN/MPQ-65,1779,Reserve,Excellent,1959,65,349.26,621333.54,Israel,Partial,No,2020,2031,91.3
2467,Netherlands,NLD,1949,Yes,Yes,Western Europe,Amsterdam,Radar System,Electronics,Land,AN/TPY-2 / AN/MPQ-65,1989,Operational,Excellent,1999,25,395.2,786052.8,France,Yes,Yes,2002,2033,67.5
2468,Netherlands,NLD,1949,Yes,Yes,Western Europe,Amsterdam,Radar System,Electronics,Land,AN/TPY-2 / AN/MPQ-65,968,Reserve,Needs Repair,1957,67,73.39,71041.52,USA,No,No,1994,2028,62.7
2469,Netherlands,NLD,1949,Yes,Yes,Western Europe,Amsterdam,Patrol Aircraft,Air Force,Air,P-8 Poseidon / Atlantic,581,On Order,End-of-Life,1996,28,342.61,199056.41,Germany,No,No,1998,2034,72.5
2470,Netherlands,NLD,1949,Yes,Yes,Western Europe,Amsterdam,Patrol Aircraft,Air Force,Air,P-8 Poseidon / Atlantic,381,Operational,Excellent,2015,9,402.68,153421.08,France,No,Yes,2019,2035,80.9
2471,Netherlands,NLD,1949,Yes,Yes,Western Europe,Amsterdam,Patrol Aircraft,Air Force,Air,P-8 Poseidon / Atlantic,573,Decommissioning,Good,2013,11,420.13,240734.49,Turkey,Partial,No,2022,2025,83.0
2472,Netherlands,NLD,1949,Yes,Yes,Western Europe,Amsterdam,Submarine (SSN),Naval,Sea,Virginia-class / Astute-class,1876,Decommissioning,Fair,1988,36,437.15,820093.4,Domestic,Yes,No,2012,2029,91.0
2473,Netherlands,NLD,1949,Yes,Yes,Western Europe,Amsterdam,Submarine (SSN),Naval,Sea,Virginia-class / Astute-class,1771,Upgrading,Good,2019,5,115.15,203930.65,Germany,Partial,No,2023,2035,90.5
2474,Netherlands,NLD,1949,Yes,Yes,Western Europe,Amsterdam,Submarine (SSN),Naval,Sea,Virginia-class / Astute-class,1032,On Order,Needs Repair,2013,11,252.29,260363.28,France,No,No,2023,2034,80.3
2475,Netherlands,NLD,1949,Yes,Yes,Western Europe,Amsterdam,Amphibious Assault Ship,Naval,Sea,USS America / HMS Albion,858,Upgrading,Good,1982,42,384.24,329677.92,Turkey,Partial,Yes,2002,2027,56.4
2476,Netherlands,NLD,1949,Yes,Yes,Western Europe,Amsterdam,Amphibious Assault Ship,Naval,Sea,USS America / HMS Albion,305,Operational,End-of-Life,1994,30,50.63,15442.15,Turkey,Yes,No,1998,2032,74.2
2477,Netherlands,NLD,1949,Yes,Yes,Western Europe,Amsterdam,Amphibious Assault Ship,Naval,Sea,USS America / HMS Albion,629,Upgrading,Needs Repair,2006,18,196.13,123365.77,Israel,Partial,No,2007,2035,76.6
2478,Netherlands,NLD,1949,Yes,Yes,Western Europe,Amsterdam,Combat Engineer Vehicle,Engineering,Land,M9 ACE / Leopard 2 AEV,248,In Maintenance,Needs Repair,1974,50,402.41,99797.68,UK,Yes,No,2010,2034,78.9
2479,Netherlands,NLD,1949,Yes,Yes,Western Europe,Amsterdam,Combat Engineer Vehicle,Engineering,Land,M9 ACE / Leopard 2 AEV,433,Decommissioning,Needs Repair,1964,60,202.02,87474.66,Domestic,Partial,No,1990,2031,59.1
2480,Netherlands,NLD,1949,Yes,Yes,Western Europe,Amsterdam,Combat Engineer Vehicle,Engineering,Land,M9 ACE / Leopard 2 AEV,241,On Order,Needs Repair,1953,71,282.94,68188.54,France,Partial,No,2015,2024,79.6
2481,Netherlands,NLD,1949,Yes,Yes,Western Europe,Amsterdam,Combat Engineer Vehicle,Engineering,Land,M9 ACE / Leopard 2 AEV,1754,Upgrading,Needs Repair,1985,39,353.4,619863.6,USA,No,Yes,2007,2031,90.7
2482,Netherlands,NLD,1949,Yes,Yes,Western Europe,Amsterdam,Electronic Warfare System,Electronics,Land,JAMMER / Krasukha,1936,Reserve,Excellent,1957,67,61.08,118250.88,USA,No,No,1993,2028,77.0
2483,Netherlands,NLD,1949,Yes,Yes,Western Europe,Amsterdam,Electronic Warfare System,Electronics,Land,JAMMER / Krasukha,75,Reserve,Good,2018,6,144.66,10849.5,Italy,No,Yes,2021,2028,96.9
2484,Netherlands,NLD,1949,Yes,Yes,Western Europe,Amsterdam,Electronic Warfare System,Electronics,Land,JAMMER / Krasukha,549,Reserve,Fair,2020,4,121.45,66676.05,Turkey,No,No,2021,2027,89.6
2485,Netherlands,NLD,1949,Yes,Yes,Western Europe,Amsterdam,Light Tank,Armored,Land,CV90105 / AMX-10RC,558,Reserve,Excellent,1973,51,1.95,1088.1,Italy,Yes,Yes,2016,2031,49.6
2486,Netherlands,NLD,1949,Yes,Yes,Western Europe,Amsterdam,Light Tank,Armored,Land,CV90105 / AMX-10RC,1903,On Order,Good,2010,14,59.27,112790.81,Turkey,No,No,2020,2032,92.8
2487,Netherlands,NLD,1949,Yes,Yes,Western Europe,Amsterdam,Light Tank,Armored,Land,CV90105 / AMX-10RC,1021,Decommissioning,End-of-Life,1957,67,426.07,435017.47,UK,Yes,No,2008,2024,54.1
2488,Netherlands,NLD,1949,Yes,Yes,Western Europe,Amsterdam,Light Tank,Armored,Land,CV90105 / AMX-10RC,1896,Decommissioning,Excellent,2004,20,365.02,692077.92,Germany,No,No,2013,2028,72.4
2489,Netherlands,NLD,1949,Yes,Yes,Western Europe,Amsterdam,Fighter Jet,Air Force,Air,F-16 / Gripen / Typhoon,1854,Reserve,Excellent,1986,38,88.85,164727.9,Domestic,No,No,1992,2030,61.3
2490,Netherlands,NLD,1949,Yes,Yes,Western Europe,Amsterdam,Fighter Jet,Air Force,Air,F-16 / Gripen / Typhoon,981,Upgrading,End-of-Life,2013,11,391.87,384424.47,UK,Yes,No,2020,2025,65.2
2491,Netherlands,NLD,1949,Yes,Yes,Western Europe,Amsterdam,Fighter Jet,Air Force,Air,F-16 / Gripen / Typhoon,591,Decommissioning,Excellent,2022,2,447.74,264614.34,Israel,Yes,No,2024,2029,41.3
2492,Netherlands,NLD,1949,Yes,Yes,Western Europe,Amsterdam,Fighter Jet,Air Force,Air,F-16 / Gripen / Typhoon,1714,Reserve,End-of-Life,2010,14,361.37,619388.18,Germany,No,Yes,2011,2030,76.3
2493,Netherlands,NLD,1949,Yes,Yes,Western Europe,Amsterdam,Transport Helicopter,Aviation,Air,CH-47 Chinook / NH90,876,Upgrading,End-of-Life,2010,14,238.81,209197.56,Multi-National,Yes,Yes,2010,2031,80.1
2494,Netherlands,NLD,1949,Yes,Yes,Western Europe,Amsterdam,Transport Helicopter,Aviation,Air,CH-47 Chinook / NH90,45,In Maintenance,Fair,2017,7,28.96,1303.2,Domestic,Yes,Yes,2024,2028,53.9
2495,Netherlands,NLD,1949,Yes,Yes,Western Europe,Amsterdam,Transport Helicopter,Aviation,Air,CH-47 Chinook / NH90,1704,On Order,Good,2005,19,258.61,440671.44,UK,Partial,No,2008,2032,40.2
2496,Netherlands,NLD,1949,Yes,Yes,Western Europe,Amsterdam,Field Hospital,Medical,Support,Role 2 / Role 3 Hospital,778,Decommissioning,End-of-Life,2023,1,287.6,223752.8,USA,Yes,Yes,2024,2030,94.0
2497,Netherlands,NLD,1949,Yes,Yes,Western Europe,Amsterdam,Field Hospital,Medical,Support,Role 2 / Role 3 Hospital,82,Operational,End-of-Life,1981,43,31.14,2553.48,Germany,Partial,No,2019,2025,55.8
2498,Netherlands,NLD,1949,Yes,Yes,Western Europe,Amsterdam,Field Hospital,Medical,Support,Role 2 / Role 3 Hospital,1875,Operational,Excellent,1995,29,265.76,498300.0,Germany,Yes,Yes,2021,2027,73.7
2499,Netherlands,NLD,1949,Yes,Yes,Western Europe,Amsterdam,Field Hospital,Medical,Support,Role 2 / Role 3 Hospital,1857,Decommissioning,Needs Repair,1957,67,446.75,829614.75,Israel,Partial,No,1989,2026,53.0
2500,Netherlands,NLD,1949,Yes,Yes,Western Europe,Amsterdam,Main Battle Tank,Armored,Land,M1 Abrams / Leopard 2 / Challenger 3,1695,In Maintenance,Needs Repair,1974,50,251.15,425699.25,Italy,Partial,No,1984,2032,70.0
2501,Netherlands,NLD,1949,Yes,Yes,Western Europe,Amsterdam,Main Battle Tank,Armored,Land,M1 Abrams / Leopard 2 / Challenger 3,790,Upgrading,Good,1981,43,213.58,168728.2,UK,Partial,No,1984,2035,54.6
2502,Netherlands,NLD,1949,Yes,Yes,Western Europe,Amsterdam,Main Battle Tank,Armored,Land,M1 Abrams / Leopard 2 / Challenger 3,1673,Upgrading,Good,1972,52,393.45,658241.85,USA,No,Yes,2024,2025,64.0
2503,Netherlands,NLD,1949,Yes,Yes,Western Europe,Amsterdam,Mine Countermeasure Vessel,Naval,Sea,Hunt-class / Alkmaar,97,In Maintenance,Needs Repair,1992,32,158.95,15418.15,Turkey,Partial,Yes,2009,2034,78.0
2504,Netherlands,NLD,1949,Yes,Yes,Western Europe,Amsterdam,Mine Countermeasure Vessel,Naval,Sea,Hunt-class / Alkmaar,1385,Upgrading,Good,2015,9,111.11,153887.35,Israel,Partial,No,2022,2033,93.0
2505,Netherlands,NLD,1949,Yes,Yes,Western Europe,Amsterdam,Mine Countermeasure Vessel,Naval,Sea,Hunt-class / Alkmaar,1504,Decommissioning,End-of-Life,2015,9,395.92,595463.68,UK,Partial,Yes,2017,2032,98.0
2506,Netherlands,NLD,1949,Yes,Yes,Western Europe,Amsterdam,Towed Howitzer,Artillery,Land,M777 / FH70 / D-30,341,Reserve,Needs Repair,2014,10,219.67,74907.47,Multi-National,No,Yes,2014,2028,41.1
2507,Netherlands,NLD,1949,Yes,Yes,Western Europe,Amsterdam,Towed Howitzer,Artillery,Land,M777 / FH70 / D-30,779,Decommissioning,Needs Repair,1971,53,268.77,209371.83,Italy,Yes,No,1977,2035,59.0
2508,Netherlands,NLD,1949,Yes,Yes,Western Europe,Amsterdam,Towed Howitzer,Artillery,Land,M777 / FH70 / D-30,453,Operational,Good,1959,65,299.74,135782.22,Domestic,No,Yes,1992,2025,82.2
2509,Netherlands,NLD,1949,Yes,Yes,Western Europe,Amsterdam,Strategic Transport Aircraft,Air Force,Air,C-17 / A400M / C-130,944,In Maintenance,End-of-Life,1963,61,255.27,240974.88,UK,Yes,Yes,1992,2024,99.2
2510,Netherlands,NLD,1949,Yes,Yes,Western Europe,Amsterdam,Strategic Transport Aircraft,Air Force,Air,C-17 / A400M / C-130,370,Decommissioning,Excellent,2004,20,164.3,60791.0,UK,Partial,No,2011,2029,59.0
2511,Netherlands,NLD,1949,Yes,Yes,Western Europe,Amsterdam,Ground Attack Aircraft,Air Force,Air,A-10 / Tornado IDS,1194,Operational,Excellent,1976,48,166.83,199195.02,Domestic,Yes,No,2008,2028,62.1
2512,Netherlands,NLD,1949,Yes,Yes,Western Europe,Amsterdam,Ground Attack Aircraft,Air Force,Air,A-10 / Tornado IDS,909,Operational,Good,1978,46,429.5,390415.5,Turkey,Yes,Yes,2024,2035,82.9
2513,Netherlands,NLD,1949,Yes,Yes,Western Europe,Amsterdam,Strategic Bomber,Air Force,Air,B-52 / B-2 Spirit,1421,In Maintenance,Excellent,2009,15,124.22,176516.62,Turkey,No,No,2009,2031,99.8
2514,Netherlands,NLD,1949,Yes,Yes,Western Europe,Amsterdam,Strategic Bomber,Air Force,Air,B-52 / B-2 Spirit,15,On Order,Needs Repair,1973,51,424.7,6370.5,France,No,Yes,1988,2033,68.8
2515,Netherlands,NLD,1949,Yes,Yes,Western Europe,Amsterdam,Strategic Bomber,Air Force,Air,B-52 / B-2 Spirit,1299,Operational,Excellent,1955,69,38.0,49362.0,UK,Partial,Yes,2007,2026,44.6
2516,Netherlands,NLD,1949,Yes,Yes,Western Europe,Amsterdam,Strategic Bomber,Air Force,Air,B-52 / B-2 Spirit,1638,In Maintenance,Good,2020,4,277.65,454790.7,UK,Yes,Yes,2023,2025,52.5
2517,Netherlands,NLD,1949,Yes,Yes,Western Europe,Amsterdam,Short-Range Air Defense,Air Defense,Land,SHORAD / Gepard / Stinger,687,Decommissioning,Needs Repair,1984,40,380.99,261740.13,Israel,Yes,Yes,2004,2025,98.5
2518,Netherlands,NLD,1949,Yes,Yes,Western Europe,Amsterdam,Short-Range Air Defense,Air Defense,Land,SHORAD / Gepard / Stinger,556,On Order,Excellent,1981,43,153.96,85601.76,UK,No,Yes,1985,2032,82.6
2519,Netherlands,NLD,1949,Yes,Yes,Western Europe,Amsterdam,Short-Range Air Defense,Air Defense,Land,SHORAD / Gepard / Stinger,65,Reserve,Excellent,1954,70,430.61,27989.65,USA,No,Yes,1962,2035,46.7
2520,Netherlands,NLD,1949,Yes,Yes,Western Europe,Amsterdam,Anti-Aircraft Gun,Air Defense,Land,Oerlikon 35mm / ZU-23,1253,In Maintenance,Needs Repair,2002,22,26.62,33354.86,Israel,Partial,Yes,2024,2028,87.7
2521,Netherlands,NLD,1949,Yes,Yes,Western Europe,Amsterdam,Anti-Aircraft Gun,Air Defense,Land,Oerlikon 35mm / ZU-23,1551,Decommissioning,Needs Repair,2013,11,448.51,695639.01,Israel,Yes,No,2017,2032,90.5
2522,Netherlands,NLD,1949,Yes,Yes,Western Europe,Amsterdam,Anti-Aircraft Gun,Air Defense,Land,Oerlikon 35mm / ZU-23,682,Upgrading,Fair,1998,26,67.78,46225.96,Domestic,No,Yes,2003,2028,64.0
2523,Netherlands,NLD,1949,Yes,Yes,Western Europe,Amsterdam,Logistics Truck (Heavy),Logistics,Support,HEMTT / MAN HX,1552,Reserve,End-of-Life,1957,67,174.36,270606.72,Israel,Yes,No,2000,2028,92.7
2524,Netherlands,NLD,1949,Yes,Yes,Western Europe,Amsterdam,Logistics Truck (Heavy),Logistics,Support,HEMTT / MAN HX,1514,Upgrading,Excellent,2016,8,72.13,109204.82,USA,No,Yes,2022,2024,62.1
2525,Netherlands,NLD,1949,Yes,Yes,Western Europe,Amsterdam,Logistics Truck (Heavy),Logistics,Support,HEMTT / MAN HX,1141,Decommissioning,Needs Repair,1952,72,426.29,486396.89,Italy,No,No,1957,2032,50.2
2526,Netherlands,NLD,1949,Yes,Yes,Western Europe,Amsterdam,Ammunition Supply Vehicle,Logistics,Support,PLS / DROPS,1513,Reserve,Excellent,2020,4,171.95,260160.35,UK,No,No,2020,2028,94.3
2527,Netherlands,NLD,1949,Yes,Yes,Western Europe,Amsterdam,Ammunition Supply Vehicle,Logistics,Support,PLS / DROPS,573,Reserve,Good,1967,57,281.05,161041.65,Israel,No,Yes,2000,2032,43.6
2528,Netherlands,NLD,1949,Yes,Yes,Western Europe,Amsterdam,Ammunition Supply Vehicle,Logistics,Support,PLS / DROPS,711,Operational,Good,1955,69,29.63,21066.93,Turkey,Partial,No,1977,2030,70.5
2529,Netherlands,NLD,1949,Yes,Yes,Western Europe,Amsterdam,Anti-Drone System,Air Defense,Land,DroneShield / AUDS / Skyfend,1942,In Maintenance,Fair,2006,18,19.83,38509.86,USA,No,Yes,2015,2026,92.4
2530,Netherlands,NLD,1949,Yes,Yes,Western Europe,Amsterdam,Anti-Drone System,Air Defense,Land,DroneShield / AUDS / Skyfend,1900,Upgrading,End-of-Life,1950,74,200.66,381254.0,USA,No,Yes,1955,2030,72.0
2531,Netherlands,NLD,1949,Yes,Yes,Western Europe,Amsterdam,Anti-Drone System,Air Defense,Land,DroneShield / AUDS / Skyfend,1848,Reserve,End-of-Life,1983,41,99.37,183635.76,Turkey,Yes,Yes,2021,2035,79.0
2532,Netherlands,NLD,1949,Yes,Yes,Western Europe,Amsterdam,Anti-Drone System,Air Defense,Land,DroneShield / AUDS / Skyfend,959,Operational,Excellent,2000,24,185.3,177702.7,Italy,No,Yes,2014,2025,59.3
2533,Netherlands,NLD,1949,Yes,Yes,Western Europe,Amsterdam,Tanker Aircraft,Air Force,Air,KC-135 / A330 MRTT,1633,Operational,Needs Repair,2013,11,194.87,318222.71,Italy,Yes,Yes,2013,2031,94.7
2534,Netherlands,NLD,1949,Yes,Yes,Western Europe,Amsterdam,Tanker Aircraft,Air Force,Air,KC-135 / A330 MRTT,1135,Reserve,Fair,1982,42,80.97,91900.95,Italy,No,No,1988,2032,77.4
2535,Netherlands,NLD,1949,Yes,Yes,Western Europe,Amsterdam,Aircraft Carrier,Naval,Sea,Gerald R. Ford / Queen Elizabeth,989,Upgrading,Good,1955,69,195.34,193191.26,USA,Partial,Yes,1977,2032,85.5
2536,Netherlands,NLD,1949,Yes,Yes,Western Europe,Amsterdam,Aircraft Carrier,Naval,Sea,Gerald R. Ford / Queen Elizabeth,615,Operational,End-of-Life,1965,59,116.9,71893.5,Germany,Yes,No,1975,2031,97.0
2537,Netherlands,NLD,1949,Yes,Yes,Western Europe,Amsterdam,Aircraft Carrier,Naval,Sea,Gerald R. Ford / Queen Elizabeth,1528,Decommissioning,Good,1996,28,280.16,428084.48,France,No,No,2004,2035,43.3
2538,Netherlands,NLD,1949,Yes,Yes,Western Europe,Amsterdam,UAV / Drone,Air Force,Air,MQ-9 Reaper / Bayraktar TB2,1390,On Order,Excellent,2023,1,46.47,64593.3,Italy,Partial,No,2024,2035,67.9
2539,Netherlands,NLD,1949,Yes,Yes,Western Europe,Amsterdam,UAV / Drone,Air Force,Air,MQ-9 Reaper / Bayraktar TB2,1800,Decommissioning,End-of-Life,2000,24,266.11,478998.0,Domestic,Yes,Yes,2021,2026,60.5
2540,Netherlands,NLD,1949,Yes,Yes,Western Europe,Amsterdam,UAV / Drone,Air Force,Air,MQ-9 Reaper / Bayraktar TB2,831,In Maintenance,Needs Repair,1966,58,27.84,23135.04,USA,Partial,Yes,2021,2032,72.3
2541,Netherlands,NLD,1949,Yes,Yes,Western Europe,Amsterdam,UAV / Drone,Air Force,Air,MQ-9 Reaper / Bayraktar TB2,306,On Order,Excellent,1995,29,221.15,67671.9,USA,No,Yes,2017,2024,84.0
2542,Netherlands,NLD,1949,Yes,Yes,Western Europe,Amsterdam,Submarine (SSK),Naval,Sea,Type 212 / Gotland,1473,In Maintenance,Fair,1980,44,206.23,303776.79,Italy,Partial,No,2019,2025,59.1
2543,Netherlands,NLD,1949,Yes,Yes,Western Europe,Amsterdam,Submarine (SSK),Naval,Sea,Type 212 / Gotland,803,Operational,Needs Repair,2006,18,404.61,324901.83,Israel,Yes,No,2017,2032,91.5
2544,Netherlands,NLD,1949,Yes,Yes,Western Europe,Amsterdam,Submarine (SSK),Naval,Sea,Type 212 / Gotland,1893,Operational,Good,1974,50,173.9,329192.7,Italy,Yes,No,2006,2031,51.3
2545,Netherlands,NLD,1949,Yes,Yes,Western Europe,Amsterdam,Ballistic Missile Defense,Strategic,Land,THAAD / Aegis Ashore,1659,In Maintenance,Fair,1957,67,278.66,462296.94,UK,No,Yes,1959,2030,76.8
2546,Netherlands,NLD,1949,Yes,Yes,Western Europe,Amsterdam,Ballistic Missile Defense,Strategic,Land,THAAD / Aegis Ashore,39,Upgrading,Good,2006,18,251.84,9821.76,Multi-National,No,Yes,2023,2027,78.1
2547,Netherlands,NLD,1949,Yes,Yes,Western Europe,Amsterdam,Patrol Vessel,Naval,Sea,OPV / Fast Attack Craft,1828,Operational,Excellent,1965,59,339.72,621008.16,Israel,No,No,1999,2028,70.9
2548,Netherlands,NLD,1949,Yes,Yes,Western Europe,Amsterdam,Patrol Vessel,Naval,Sea,OPV / Fast Attack Craft,1968,Decommissioning,Good,1980,44,383.32,754373.76,Domestic,Yes,No,2007,2024,53.5
2549,Netherlands,NLD,1949,Yes,Yes,Western Europe,Amsterdam,Patrol Vessel,Naval,Sea,OPV / Fast Attack Craft,1664,On Order,Needs Repair,1990,34,376.53,626545.92,Domestic,Partial,No,1992,2030,56.5
2550,Netherlands,NLD,1949,Yes,Yes,Western Europe,Amsterdam,Mortar System,Artillery,Land,M120 / AMOS,503,Operational,Fair,2010,14,168.15,84579.45,UK,No,Yes,2020,2029,84.8
2551,Netherlands,NLD,1949,Yes,Yes,Western Europe,Amsterdam,Mortar System,Artillery,Land,M120 / AMOS,1684,Upgrading,Excellent,1981,43,26.43,44508.12,Germany,No,Yes,1991,2031,65.5
2552,Netherlands,NLD,1949,Yes,Yes,Western Europe,Amsterdam,Mortar System,Artillery,Land,M120 / AMOS,756,Operational,Excellent,1964,60,449.01,339451.56,Italy,Partial,Yes,2021,2025,93.6
2553,Netherlands,NLD,1949,Yes,Yes,Western Europe,Amsterdam,Mortar System,Artillery,Land,M120 / AMOS,1119,Reserve,Fair,1991,33,412.04,461072.76,Turkey,Yes,Yes,2009,2026,69.0
2554,Netherlands,NLD,1949,Yes,Yes,Western Europe,Amsterdam,Anti-Tank Missile System,Anti-Armor,Land,Javelin / SPIKE / Milan,785,Decommissioning,Fair,1970,54,229.98,180534.3,Domestic,No,Yes,1992,2029,53.4
2555,Netherlands,NLD,1949,Yes,Yes,Western Europe,Amsterdam,Anti-Tank Missile System,Anti-Armor,Land,Javelin / SPIKE / Milan,28,Decommissioning,Fair,1997,27,312.21,8741.88,USA,No,No,1998,2025,51.3
2556,Netherlands,NLD,1949,Yes,Yes,Western Europe,Amsterdam,Self-Propelled Howitzer,Artillery,Land,PzH 2000 / K9 Thunder / Caesar,519,Upgrading,End-of-Life,2009,15,36.74,19068.06,Multi-National,No,No,2009,2035,61.7
2557,Netherlands,NLD,1949,Yes,Yes,Western Europe,Amsterdam,Self-Propelled Howitzer,Artillery,Land,PzH 2000 / K9 Thunder / Caesar,428,On Order,Fair,1965,59,394.82,168982.96,USA,Partial,Yes,1987,2035,45.5
2558,Netherlands,NLD,1949,Yes,Yes,Western Europe,Amsterdam,Satellite Terminal,Communications,Digital,SATCOM / JTRS,210,On Order,Excellent,1966,58,10.42,2188.2,Turkey,No,Yes,1983,2035,98.5
2559,Netherlands,NLD,1949,Yes,Yes,Western Europe,Amsterdam,Satellite Terminal,Communications,Digital,SATCOM / JTRS,140,Decommissioning,Good,1992,32,192.81,26993.4,France,Yes,No,2018,2035,77.4
2560,Netherlands,NLD,1949,Yes,Yes,Western Europe,Amsterdam,Satellite Terminal,Communications,Digital,SATCOM / JTRS,1608,Decommissioning,Fair,1998,26,253.01,406840.08,Turkey,Yes,No,2024,2033,52.2
2561,Netherlands,NLD,1949,Yes,Yes,Western Europe,Amsterdam,Destroyer,Naval,Sea,Arleigh Burke / Type 45,1918,In Maintenance,Good,1969,55,303.64,582381.52,Domestic,No,Yes,1992,2030,51.9
2562,Netherlands,NLD,1949,Yes,Yes,Western Europe,Amsterdam,Destroyer,Naval,Sea,Arleigh Burke / Type 45,1663,In Maintenance,Fair,1955,69,197.8,328941.4,USA,Yes,No,1981,2033,90.6
2563,Netherlands,NLD,1949,Yes,Yes,Western Europe,Amsterdam,Destroyer,Naval,Sea,Arleigh Burke / Type 45,1262,Reserve,End-of-Life,1961,63,62.04,78294.48,USA,Partial,Yes,2016,2030,74.7
2564,Netherlands,NLD,1949,Yes,Yes,Western Europe,Amsterdam,Destroyer,Naval,Sea,Arleigh Burke / Type 45,1783,In Maintenance,Needs Repair,1974,50,194.09,346062.47,Italy,Partial,Yes,1979,2034,58.3
2565,Netherlands,NLD,1949,Yes,Yes,Western Europe,Amsterdam,Armored Reconnaissance Vehicle,Armored,Land,Fennek / Fuchs,1985,Decommissioning,Fair,1990,34,312.0,619320.0,Italy,No,Yes,2013,2024,85.2
2566,Netherlands,NLD,1949,Yes,Yes,Western Europe,Amsterdam,Armored Reconnaissance Vehicle,Armored,Land,Fennek / Fuchs,1197,Reserve,Needs Repair,1990,34,446.51,534472.47,France,Partial,Yes,2024,2031,77.0
2567,Netherlands,NLD,1949,Yes,Yes,Western Europe,Amsterdam,Armored Reconnaissance Vehicle,Armored,Land,Fennek / Fuchs,1187,In Maintenance,Good,2011,13,394.89,468734.43,Domestic,Yes,Yes,2011,2028,49.3
2568,Netherlands,NLD,1949,Yes,Yes,Western Europe,Amsterdam,Armored Reconnaissance Vehicle,Armored,Land,Fennek / Fuchs,1690,In Maintenance,End-of-Life,1976,48,108.68,183669.2,Multi-National,Partial,Yes,1982,2034,74.1
2569,Netherlands,NLD,1949,Yes,Yes,Western Europe,Amsterdam,Logistics Support Vessel,Naval,Sea,Supply / Berlin-class,1575,Decommissioning,Good,1968,56,146.32,230454.0,Turkey,Yes,No,1968,2024,86.6
2570,Netherlands,NLD,1949,Yes,Yes,Western Europe,Amsterdam,Logistics Support Vessel,Naval,Sea,Supply / Berlin-class,504,Upgrading,Needs Repair,2019,5,412.65,207975.6,Multi-National,No,No,2019,2031,79.1
2571,Netherlands,NLD,1949,Yes,Yes,Western Europe,Amsterdam,Multirole Aircraft,Air Force,Air,F-35 / Rafale / F/A-18,89,Upgrading,End-of-Life,1970,54,209.12,18611.68,Israel,No,Yes,1996,2032,41.7
2572,Netherlands,NLD,1949,Yes,Yes,Western Europe,Amsterdam,Multirole Aircraft,Air Force,Air,F-35 / Rafale / F/A-18,422,Operational,End-of-Life,2012,12,87.49,36920.78,Multi-National,Yes,Yes,2015,2024,73.8
2573,Netherlands,NLD,1949,Yes,Yes,Western Europe,Amsterdam,Multirole Aircraft,Air Force,Air,F-35 / Rafale / F/A-18,62,Decommissioning,End-of-Life,1961,63,274.11,16994.82,Germany,No,No,2024,2024,77.8
2574,Netherlands,NLD,1949,Yes,Yes,Western Europe,Amsterdam,AWACS Aircraft,Air Force,Air,E-3 Sentry / E-7A,743,Upgrading,Good,1962,62,235.88,175258.84,USA,Yes,No,2015,2027,64.2
2575,Netherlands,NLD,1949,Yes,Yes,Western Europe,Amsterdam,AWACS Aircraft,Air Force,Air,E-3 Sentry / E-7A,1082,On Order,Excellent,1972,52,227.72,246393.04,Israel,Partial,No,1972,2024,62.7
2576,Netherlands,NLD,1949,Yes,Yes,Western Europe,Amsterdam,AWACS Aircraft,Air Force,Air,E-3 Sentry / E-7A,1812,Decommissioning,End-of-Life,2001,23,384.16,696097.92,USA,Yes,No,2019,2024,58.7
2577,Netherlands,NLD,1949,Yes,Yes,Western Europe,Amsterdam,Corvette,Naval,Sea,Skjold / Visby / Burak,758,Reserve,Needs Repair,1971,53,245.16,185831.28,Italy,Partial,Yes,1998,2032,86.5
2578,Netherlands,NLD,1949,Yes,Yes,Western Europe,Amsterdam,Corvette,Naval,Sea,Skjold / Visby / Burak,1389,In Maintenance,Fair,2007,17,268.75,373293.75,USA,Partial,No,2021,2024,53.0
2579,North Macedonia,MKD,2020,No,No,Southern Europe,Skopje,Amphibious Assault Ship,Naval,Sea,USS America / HMS Albion,1034,Upgrading,Needs Repair,2020,4,190.35,196821.9,UK,Yes,No,2024,2033,68.5
2580,North Macedonia,MKD,2020,No,No,Southern Europe,Skopje,Amphibious Assault Ship,Naval,Sea,USS America / HMS Albion,1402,Operational,End-of-Life,2022,2,100.55,140971.1,Turkey,Partial,Yes,2024,2027,66.7
2581,North Macedonia,MKD,2020,No,No,Southern Europe,Skopje,Amphibious Assault Ship,Naval,Sea,USS America / HMS Albion,356,In Maintenance,Needs Repair,2022,2,317.86,113158.16,USA,Yes,No,2024,2032,71.6
2582,North Macedonia,MKD,2020,No,No,Southern Europe,Skopje,Amphibious Assault Ship,Naval,Sea,USS America / HMS Albion,49,Operational,Fair,2022,2,446.83,21894.67,Italy,No,Yes,2022,2034,84.0
2583,North Macedonia,MKD,2020,No,No,Southern Europe,Skopje,Armored Personnel Carrier,Armored,Land,M113 / Boxer / BTR-80,1465,In Maintenance,Excellent,2020,4,128.03,187563.95,Turkey,Partial,No,2023,2026,56.2
2584,North Macedonia,MKD,2020,No,No,Southern Europe,Skopje,Armored Personnel Carrier,Armored,Land,M113 / Boxer / BTR-80,1218,On Order,Fair,2024,0,124.36,151470.48,France,Yes,Yes,2024,2032,49.5
2585,North Macedonia,MKD,2020,No,No,Southern Europe,Skopje,Patrol Vessel,Naval,Sea,OPV / Fast Attack Craft,1481,Decommissioning,Needs Repair,2020,4,158.66,234975.46,Israel,No,Yes,2020,2032,58.5
2586,North Macedonia,MKD,2020,No,No,Southern Europe,Skopje,Patrol Vessel,Naval,Sea,OPV / Fast Attack Craft,30,On Order,Needs Repair,2023,1,234.62,7038.6,UK,Yes,Yes,2024,2031,66.9
2587,North Macedonia,MKD,2020,No,No,Southern Europe,Skopje,Anti-Aircraft Gun,Air Defense,Land,Oerlikon 35mm / ZU-23,1989,Decommissioning,End-of-Life,2023,1,62.94,125187.66,Turkey,Partial,No,2024,2029,77.8
2588,North Macedonia,MKD,2020,No,No,Southern Europe,Skopje,Anti-Aircraft Gun,Air Defense,Land,Oerlikon 35mm / ZU-23,649,Reserve,Good,2022,2,298.96,194025.04,UK,No,No,2023,2031,50.5
2589,North Macedonia,MKD,2020,No,No,Southern Europe,Skopje,Anti-Aircraft Gun,Air Defense,Land,Oerlikon 35mm / ZU-23,367,Upgrading,Good,2024,0,273.39,100334.13,Germany,Partial,No,2024,2033,56.3
2590,North Macedonia,MKD,2020,No,No,Southern Europe,Skopje,Ground Attack Aircraft,Air Force,Air,A-10 / Tornado IDS,1366,Reserve,Excellent,2020,4,44.95,61401.7,France,Partial,Yes,2023,2035,95.4
2591,North Macedonia,MKD,2020,No,No,Southern Europe,Skopje,Ground Attack Aircraft,Air Force,Air,A-10 / Tornado IDS,479,Decommissioning,End-of-Life,2024,0,183.52,87906.08,France,Yes,Yes,2024,2032,79.9
2592,North Macedonia,MKD,2020,No,No,Southern Europe,Skopje,Ground Attack Aircraft,Air Force,Air,A-10 / Tornado IDS,1242,In Maintenance,Fair,2024,0,175.93,218505.06,UK,No,No,2024,2033,64.7
2593,North Macedonia,MKD,2020,No,No,Southern Europe,Skopje,Ballistic Missile Defense,Strategic,Land,THAAD / Aegis Ashore,179,Upgrading,Fair,2020,4,102.38,18326.02,Turkey,No,Yes,2024,2028,52.0
2594,North Macedonia,MKD,2020,No,No,Southern Europe,Skopje,Ballistic Missile Defense,Strategic,Land,THAAD / Aegis Ashore,1336,Decommissioning,Good,2020,4,317.86,424660.96,Israel,Yes,No,2021,2034,61.9
2595,North Macedonia,MKD,2020,No,No,Southern Europe,Skopje,Ballistic Missile Defense,Strategic,Land,THAAD / Aegis Ashore,1328,On Order,Excellent,2023,1,14.64,19441.92,Germany,No,No,2024,2030,78.1
2596,North Macedonia,MKD,2020,No,No,Southern Europe,Skopje,Main Battle Tank,Armored,Land,M1 Abrams / Leopard 2 / Challenger 3,1201,Decommissioning,Excellent,2023,1,34.42,41338.42,USA,Yes,Yes,2023,2030,63.5
2597,North Macedonia,MKD,2020,No,No,Southern Europe,Skopje,Main Battle Tank,Armored,Land,M1 Abrams / Leopard 2 / Challenger 3,1711,Reserve,Fair,2024,0,392.92,672286.12,UK,Partial,Yes,2024,2024,45.8
2598,North Macedonia,MKD,2020,No,No,Southern Europe,Skopje,Radar System,Electronics,Land,AN/TPY-2 / AN/MPQ-65,1782,In Maintenance,Needs Repair,2022,2,384.47,685125.54,UK,Partial,Yes,2022,2034,58.9
2599,North Macedonia,MKD,2020,No,No,Southern Europe,Skopje,Radar System,Electronics,Land,AN/TPY-2 / AN/MPQ-65,1684,On Order,End-of-Life,2021,3,153.27,258106.68,Multi-National,No,Yes,2021,2031,86.3
2600,North Macedonia,MKD,2020,No,No,Southern Europe,Skopje,Radar System,Electronics,Land,AN/TPY-2 / AN/MPQ-65,408,Upgrading,Fair,2021,3,49.5,20196.0,Israel,Partial,Yes,2021,2035,66.8
2601,North Macedonia,MKD,2020,No,No,Southern Europe,Skopje,Radar System,Electronics,Land,AN/TPY-2 / AN/MPQ-65,1286,Upgrading,Excellent,2024,0,305.6,393001.6,USA,No,Yes,2024,2034,94.7
2602,North Macedonia,MKD,2020,No,No,Southern Europe,Skopje,Mine Countermeasure Vessel,Naval,Sea,Hunt-class / Alkmaar,1311,Operational,Needs Repair,2021,3,161.24,211385.64,UK,Yes,Yes,2024,2030,94.4
2603,North Macedonia,MKD,2020,No,No,Southern Europe,Skopje,Mine Countermeasure Vessel,Naval,Sea,Hunt-class / Alkmaar,528,Decommissioning,Fair,2021,3,139.9,73867.2,Israel,No,Yes,2024,2034,81.1
2604,North Macedonia,MKD,2020,No,No,Southern Europe,Skopje,Patrol Aircraft,Air Force,Air,P-8 Poseidon / Atlantic,126,Reserve,Needs Repair,2022,2,437.93,55179.18,Turkey,Partial,No,2022,2025,99.7
2605,North Macedonia,MKD,2020,No,No,Southern Europe,Skopje,Patrol Aircraft,Air Force,Air,P-8 Poseidon / Atlantic,32,On Order,End-of-Life,2021,3,229.0,7328.0,Italy,Yes,No,2023,2029,75.9
2606,North Macedonia,MKD,2020,No,No,Southern Europe,Skopje,Patrol Aircraft,Air Force,Air,P-8 Poseidon / Atlantic,1845,Reserve,End-of-Life,2024,0,222.35,410235.75,Germany,Yes,No,2024,2034,60.6
2607,North Macedonia,MKD,2020,No,No,Southern Europe,Skopje,Ammunition Supply Vehicle,Logistics,Support,PLS / DROPS,337,In Maintenance,Good,2024,0,332.12,111924.44,Domestic,Yes,No,2024,2035,53.8
2608,North Macedonia,MKD,2020,No,No,Southern Europe,Skopje,Ammunition Supply Vehicle,Logistics,Support,PLS / DROPS,1866,In Maintenance,End-of-Life,2021,3,282.42,526995.72,Turkey,No,No,2023,2034,86.4
2609,North Macedonia,MKD,2020,No,No,Southern Europe,Skopje,Ammunition Supply Vehicle,Logistics,Support,PLS / DROPS,467,In Maintenance,End-of-Life,2021,3,349.18,163067.06,UK,No,No,2024,2031,81.5
2610,North Macedonia,MKD,2020,No,No,Southern Europe,Skopje,Combat Engineer Vehicle,Engineering,Land,M9 ACE / Leopard 2 AEV,580,Upgrading,Needs Repair,2020,4,133.07,77180.6,Germany,No,No,2022,2033,68.8
2611,North Macedonia,MKD,2020,No,No,Southern Europe,Skopje,Combat Engineer Vehicle,Engineering,Land,M9 ACE / Leopard 2 AEV,1613,Reserve,Excellent,2024,0,95.38,153847.94,Domestic,No,No,2024,2024,41.9
2612,North Macedonia,MKD,2020,No,No,Southern Europe,Skopje,Combat Engineer Vehicle,Engineering,Land,M9 ACE / Leopard 2 AEV,1174,Reserve,Good,2023,1,251.79,295601.46,Multi-National,Yes,Yes,2023,2030,78.1
2613,North Macedonia,MKD,2020,No,No,Southern Europe,Skopje,Combat Engineer Vehicle,Engineering,Land,M9 ACE / Leopard 2 AEV,270,In Maintenance,Needs Repair,2020,4,58.34,15751.8,Italy,Partial,No,2024,2031,98.1
2614,North Macedonia,MKD,2020,No,No,Southern Europe,Skopje,Sniper Rifle System,Small Arms,Land,Barrett M82 / Accuracy Int.,1983,Decommissioning,Excellent,2021,3,128.24,254299.92,Domestic,No,No,2024,2033,74.3
2615,North Macedonia,MKD,2020,No,No,Southern Europe,Skopje,Sniper Rifle System,Small Arms,Land,Barrett M82 / Accuracy Int.,183,Decommissioning,Fair,2022,2,345.28,63186.24,France,No,No,2023,2029,97.6
2616,North Macedonia,MKD,2020,No,No,Southern Europe,Skopje,Frigate,Naval,Sea,FREMM / Type 23 / FREMM,303,Reserve,Fair,2021,3,129.43,39217.29,Domestic,Partial,No,2021,2032,86.3
2617,North Macedonia,MKD,2020,No,No,Southern Europe,Skopje,Frigate,Naval,Sea,FREMM / Type 23 / FREMM,850,On Order,Good,2021,3,32.47,27599.5,Italy,Partial,No,2022,2029,95.9
2618,North Macedonia,MKD,2020,No,No,Southern Europe,Skopje,Frigate,Naval,Sea,FREMM / Type 23 / FREMM,1107,Decommissioning,Excellent,2022,2,385.67,426936.69,Turkey,Yes,Yes,2022,2032,49.8
2619,North Macedonia,MKD,2020,No,No,Southern Europe,Skopje,Frigate,Naval,Sea,FREMM / Type 23 / FREMM,1306,In Maintenance,Needs Repair,2020,4,357.47,466855.82,UK,Partial,Yes,2020,2034,70.6
2620,North Macedonia,MKD,2020,No,No,Southern Europe,Skopje,Logistics Truck (Heavy),Logistics,Support,HEMTT / MAN HX,526,Decommissioning,End-of-Life,2022,2,345.79,181885.54,France,No,No,2022,2031,43.5
2621,North Macedonia,MKD,2020,No,No,Southern Europe,Skopje,Logistics Truck (Heavy),Logistics,Support,HEMTT / MAN HX,1754,Decommissioning,Fair,2020,4,200.05,350887.7,Domestic,Partial,No,2021,2030,80.1
2622,North Macedonia,MKD,2020,No,No,Southern Europe,Skopje,Logistics Truck (Heavy),Logistics,Support,HEMTT / MAN HX,381,Reserve,Good,2023,1,182.4,69494.4,Germany,No,No,2024,2026,40.2
2623,North Macedonia,MKD,2020,No,No,Southern Europe,Skopje,Infantry Fighting Vehicle,Armored,Land,Bradley / Puma / AS-21,1243,On Order,Needs Repair,2024,0,24.13,29993.59,Domestic,No,Yes,2024,2033,95.4
2624,North Macedonia,MKD,2020,No,No,Southern Europe,Skopje,Infantry Fighting Vehicle,Armored,Land,Bradley / Puma / AS-21,1023,In Maintenance,Good,2023,1,298.77,305641.71,Israel,Yes,No,2023,2032,58.0
2625,North Macedonia,MKD,2020,No,No,Southern Europe,Skopje,Infantry Fighting Vehicle,Armored,Land,Bradley / Puma / AS-21,569,On Order,End-of-Life,2022,2,48.88,27812.72,Multi-National,Partial,Yes,2024,2029,67.1
2626,North Macedonia,MKD,2020,No,No,Southern Europe,Skopje,Strategic Bomber,Air Force,Air,B-52 / B-2 Spirit,1825,In Maintenance,Needs Repair,2024,0,69.55,126928.75,Germany,Partial,Yes,2024,2030,88.1
2627,North Macedonia,MKD,2020,No,No,Southern Europe,Skopje,Strategic Bomber,Air Force,Air,B-52 / B-2 Spirit,722,On Order,End-of-Life,2020,4,142.4,102812.8,Italy,Yes,No,2022,2031,91.1
2628,North Macedonia,MKD,2020,No,No,Southern Europe,Skopje,Strategic Bomber,Air Force,Air,B-52 / B-2 Spirit,1114,Reserve,Fair,2023,1,431.0,480134.0,France,Yes,Yes,2023,2034,66.7
2629,North Macedonia,MKD,2020,No,No,Southern Europe,Skopje,Strategic Bomber,Air Force,Air,B-52 / B-2 Spirit,1928,On Order,Good,2021,3,32.52,62698.56,UK,No,No,2024,2025,76.9
2630,North Macedonia,MKD,2020,No,No,Southern Europe,Skopje,Multirole Aircraft,Air Force,Air,F-35 / Rafale / F/A-18,1536,Upgrading,Fair,2020,4,386.79,594109.44,Domestic,Yes,Yes,2020,2024,87.1
2631,North Macedonia,MKD,2020,No,No,Southern Europe,Skopje,Multirole Aircraft,Air Force,Air,F-35 / Rafale / F/A-18,353,Reserve,End-of-Life,2023,1,237.99,84010.47,Italy,Partial,No,2023,2024,61.0
2632,North Macedonia,MKD,2020,No,No,Southern Europe,Skopje,Multirole Aircraft,Air Force,Air,F-35 / Rafale / F/A-18,1305,In Maintenance,End-of-Life,2021,3,424.06,553398.3,Domestic,Partial,No,2022,2025,76.8
2633,North Macedonia,MKD,2020,No,No,Southern Europe,Skopje,Long-Range SAM,Air Defense,Land,Patriot PAC-3 / S-400,679,Upgrading,End-of-Life,2021,3,399.26,271097.54,France,Yes,No,2022,2035,92.2
2634,North Macedonia,MKD,2020,No,No,Southern Europe,Skopje,Long-Range SAM,Air Defense,Land,Patriot PAC-3 / S-400,1958,Upgrading,Good,2023,1,129.5,253561.0,Germany,No,No,2024,2027,45.3
2635,North Macedonia,MKD,2020,No,No,Southern Europe,Skopje,Mortar System,Artillery,Land,M120 / AMOS,1807,Reserve,Good,2022,2,74.0,133718.0,Multi-National,No,Yes,2024,2024,66.6
2636,North Macedonia,MKD,2020,No,No,Southern Europe,Skopje,Mortar System,Artillery,Land,M120 / AMOS,915,Operational,Fair,2024,0,87.17,79760.55,UK,No,No,2024,2033,82.3
2637,North Macedonia,MKD,2020,No,No,Southern Europe,Skopje,Mortar System,Artillery,Land,M120 / AMOS,771,On Order,End-of-Life,2022,2,142.35,109751.85,Israel,Yes,No,2024,2027,73.1
2638,North Macedonia,MKD,2020,No,No,Southern Europe,Skopje,Mortar System,Artillery,Land,M120 / AMOS,14,On Order,Good,2024,0,426.56,5971.84,Turkey,No,Yes,2024,2031,91.1
2639,North Macedonia,MKD,2020,No,No,Southern Europe,Skopje,NBC Detection Vehicle,CBRN,Land,Fox / TPz Fuchs,1365,Operational,Needs Repair,2023,1,237.81,324610.65,Domestic,No,Yes,2023,2029,45.3
2640,North Macedonia,MKD,2020,No,No,Southern Europe,Skopje,NBC Detection Vehicle,CBRN,Land,Fox / TPz Fuchs,1861,In Maintenance,Excellent,2020,4,355.74,662032.14,Multi-National,No,No,2021,2024,68.6
2641,North Macedonia,MKD,2020,No,No,Southern Europe,Skopje,Destroyer,Naval,Sea,Arleigh Burke / Type 45,217,On Order,Fair,2022,2,125.38,27207.46,Israel,No,Yes,2024,2030,88.3
2642,North Macedonia,MKD,2020,No,No,Southern Europe,Skopje,Destroyer,Naval,Sea,Arleigh Burke / Type 45,1493,Operational,Excellent,2023,1,308.99,461322.07,Italy,Yes,No,2023,2028,99.6
2643,North Macedonia,MKD,2020,No,No,Southern Europe,Skopje,Destroyer,Naval,Sea,Arleigh Burke / Type 45,1576,In Maintenance,Needs Repair,2020,4,0.95,1497.2,Italy,No,No,2023,2035,58.2
2644,North Macedonia,MKD,2020,No,No,Southern Europe,Skopje,Destroyer,Naval,Sea,Arleigh Burke / Type 45,760,Upgrading,Fair,2023,1,379.95,288762.0,Turkey,Yes,Yes,2024,2031,98.4
2645,North Macedonia,MKD,2020,No,No,Southern Europe,Skopje,UAV / Drone,Air Force,Air,MQ-9 Reaper / Bayraktar TB2,1567,Upgrading,End-of-Life,2020,4,152.23,238544.41,Italy,Partial,Yes,2021,2027,54.6
2646,North Macedonia,MKD,2020,No,No,Southern Europe,Skopje,UAV / Drone,Air Force,Air,MQ-9 Reaper / Bayraktar TB2,1255,Upgrading,Good,2022,2,401.09,503367.95,USA,No,No,2024,2024,91.7
2647,North Macedonia,MKD,2020,No,No,Southern Europe,Skopje,Short-Range Air Defense,Air Defense,Land,SHORAD / Gepard / Stinger,1717,Reserve,Good,2023,1,427.87,734652.79,Turkey,Yes,Yes,2024,2027,86.5
2648,North Macedonia,MKD,2020,No,No,Southern Europe,Skopje,Short-Range Air Defense,Air Defense,Land,SHORAD / Gepard / Stinger,1791,Decommissioning,Excellent,2022,2,74.63,133662.33,Turkey,Partial,Yes,2024,2030,48.9
2649,North Macedonia,MKD,2020,No,No,Southern Europe,Skopje,Cyber Defense Unit,Cyber,Digital,CCDCOE / NATO Cyber Centre,129,Upgrading,Excellent,2024,0,361.49,46632.21,Italy,Yes,No,2024,2024,65.9
2650,North Macedonia,MKD,2020,No,No,Southern Europe,Skopje,Cyber Defense Unit,Cyber,Digital,CCDCOE / NATO Cyber Centre,251,In Maintenance,Needs Repair,2023,1,271.95,68259.45,Turkey,Yes,No,2023,2028,47.1
2651,North Macedonia,MKD,2020,No,No,Southern Europe,Skopje,Submarine (SSK),Naval,Sea,Type 212 / Gotland,1347,On Order,Needs Repair,2024,0,288.08,388043.76,Turkey,Partial,No,2024,2025,75.6
2652,North Macedonia,MKD,2020,No,No,Southern Europe,Skopje,Submarine (SSK),Naval,Sea,Type 212 / Gotland,585,Decommissioning,End-of-Life,2023,1,199.7,116824.5,Israel,Partial,Yes,2024,2028,76.9
2653,North Macedonia,MKD,2020,No,No,Southern Europe,Skopje,Submarine (SSK),Naval,Sea,Type 212 / Gotland,1696,In Maintenance,End-of-Life,2020,4,388.42,658760.32,Multi-National,Yes,Yes,2024,2034,85.0
2654,North Macedonia,MKD,2020,No,No,Southern Europe,Skopje,Satellite Terminal,Communications,Digital,SATCOM / JTRS,1060,Upgrading,End-of-Life,2022,2,320.61,339846.6,Multi-National,Partial,Yes,2023,2027,67.3
2655,North Macedonia,MKD,2020,No,No,Southern Europe,Skopje,Satellite Terminal,Communications,Digital,SATCOM / JTRS,1275,On Order,Needs Repair,2023,1,443.8,565845.0,Multi-National,Partial,No,2023,2031,99.1
2656,North Macedonia,MKD,2020,No,No,Southern Europe,Skopje,Satellite Terminal,Communications,Digital,SATCOM / JTRS,1887,On Order,Good,2024,0,84.73,159885.51,Domestic,Yes,No,2024,2029,55.4
2657,North Macedonia,MKD,2020,No,No,Southern Europe,Skopje,Satellite Terminal,Communications,Digital,SATCOM / JTRS,1669,Reserve,Excellent,2022,2,265.89,443770.41,USA,Yes,Yes,2023,2031,91.4
2658,North Macedonia,MKD,2020,No,No,Southern Europe,Skopje,Fighter Jet,Air Force,Air,F-16 / Gripen / Typhoon,1349,Reserve,Needs Repair,2020,4,30.0,40470.0,Turkey,Partial,Yes,2022,2024,72.1
2659,North Macedonia,MKD,2020,No,No,Southern Europe,Skopje,Fighter Jet,Air Force,Air,F-16 / Gripen / Typhoon,1858,Reserve,Needs Repair,2024,0,82.54,153359.32,UK,Partial,Yes,2024,2031,44.8
2660,North Macedonia,MKD,2020,No,No,Southern Europe,Skopje,Fighter Jet,Air Force,Air,F-16 / Gripen / Typhoon,1624,Reserve,Good,2022,2,25.64,41639.36,France,Partial,Yes,2023,2033,64.5
2661,North Macedonia,MKD,2020,No,No,Southern Europe,Skopje,Fighter Jet,Air Force,Air,F-16 / Gripen / Typhoon,484,Operational,Good,2023,1,442.53,214184.52,USA,Partial,Yes,2024,2025,70.7
2662,North Macedonia,MKD,2020,No,No,Southern Europe,Skopje,Transport Helicopter,Aviation,Air,CH-47 Chinook / NH90,1454,Decommissioning,Excellent,2021,3,171.85,249869.9,Domestic,No,No,2021,2028,65.9
2663,North Macedonia,MKD,2020,No,No,Southern Europe,Skopje,Transport Helicopter,Aviation,Air,CH-47 Chinook / NH90,627,Operational,Fair,2022,2,269.49,168970.23,Multi-National,Yes,No,2022,2033,85.6
2664,North Macedonia,MKD,2020,No,No,Southern Europe,Skopje,Armored Reconnaissance Vehicle,Armored,Land,Fennek / Fuchs,524,Decommissioning,Excellent,2021,3,222.78,116736.72,USA,Partial,Yes,2024,2032,75.7
2665,North Macedonia,MKD,2020,No,No,Southern Europe,Skopje,Armored Reconnaissance Vehicle,Armored,Land,Fennek / Fuchs,45,Upgrading,Excellent,2024,0,225.49,10147.05,Israel,Partial,Yes,2024,2028,91.5
2666,North Macedonia,MKD,2020,No,No,Southern Europe,Skopje,Armored Reconnaissance Vehicle,Armored,Land,Fennek / Fuchs,880,Upgrading,Excellent,2023,1,392.05,345004.0,USA,No,No,2023,2033,56.7
2667,North Macedonia,MKD,2020,No,No,Southern Europe,Skopje,Armored Reconnaissance Vehicle,Armored,Land,Fennek / Fuchs,1989,Upgrading,Excellent,2020,4,184.45,366871.05,Multi-National,Yes,No,2024,2035,98.6
2668,North Macedonia,MKD,2020,No,No,Southern Europe,Skopje,AWACS Aircraft,Air Force,Air,E-3 Sentry / E-7A,316,Operational,Fair,2022,2,449.52,142048.32,Turkey,No,No,2024,2031,50.6
2669,North Macedonia,MKD,2020,No,No,Southern Europe,Skopje,AWACS Aircraft,Air Force,Air,E-3 Sentry / E-7A,15,In Maintenance,Excellent,2020,4,104.1,1561.5,Italy,Yes,No,2020,2031,60.8
2670,North Macedonia,MKD,2020,No,No,Southern Europe,Skopje,AWACS Aircraft,Air Force,Air,E-3 Sentry / E-7A,1145,In Maintenance,Fair,2024,0,196.12,224557.4,UK,Partial,No,2024,2028,78.7
2671,North Macedonia,MKD,2020,No,No,Southern Europe,Skopje,AWACS Aircraft,Air Force,Air,E-3 Sentry / E-7A,207,Reserve,End-of-Life,2024,0,122.08,25270.56,France,Yes,No,2024,2033,74.3
2672,North Macedonia,MKD,2020,No,No,Southern Europe,Skopje,Light Tank,Armored,Land,CV90105 / AMX-10RC,22,Upgrading,Good,2021,3,387.47,8524.34,France,No,Yes,2022,2031,95.1
2673,North Macedonia,MKD,2020,No,No,Southern Europe,Skopje,Light Tank,Armored,Land,CV90105 / AMX-10RC,997,Reserve,End-of-Life,2023,1,25.16,25084.52,UK,Partial,Yes,2024,2032,50.3
2674,North Macedonia,MKD,2020,No,No,Southern Europe,Skopje,Self-Propelled Howitzer,Artillery,Land,PzH 2000 / K9 Thunder / Caesar,1351,Reserve,Good,2022,2,333.76,450909.76,UK,No,Yes,2022,2027,71.3
2675,North Macedonia,MKD,2020,No,No,Southern Europe,Skopje,Self-Propelled Howitzer,Artillery,Land,PzH 2000 / K9 Thunder / Caesar,10,On Order,Fair,2020,4,54.76,547.6,Turkey,No,No,2020,2034,97.8
2676,North Macedonia,MKD,2020,No,No,Southern Europe,Skopje,Self-Propelled Howitzer,Artillery,Land,PzH 2000 / K9 Thunder / Caesar,1783,Decommissioning,Fair,2020,4,95.22,169777.26,Italy,Yes,Yes,2021,2031,61.7
2677,North Macedonia,MKD,2020,No,No,Southern Europe,Skopje,Self-Propelled Howitzer,Artillery,Land,PzH 2000 / K9 Thunder / Caesar,1034,In Maintenance,Excellent,2021,3,274.6,283936.4,Turkey,No,Yes,2023,2026,80.8
2678,North Macedonia,MKD,2020,No,No,Southern Europe,Skopje,Anti-Drone System,Air Defense,Land,DroneShield / AUDS / Skyfend,453,Reserve,Good,2021,3,125.8,56987.4,USA,Partial,Yes,2023,2035,68.9
2679,North Macedonia,MKD,2020,No,No,Southern Europe,Skopje,Anti-Drone System,Air Defense,Land,DroneShield / AUDS / Skyfend,1181,Upgrading,Good,2023,1,146.99,173595.19,Multi-National,Yes,No,2023,2027,62.4
2680,North Macedonia,MKD,2020,No,No,Southern Europe,Skopje,Anti-Drone System,Air Defense,Land,DroneShield / AUDS / Skyfend,27,On Order,Fair,2023,1,319.4,8623.8,Italy,Partial,Yes,2024,2032,50.2
2681,North Macedonia,MKD,2020,No,No,Southern Europe,Skopje,Anti-Drone System,Air Defense,Land,DroneShield / AUDS / Skyfend,1829,On Order,End-of-Life,2022,2,19.23,35171.67,Germany,Partial,No,2022,2029,84.0
2682,North Macedonia,MKD,2020,No,No,Southern Europe,Skopje,Towed Howitzer,Artillery,Land,M777 / FH70 / D-30,904,On Order,Needs Repair,2021,3,259.65,234723.6,Domestic,No,Yes,2023,2032,97.0
2683,North Macedonia,MKD,2020,No,No,Southern Europe,Skopje,Towed Howitzer,Artillery,Land,M777 / FH70 / D-30,1484,Decommissioning,Excellent,2021,3,171.55,254580.2,Italy,No,Yes,2022,2030,48.6
2684,North Macedonia,MKD,2020,No,No,Southern Europe,Skopje,Towed Howitzer,Artillery,Land,M777 / FH70 / D-30,417,Upgrading,Fair,2020,4,437.4,182395.8,Domestic,Yes,Yes,2022,2027,90.9
2685,North Macedonia,MKD,2020,No,No,Southern Europe,Skopje,Towed Howitzer,Artillery,Land,M777 / FH70 / D-30,1304,In Maintenance,Fair,2023,1,336.4,438665.6,USA,No,No,2024,2029,85.4
2686,North Macedonia,MKD,2020,No,No,Southern Europe,Skopje,Air Superiority Fighter,Air Force,Air,F-22 / Typhoon,1117,Upgrading,Good,2024,0,313.62,350313.54,Turkey,Yes,Yes,2024,2033,75.2
2687,North Macedonia,MKD,2020,No,No,Southern Europe,Skopje,Air Superiority Fighter,Air Force,Air,F-22 / Typhoon,969,On Order,Fair,2020,4,236.49,229158.81,France,Partial,Yes,2024,2033,73.0
2688,North Macedonia,MKD,2020,No,No,Southern Europe,Skopje,Air Superiority Fighter,Air Force,Air,F-22 / Typhoon,156,On Order,Good,2021,3,317.15,49475.4,Israel,No,No,2023,2027,85.5
2689,North Macedonia,MKD,2020,No,No,Southern Europe,Skopje,Air Superiority Fighter,Air Force,Air,F-22 / Typhoon,998,Reserve,Fair,2023,1,121.79,121546.42,USA,Yes,No,2024,2026,96.3
2690,Norway,NOR,1949,Yes,No,Northern Europe,Oslo,Main Battle Tank,Armored,Land,M1 Abrams / Leopard 2 / Challenger 3,146,Decommissioning,End-of-Life,1998,26,65.99,9634.54,Israel,Yes,No,2020,2026,69.0
2691,Norway,NOR,1949,Yes,No,Northern Europe,Oslo,Main Battle Tank,Armored,Land,M1 Abrams / Leopard 2 / Challenger 3,766,Operational,Excellent,2013,11,357.85,274113.1,France,No,Yes,2023,2024,61.6
2692,Norway,NOR,1949,Yes,No,Northern Europe,Oslo,Mine Countermeasure Vessel,Naval,Sea,Hunt-class / Alkmaar,684,Reserve,Excellent,2003,21,410.86,281028.24,Israel,Partial,No,2005,2026,52.8
2693,Norway,NOR,1949,Yes,No,Northern Europe,Oslo,Mine Countermeasure Vessel,Naval,Sea,Hunt-class / Alkmaar,346,Decommissioning,End-of-Life,2020,4,238.15,82399.9,Domestic,Partial,No,2020,2032,44.1
2694,Norway,NOR,1949,Yes,No,Northern Europe,Oslo,Mine Countermeasure Vessel,Naval,Sea,Hunt-class / Alkmaar,1813,Reserve,End-of-Life,1950,74,207.45,376106.85,Germany,Yes,No,1953,2027,86.7
2695,Norway,NOR,1949,Yes,No,Northern Europe,Oslo,Mine Countermeasure Vessel,Naval,Sea,Hunt-class / Alkmaar,849,On Order,Fair,2015,9,13.69,11622.81,Multi-National,Partial,No,2019,2028,52.5
2696,Norway,NOR,1949,Yes,No,Northern Europe,Oslo,Combat Engineer Vehicle,Engineering,Land,M9 ACE / Leopard 2 AEV,277,In Maintenance,Needs Repair,1964,60,378.27,104780.79,Turkey,No,No,1977,2032,86.8
2697,Norway,NOR,1949,Yes,No,Northern Europe,Oslo,Combat Engineer Vehicle,Engineering,Land,M9 ACE / Leopard 2 AEV,460,Operational,End-of-Life,1959,65,321.94,148092.4,Domestic,No,Yes,2024,2028,81.8
2698,Norway,NOR,1949,Yes,No,Northern Europe,Oslo,Combat Engineer Vehicle,Engineering,Land,M9 ACE / Leopard 2 AEV,97,Upgrading,Fair,2010,14,256.71,24900.87,Israel,Partial,No,2012,2025,73.3
2699,Norway,NOR,1949,Yes,No,Northern Europe,Oslo,Anti-Aircraft Gun,Air Defense,Land,Oerlikon 35mm / ZU-23,1556,Decommissioning,Needs Repair,1954,70,30.04,46742.24,UK,No,Yes,1965,2035,97.1
2700,Norway,NOR,1949,Yes,No,Northern Europe,Oslo,Anti-Aircraft Gun,Air Defense,Land,Oerlikon 35mm / ZU-23,1826,In Maintenance,Needs Repair,1979,45,47.61,86935.86,Italy,Partial,No,1998,2030,40.4
2701,Norway,NOR,1949,Yes,No,Northern Europe,Oslo,Anti-Aircraft Gun,Air Defense,Land,Oerlikon 35mm / ZU-23,119,Operational,Good,1966,58,308.87,36755.53,USA,No,Yes,1994,2024,58.5
2702,Norway,NOR,1949,Yes,No,Northern Europe,Oslo,Anti-Aircraft Gun,Air Defense,Land,Oerlikon 35mm / ZU-23,1442,Upgrading,Fair,1981,43,390.96,563764.32,Multi-National,Partial,Yes,1986,2032,59.0
2703,Norway,NOR,1949,Yes,No,Northern Europe,Oslo,Strategic Bomber,Air Force,Air,B-52 / B-2 Spirit,51,Reserve,Excellent,2003,21,98.78,5037.78,Israel,No,Yes,2017,2026,92.5
2704,Norway,NOR,1949,Yes,No,Northern Europe,Oslo,Strategic Bomber,Air Force,Air,B-52 / B-2 Spirit,185,Operational,Excellent,2020,4,399.74,73951.9,Italy,Yes,Yes,2020,2024,98.3
2705,Norway,NOR,1949,Yes,No,Northern Europe,Oslo,Strategic Transport Aircraft,Air Force,Air,C-17 / A400M / C-130,943,Operational,Good,1973,51,341.1,321657.3,Israel,Partial,Yes,1982,2027,72.5
2706,Norway,NOR,1949,Yes,No,Northern Europe,Oslo,Strategic Transport Aircraft,Air Force,Air,C-17 / A400M / C-130,38,Upgrading,Excellent,1959,65,97.29,3697.02,Germany,Yes,Yes,1998,2024,44.5
2707,Norway,NOR,1949,Yes,No,Northern Europe,Oslo,Ground Attack Aircraft,Air Force,Air,A-10 / Tornado IDS,796,On Order,Good,1999,25,37.52,29865.92,Israel,Yes,No,2014,2026,93.6
2708,Norway,NOR,1949,Yes,No,Northern Europe,Oslo,Ground Attack Aircraft,Air Force,Air,A-10 / Tornado IDS,322,Reserve,Fair,1954,70,284.93,91747.46,Domestic,Partial,Yes,2009,2035,90.5
2709,Norway,NOR,1949,Yes,No,Northern Europe,Oslo,Ground Attack Aircraft,Air Force,Air,A-10 / Tornado IDS,421,In Maintenance,Fair,1994,30,103.3,43489.3,Domestic,Yes,No,2016,2026,65.2
2710,Norway,NOR,1949,Yes,No,Northern Europe,Oslo,Ammunition Supply Vehicle,Logistics,Support,PLS / DROPS,1997,Decommissioning,Fair,1958,66,16.53,33010.41,Israel,Yes,No,1989,2024,92.6
2711,Norway,NOR,1949,Yes,No,Northern Europe,Oslo,Ammunition Supply Vehicle,Logistics,Support,PLS / DROPS,745,Reserve,Excellent,1959,65,364.66,271671.7,France,Yes,Yes,1962,2033,63.7
2712,Norway,NOR,1949,Yes,No,Northern Europe,Oslo,Ammunition Supply Vehicle,Logistics,Support,PLS / DROPS,417,Decommissioning,Good,1957,67,389.29,162333.93,UK,Yes,No,1996,2025,78.2
2713,Norway,NOR,1949,Yes,No,Northern Europe,Oslo,Mortar System,Artillery,Land,M120 / AMOS,694,Upgrading,Needs Repair,2022,2,284.48,197429.12,Italy,Yes,Yes,2024,2024,53.3
2714,Norway,NOR,1949,Yes,No,Northern Europe,Oslo,Mortar System,Artillery,Land,M120 / AMOS,788,Decommissioning,Fair,1978,46,297.59,234500.92,Turkey,No,Yes,1992,2033,46.1
2715,Norway,NOR,1949,Yes,No,Northern Europe,Oslo,Cyber Defense Unit,Cyber,Digital,CCDCOE / NATO Cyber Centre,1791,Operational,Excellent,2014,10,9.24,16548.84,Multi-National,No,Yes,2020,2026,80.8
2716,Norway,NOR,1949,Yes,No,Northern Europe,Oslo,Cyber Defense Unit,Cyber,Digital,CCDCOE / NATO Cyber Centre,1001,On Order,Fair,1996,28,20.19,20210.19,Israel,Partial,Yes,2016,2025,56.1
2717,Norway,NOR,1949,Yes,No,Northern Europe,Oslo,Cyber Defense Unit,Cyber,Digital,CCDCOE / NATO Cyber Centre,744,Operational,Good,1950,74,434.31,323126.64,UK,Partial,No,1996,2032,82.9
2718,Norway,NOR,1949,Yes,No,Northern Europe,Oslo,Logistics Support Vessel,Naval,Sea,Supply / Berlin-class,1473,On Order,Fair,1987,37,175.14,257981.22,Germany,Yes,Yes,2019,2025,85.7
2719,Norway,NOR,1949,Yes,No,Northern Europe,Oslo,Logistics Support Vessel,Naval,Sea,Supply / Berlin-class,1875,In Maintenance,Excellent,1952,72,63.63,119306.25,USA,No,No,1965,2033,71.3
2720,Norway,NOR,1949,Yes,No,Northern Europe,Oslo,Logistics Support Vessel,Naval,Sea,Supply / Berlin-class,1909,Operational,End-of-Life,1950,74,182.98,349308.82,USA,No,No,1954,2031,98.0
2721,Norway,NOR,1949,Yes,No,Northern Europe,Oslo,Logistics Support Vessel,Naval,Sea,Supply / Berlin-class,247,Upgrading,Needs Repair,2024,0,416.28,102821.16,Turkey,Partial,No,2024,2028,64.0
2722,Norway,NOR,1949,Yes,No,Northern Europe,Oslo,AWACS Aircraft,Air Force,Air,E-3 Sentry / E-7A,1328,On Order,End-of-Life,1970,54,298.01,395757.28,UK,Yes,No,1992,2030,72.2
2723,Norway,NOR,1949,Yes,No,Northern Europe,Oslo,AWACS Aircraft,Air Force,Air,E-3 Sentry / E-7A,1524,On Order,Needs Repair,2021,3,374.32,570463.68,Germany,Yes,Yes,2021,2028,90.6
2724,Norway,NOR,1949,Yes,No,Northern Europe,Oslo,AWACS Aircraft,Air Force,Air,E-3 Sentry / E-7A,1938,Operational,Excellent,2021,3,440.6,853882.8,France,No,No,2022,2028,69.2
2725,Norway,NOR,1949,Yes,No,Northern Europe,Oslo,Multiple Launch Rocket System,Artillery,Land,M270 / HIMARS / BM-21,183,In Maintenance,Needs Repair,1982,42,131.52,24068.16,USA,Partial,No,2000,2029,53.1
2726,Norway,NOR,1949,Yes,No,Northern Europe,Oslo,Multiple Launch Rocket System,Artillery,Land,M270 / HIMARS / BM-21,1770,Reserve,Fair,1987,37,163.82,289961.4,Domestic,Partial,Yes,1990,2026,77.6
2727,Norway,NOR,1949,Yes,No,Northern Europe,Oslo,Multiple Launch Rocket System,Artillery,Land,M270 / HIMARS / BM-21,1840,On Order,End-of-Life,1952,72,441.04,811513.6,Italy,No,No,1977,2029,65.4
2728,Norway,NOR,1949,Yes,No,Northern Europe,Oslo,NBC Detection Vehicle,CBRN,Land,Fox / TPz Fuchs,278,Decommissioning,Fair,2007,17,309.72,86102.16,France,No,Yes,2008,2033,41.5
2729,Norway,NOR,1949,Yes,No,Northern Europe,Oslo,NBC Detection Vehicle,CBRN,Land,Fox / TPz Fuchs,1068,Operational,End-of-Life,1970,54,117.85,125863.8,USA,No,No,2012,2028,66.5
2730,Norway,NOR,1949,Yes,No,Northern Europe,Oslo,NBC Detection Vehicle,CBRN,Land,Fox / TPz Fuchs,310,Upgrading,Fair,1975,49,188.54,58447.4,USA,No,Yes,2002,2024,50.0
2731,Norway,NOR,1949,Yes,No,Northern Europe,Oslo,Patrol Vessel,Naval,Sea,OPV / Fast Attack Craft,349,In Maintenance,Excellent,1992,32,145.69,50845.81,France,No,Yes,2020,2030,51.2
2732,Norway,NOR,1949,Yes,No,Northern Europe,Oslo,Patrol Vessel,Naval,Sea,OPV / Fast Attack Craft,384,Decommissioning,Fair,2019,5,13.16,5053.44,UK,Yes,No,2021,2028,80.7
2733,Norway,NOR,1949,Yes,No,Northern Europe,Oslo,Patrol Vessel,Naval,Sea,OPV / Fast Attack Craft,199,Upgrading,End-of-Life,1999,25,111.67,22222.33,Domestic,No,No,2016,2026,73.2
2734,Norway,NOR,1949,Yes,No,Northern Europe,Oslo,Armored Personnel Carrier,Armored,Land,M113 / Boxer / BTR-80,386,Decommissioning,Needs Repair,1976,48,95.47,36851.42,USA,Yes,Yes,2013,2030,79.0
2735,Norway,NOR,1949,Yes,No,Northern Europe,Oslo,Armored Personnel Carrier,Armored,Land,M113 / Boxer / BTR-80,2000,Operational,Good,1995,29,195.61,391220.0,Domestic,No,No,2007,2028,83.2
2736,Norway,NOR,1949,Yes,No,Northern Europe,Oslo,Armored Personnel Carrier,Armored,Land,M113 / Boxer / BTR-80,1715,Upgrading,End-of-Life,2011,13,169.52,290726.8,Italy,No,Yes,2016,2024,73.2
2737,Norway,NOR,1949,Yes,No,Northern Europe,Oslo,Destroyer,Naval,Sea,Arleigh Burke / Type 45,120,Reserve,Good,1959,65,292.12,35054.4,Germany,No,No,1960,2033,74.7
2738,Norway,NOR,1949,Yes,No,Northern Europe,Oslo,Destroyer,Naval,Sea,Arleigh Burke / Type 45,351,Operational,Good,2015,9,194.65,68322.15,Multi-National,No,No,2016,2028,54.3
2739,Norway,NOR,1949,Yes,No,Northern Europe,Oslo,Destroyer,Naval,Sea,Arleigh Burke / Type 45,1386,Reserve,Good,1969,55,145.39,201510.54,Domestic,Yes,Yes,2012,2035,72.4
2740,Norway,NOR,1949,Yes,No,Northern Europe,Oslo,Armored Reconnaissance Vehicle,Armored,Land,Fennek / Fuchs,692,Operational,End-of-Life,2022,2,53.46,36994.32,Multi-National,Yes,No,2022,2032,91.3
2741,Norway,NOR,1949,Yes,No,Northern Europe,Oslo,Armored Reconnaissance Vehicle,Armored,Land,Fennek / Fuchs,1659,Reserve,Good,1955,69,382.67,634849.53,Domestic,No,No,1983,2024,84.0
2742,Norway,NOR,1949,Yes,No,Northern Europe,Oslo,Armored Reconnaissance Vehicle,Armored,Land,Fennek / Fuchs,1110,In Maintenance,End-of-Life,1978,46,365.43,405627.3,Multi-National,No,Yes,1984,2035,65.8
2743,Norway,NOR,1949,Yes,No,Northern Europe,Oslo,Electronic Warfare System,Electronics,Land,JAMMER / Krasukha,952,On Order,Excellent,2001,23,266.82,254012.64,USA,Partial,Yes,2011,2024,90.6
2744,Norway,NOR,1949,Yes,No,Northern Europe,Oslo,Electronic Warfare System,Electronics,Land,JAMMER / Krasukha,1806,Operational,End-of-Life,1962,62,260.6,470643.6,Italy,No,No,2024,2028,60.9
2745,Norway,NOR,1949,Yes,No,Northern Europe,Oslo,Electronic Warfare System,Electronics,Land,JAMMER / Krasukha,1449,Upgrading,End-of-Life,1985,39,11.51,16677.99,USA,No,Yes,2017,2031,87.8
2746,Norway,NOR,1949,Yes,No,Northern Europe,Oslo,Light Tank,Armored,Land,CV90105 / AMX-10RC,426,In Maintenance,Excellent,2020,4,289.76,123437.76,Italy,Partial,No,2023,2031,65.4
2747,Norway,NOR,1949,Yes,No,Northern Europe,Oslo,Light Tank,Armored,Land,CV90105 / AMX-10RC,646,Decommissioning,Needs Repair,2009,15,281.41,181790.86,Germany,Partial,No,2016,2026,82.9
2748,Norway,NOR,1949,Yes,No,Northern Europe,Oslo,Light Tank,Armored,Land,CV90105 / AMX-10RC,449,In Maintenance,Needs Repair,1971,53,433.5,194641.5,Domestic,Yes,Yes,2007,2034,99.2
2749,Norway,NOR,1949,Yes,No,Northern Europe,Oslo,Frigate,Naval,Sea,FREMM / Type 23 / FREMM,839,On Order,Excellent,2001,23,344.27,288842.53,UK,Yes,Yes,2010,2027,41.3
2750,Norway,NOR,1949,Yes,No,Northern Europe,Oslo,Frigate,Naval,Sea,FREMM / Type 23 / FREMM,920,In Maintenance,Good,2000,24,233.5,214820.0,Multi-National,No,No,2022,2032,45.1
2751,Norway,NOR,1949,Yes,No,Northern Europe,Oslo,Frigate,Naval,Sea,FREMM / Type 23 / FREMM,1298,Reserve,Excellent,2005,19,15.51,20131.98,USA,No,Yes,2010,2034,56.1
2752,Norway,NOR,1949,Yes,No,Northern Europe,Oslo,Tanker Aircraft,Air Force,Air,KC-135 / A330 MRTT,878,On Order,Good,1980,44,198.93,174660.54,Turkey,Yes,Yes,1984,2027,98.1
2753,Norway,NOR,1949,Yes,No,Northern Europe,Oslo,Tanker Aircraft,Air Force,Air,KC-135 / A330 MRTT,1078,Operational,Good,1983,41,87.15,93947.7,Italy,Partial,No,1990,2030,84.9
2754,Norway,NOR,1949,Yes,No,Northern Europe,Oslo,Radar System,Electronics,Land,AN/TPY-2 / AN/MPQ-65,849,On Order,Fair,1965,59,29.89,25376.61,Turkey,No,Yes,1966,2031,52.3
2755,Norway,NOR,1949,Yes,No,Northern Europe,Oslo,Radar System,Electronics,Land,AN/TPY-2 / AN/MPQ-65,946,In Maintenance,Fair,2018,6,216.92,205206.32,UK,Yes,No,2024,2029,95.8
2756,Norway,NOR,1949,Yes,No,Northern Europe,Oslo,Air Superiority Fighter,Air Force,Air,F-22 / Typhoon,1785,In Maintenance,Excellent,1989,35,203.7,363604.5,USA,No,No,2000,2030,64.1
2757,Norway,NOR,1949,Yes,No,Northern Europe,Oslo,Air Superiority Fighter,Air Force,Air,F-22 / Typhoon,971,On Order,End-of-Life,1952,72,6.7,6505.7,UK,Yes,Yes,1957,2025,57.9
2758,Norway,NOR,1949,Yes,No,Northern Europe,Oslo,Air Superiority Fighter,Air Force,Air,F-22 / Typhoon,1369,On Order,Excellent,1996,28,213.53,292322.57,Israel,No,No,1996,2032,71.7
2759,Norway,NOR,1949,Yes,No,Northern Europe,Oslo,Logistics Truck (Heavy),Logistics,Support,HEMTT / MAN HX,1824,Decommissioning,End-of-Life,1983,41,403.73,736403.52,Domestic,Partial,Yes,2001,2028,96.8
2760,Norway,NOR,1949,Yes,No,Northern Europe,Oslo,Logistics Truck (Heavy),Logistics,Support,HEMTT / MAN HX,1653,In Maintenance,Needs Repair,1973,51,250.31,413762.43,USA,No,Yes,1989,2035,62.6
2761,Norway,NOR,1949,Yes,No,Northern Europe,Oslo,Transport Helicopter,Aviation,Air,CH-47 Chinook / NH90,938,Upgrading,Good,1977,47,343.96,322634.48,USA,No,Yes,2021,2025,70.9
2762,Norway,NOR,1949,Yes,No,Northern Europe,Oslo,Transport Helicopter,Aviation,Air,CH-47 Chinook / NH90,391,In Maintenance,End-of-Life,2007,17,409.95,160290.45,France,Partial,Yes,2016,2029,40.4
2763,Norway,NOR,1949,Yes,No,Northern Europe,Oslo,Transport Helicopter,Aviation,Air,CH-47 Chinook / NH90,471,On Order,End-of-Life,1950,74,349.42,164576.82,France,No,Yes,1960,2030,57.1
2764,Norway,NOR,1949,Yes,No,Northern Europe,Oslo,Transport Helicopter,Aviation,Air,CH-47 Chinook / NH90,846,On Order,Needs Repair,1982,42,261.49,221220.54,France,Partial,No,2017,2025,52.2
2765,Norway,NOR,1949,Yes,No,Northern Europe,Oslo,Towed Howitzer,Artillery,Land,M777 / FH70 / D-30,1898,On Order,Good,2010,14,292.21,554614.58,Turkey,Partial,Yes,2018,2025,61.8
2766,Norway,NOR,1949,Yes,No,Northern Europe,Oslo,Towed Howitzer,Artillery,Land,M777 / FH70 / D-30,1841,In Maintenance,Fair,1976,48,296.79,546390.39,Multi-National,Partial,Yes,1978,2026,45.3
2767,Norway,NOR,1949,Yes,No,Northern Europe,Oslo,Attack Helicopter,Aviation,Air,AH-64 Apache / Tiger / NH90,998,On Order,Good,1958,66,183.94,183572.12,France,Partial,No,1967,2035,68.4
2768,Norway,NOR,1949,Yes,No,Northern Europe,Oslo,Attack Helicopter,Aviation,Air,AH-64 Apache / Tiger / NH90,1069,In Maintenance,End-of-Life,2008,16,181.95,194504.55,Turkey,No,Yes,2023,2026,64.8
2769,Norway,NOR,1949,Yes,No,Northern Europe,Oslo,Attack Helicopter,Aviation,Air,AH-64 Apache / Tiger / NH90,1417,Operational,Excellent,1982,42,239.07,338762.19,Italy,Partial,Yes,1997,2033,45.3
2770,Norway,NOR,1949,Yes,No,Northern Europe,Oslo,Patrol Aircraft,Air Force,Air,P-8 Poseidon / Atlantic,1101,Decommissioning,Good,1959,65,78.55,86483.55,Turkey,Partial,Yes,2001,2034,74.0
2771,Norway,NOR,1949,Yes,No,Northern Europe,Oslo,Patrol Aircraft,Air Force,Air,P-8 Poseidon / Atlantic,1930,In Maintenance,Good,1957,67,349.8,675114.0,Turkey,Partial,Yes,1992,2030,74.3
2772,Norway,NOR,1949,Yes,No,Northern Europe,Oslo,Patrol Aircraft,Air Force,Air,P-8 Poseidon / Atlantic,513,Upgrading,End-of-Life,1990,34,110.67,56773.71,Multi-National,Partial,Yes,2005,2026,42.6
2773,Norway,NOR,1949,Yes,No,Northern Europe,Oslo,Field Hospital,Medical,Support,Role 2 / Role 3 Hospital,1297,Upgrading,Excellent,1988,36,366.49,475337.53,USA,No,No,1998,2027,99.5
2774,Norway,NOR,1949,Yes,No,Northern Europe,Oslo,Field Hospital,Medical,Support,Role 2 / Role 3 Hospital,1676,Operational,Excellent,1999,25,224.48,376228.48,UK,No,No,2000,2025,56.6
2775,Norway,NOR,1949,Yes,No,Northern Europe,Oslo,Short-Range Air Defense,Air Defense,Land,SHORAD / Gepard / Stinger,1740,Operational,Fair,1969,55,252.83,439924.2,UK,No,Yes,2024,2026,42.2
2776,Norway,NOR,1949,Yes,No,Northern Europe,Oslo,Short-Range Air Defense,Air Defense,Land,SHORAD / Gepard / Stinger,1152,In Maintenance,Fair,1975,49,340.9,392716.8,Multi-National,No,No,2007,2029,64.1
2777,Norway,NOR,1949,Yes,No,Northern Europe,Oslo,Infantry Fighting Vehicle,Armored,Land,Bradley / Puma / AS-21,1673,Decommissioning,Needs Repair,2007,17,245.27,410336.71,USA,No,Yes,2011,2031,67.5
2778,Norway,NOR,1949,Yes,No,Northern Europe,Oslo,Infantry Fighting Vehicle,Armored,Land,Bradley / Puma / AS-21,836,In Maintenance,End-of-Life,1953,71,316.72,264777.92,Italy,Partial,Yes,1983,2030,73.4
2779,Norway,NOR,1949,Yes,No,Northern Europe,Oslo,Submarine (SSN),Naval,Sea,Virginia-class / Astute-class,102,Upgrading,Fair,2004,20,162.2,16544.4,USA,Partial,No,2022,2032,55.0
2780,Norway,NOR,1949,Yes,No,Northern Europe,Oslo,Submarine (SSN),Naval,Sea,Virginia-class / Astute-class,451,On Order,Good,2003,21,182.4,82262.4,France,No,No,2016,2025,94.3
2781,Norway,NOR,1949,Yes,No,Northern Europe,Oslo,Submarine (SSN),Naval,Sea,Virginia-class / Astute-class,1040,Reserve,Needs Repair,1984,40,159.42,165796.8,Turkey,No,No,2017,2029,73.7
2782,Norway,NOR,1949,Yes,No,Northern Europe,Oslo,Submarine (SSN),Naval,Sea,Virginia-class / Astute-class,1411,Decommissioning,Good,1985,39,434.06,612458.66,Israel,Yes,Yes,2013,2028,58.7
2783,Norway,NOR,1949,Yes,No,Northern Europe,Oslo,Long-Range SAM,Air Defense,Land,Patriot PAC-3 / S-400,1853,Decommissioning,Needs Repair,1971,53,85.95,159265.35,Domestic,No,Yes,1988,2028,59.4
2784,Norway,NOR,1949,Yes,No,Northern Europe,Oslo,Long-Range SAM,Air Defense,Land,Patriot PAC-3 / S-400,375,Upgrading,Needs Repair,1994,30,374.76,140535.0,Domestic,Yes,Yes,2009,2032,50.4
2785,Norway,NOR,1949,Yes,No,Northern Europe,Oslo,Long-Range SAM,Air Defense,Land,Patriot PAC-3 / S-400,683,Operational,Needs Repair,2021,3,246.18,168140.94,USA,Partial,Yes,2022,2031,83.2
2786,Norway,NOR,1949,Yes,No,Northern Europe,Oslo,Long-Range SAM,Air Defense,Land,Patriot PAC-3 / S-400,428,Operational,Good,1970,54,265.3,113548.4,Multi-National,Partial,Yes,1989,2027,69.4
2787,Norway,NOR,1949,Yes,No,Northern Europe,Oslo,Amphibious Assault Ship,Naval,Sea,USS America / HMS Albion,1282,Decommissioning,Excellent,1970,54,196.95,252489.9,Multi-National,Partial,No,1990,2029,91.4
2788,Norway,NOR,1949,Yes,No,Northern Europe,Oslo,Amphibious Assault Ship,Naval,Sea,USS America / HMS Albion,33,Operational,End-of-Life,2017,7,186.24,6145.92,Turkey,Yes,No,2020,2033,87.4
2789,Norway,NOR,1949,Yes,No,Northern Europe,Oslo,Submarine (SSK),Naval,Sea,Type 212 / Gotland,165,Reserve,Excellent,1980,44,57.99,9568.35,Germany,Partial,No,2003,2033,57.4
2790,Norway,NOR,1949,Yes,No,Northern Europe,Oslo,Submarine (SSK),Naval,Sea,Type 212 / Gotland,737,Upgrading,Fair,1955,69,30.15,22220.55,Turkey,No,No,1995,2031,58.0
2791,Norway,NOR,1949,Yes,No,Northern Europe,Oslo,Submarine (SSK),Naval,Sea,Type 212 / Gotland,776,Decommissioning,Excellent,1977,47,285.75,221742.0,Domestic,Partial,No,2019,2035,85.2
2792,Norway,NOR,1949,Yes,No,Northern Europe,Oslo,Submarine (SSK),Naval,Sea,Type 212 / Gotland,1608,Reserve,Fair,1993,31,177.74,285805.92,Turkey,Yes,No,2000,2024,74.3
2793,Norway,NOR,1949,Yes,No,Northern Europe,Oslo,Medium-Range SAM,Air Defense,Land,Patriot / NASAMS / SAMP/T,1597,Upgrading,Excellent,1953,71,335.99,536576.03,Israel,Partial,Yes,1996,2027,98.9
2794,Norway,NOR,1949,Yes,No,Northern Europe,Oslo,Medium-Range SAM,Air Defense,Land,Patriot / NASAMS / SAMP/T,904,On Order,Good,1998,26,182.94,165377.76,UK,No,No,2010,2033,67.7
2795,Norway,NOR,1949,Yes,No,Northern Europe,Oslo,UAV / Drone,Air Force,Air,MQ-9 Reaper / Bayraktar TB2,189,In Maintenance,Good,2015,9,38.54,7284.06,Israel,Partial,No,2020,2031,59.9
2796,Norway,NOR,1949,Yes,No,Northern Europe,Oslo,UAV / Drone,Air Force,Air,MQ-9 Reaper / Bayraktar TB2,1624,Operational,Needs Repair,1996,28,118.65,192687.6,Multi-National,Yes,No,2020,2026,65.0
2797,Norway,NOR,1949,Yes,No,Northern Europe,Oslo,UAV / Drone,Air Force,Air,MQ-9 Reaper / Bayraktar TB2,765,Decommissioning,End-of-Life,1974,50,106.34,81350.1,Germany,Partial,No,2012,2035,75.3
2798,Norway,NOR,1949,Yes,No,Northern Europe,Oslo,UAV / Drone,Air Force,Air,MQ-9 Reaper / Bayraktar TB2,893,Operational,End-of-Life,2001,23,170.04,151845.72,USA,Partial,No,2011,2032,73.3
2799,Norway,NOR,1949,Yes,No,Northern Europe,Oslo,Anti-Tank Missile System,Anti-Armor,Land,Javelin / SPIKE / Milan,223,In Maintenance,Needs Repair,1987,37,287.92,64206.16,France,No,No,2003,2029,46.3
2800,Norway,NOR,1949,Yes,No,Northern Europe,Oslo,Anti-Tank Missile System,Anti-Armor,Land,Javelin / SPIKE / Milan,1644,Decommissioning,Good,1999,25,54.86,90189.84,Turkey,Partial,Yes,2004,2026,79.2
2801,Norway,NOR,1949,Yes,No,Northern Europe,Oslo,Anti-Tank Missile System,Anti-Armor,Land,Javelin / SPIKE / Milan,1832,Decommissioning,Fair,1976,48,395.69,724904.08,UK,Yes,Yes,2019,2026,45.1
2802,Poland,POL,1999,No,No,Central Europe,Warsaw,Strategic Bomber,Air Force,Air,B-52 / B-2 Spirit,1243,On Order,Good,2010,14,362.14,450140.02,Germany,Partial,Yes,2014,2033,62.9
2803,Poland,POL,1999,No,No,Central Europe,Warsaw,Strategic Bomber,Air Force,Air,B-52 / B-2 Spirit,448,Upgrading,Needs Repair,2013,11,36.26,16244.48,Italy,No,No,2022,2025,88.5
2804,Poland,POL,1999,No,No,Central Europe,Warsaw,Strategic Bomber,Air Force,Air,B-52 / B-2 Spirit,63,Reserve,Excellent,2018,6,137.93,8689.59,Germany,Partial,No,2020,2027,73.5
2805,Poland,POL,1999,No,No,Central Europe,Warsaw,Ammunition Supply Vehicle,Logistics,Support,PLS / DROPS,1084,Decommissioning,Needs Repair,2003,21,169.99,184269.16,Israel,Partial,No,2006,2027,80.4
2806,Poland,POL,1999,No,No,Central Europe,Warsaw,Ammunition Supply Vehicle,Logistics,Support,PLS / DROPS,794,Decommissioning,End-of-Life,2014,10,121.66,96598.04,Israel,Partial,No,2023,2024,71.1
2807,Poland,POL,1999,No,No,Central Europe,Warsaw,Ammunition Supply Vehicle,Logistics,Support,PLS / DROPS,982,Decommissioning,Excellent,2015,9,191.03,187591.46,UK,Yes,Yes,2020,2033,42.3
2808,Poland,POL,1999,No,No,Central Europe,Warsaw,Ammunition Supply Vehicle,Logistics,Support,PLS / DROPS,1486,Operational,Fair,2018,6,128.74,191307.64,UK,No,No,2020,2026,67.4
2809,Poland,POL,1999,No,No,Central Europe,Warsaw,Transport Helicopter,Aviation,Air,CH-47 Chinook / NH90,284,Reserve,Good,2010,14,135.42,38459.28,Turkey,Partial,No,2011,2024,76.0
2810,Poland,POL,1999,No,No,Central Europe,Warsaw,Transport Helicopter,Aviation,Air,CH-47 Chinook / NH90,519,In Maintenance,End-of-Life,2013,11,372.33,193239.27,Turkey,No,Yes,2020,2029,98.7
2811,Poland,POL,1999,No,No,Central Europe,Warsaw,Transport Helicopter,Aviation,Air,CH-47 Chinook / NH90,1788,Operational,Fair,2018,6,110.94,198360.72,Israel,Yes,Yes,2021,2032,50.1
2812,Poland,POL,1999,No,No,Central Europe,Warsaw,Maritime Helicopter,Aviation,Air,AW159 / MH-60R,1928,Upgrading,End-of-Life,1999,25,103.16,198892.48,USA,Partial,Yes,2016,2034,78.7
2813,Poland,POL,1999,No,No,Central Europe,Warsaw,Maritime Helicopter,Aviation,Air,AW159 / MH-60R,1097,Operational,Needs Repair,2014,10,216.4,237390.8,Italy,Yes,Yes,2017,2033,79.2
2814,Poland,POL,1999,No,No,Central Europe,Warsaw,Maritime Helicopter,Aviation,Air,AW159 / MH-60R,1280,Decommissioning,Good,2005,19,377.2,482816.0,Italy,No,No,2024,2031,81.4
2815,Poland,POL,1999,No,No,Central Europe,Warsaw,Maritime Helicopter,Aviation,Air,AW159 / MH-60R,625,Upgrading,Good,2023,1,304.59,190368.75,USA,No,No,2023,2032,64.2
2816,Poland,POL,1999,No,No,Central Europe,Warsaw,Destroyer,Naval,Sea,Arleigh Burke / Type 45,834,Decommissioning,Needs Repair,2022,2,198.12,165232.08,USA,No,Yes,2022,2032,63.5
2817,Poland,POL,1999,No,No,Central Europe,Warsaw,Destroyer,Naval,Sea,Arleigh Burke / Type 45,1622,Operational,Good,2016,8,54.16,87847.52,Germany,Partial,No,2018,2028,81.0
2818,Poland,POL,1999,No,No,Central Europe,Warsaw,Destroyer,Naval,Sea,Arleigh Burke / Type 45,1261,Operational,End-of-Life,2015,9,189.91,239476.51,UK,No,No,2020,2028,74.0
2819,Poland,POL,1999,No,No,Central Europe,Warsaw,Electronic Warfare System,Electronics,Land,JAMMER / Krasukha,64,Upgrading,Fair,2023,1,141.1,9030.4,UK,Yes,No,2024,2028,46.2
2820,Poland,POL,1999,No,No,Central Europe,Warsaw,Electronic Warfare System,Electronics,Land,JAMMER / Krasukha,225,In Maintenance,Excellent,2019,5,209.55,47148.75,Multi-National,Partial,Yes,2019,2035,50.6
2821,Poland,POL,1999,No,No,Central Europe,Warsaw,Electronic Warfare System,Electronics,Land,JAMMER / Krasukha,1089,Reserve,End-of-Life,2018,6,112.66,122686.74,Germany,Partial,Yes,2018,2034,75.3
2822,Poland,POL,1999,No,No,Central Europe,Warsaw,Radar System,Electronics,Land,AN/TPY-2 / AN/MPQ-65,729,Reserve,Excellent,2006,18,386.39,281678.31,UK,Partial,No,2018,2032,65.5
2823,Poland,POL,1999,No,No,Central Europe,Warsaw,Radar System,Electronics,Land,AN/TPY-2 / AN/MPQ-65,859,Operational,End-of-Life,2018,6,18.22,15650.98,Germany,Yes,Yes,2018,2029,48.0
2824,Poland,POL,1999,No,No,Central Europe,Warsaw,Logistics Truck (Heavy),Logistics,Support,HEMTT / MAN HX,31,Operational,Fair,2007,17,401.61,12449.91,Turkey,No,No,2011,2031,65.3
2825,Poland,POL,1999,No,No,Central Europe,Warsaw,Logistics Truck (Heavy),Logistics,Support,HEMTT / MAN HX,856,In Maintenance,Needs Repair,2001,23,293.42,251167.52,Turkey,Partial,Yes,2008,2027,54.3
2826,Poland,POL,1999,No,No,Central Europe,Warsaw,Logistics Truck (Heavy),Logistics,Support,HEMTT / MAN HX,675,Decommissioning,Fair,2012,12,422.42,285133.5,Germany,Yes,Yes,2020,2028,55.4
2827,Poland,POL,1999,No,No,Central Europe,Warsaw,Light Tank,Armored,Land,CV90105 / AMX-10RC,918,Operational,Needs Repair,2011,13,433.44,397897.92,Germany,Partial,No,2011,2035,64.8
2828,Poland,POL,1999,No,No,Central Europe,Warsaw,Light Tank,Armored,Land,CV90105 / AMX-10RC,135,Decommissioning,Fair,1999,25,96.61,13042.35,USA,Partial,No,2006,2034,50.8
2829,Poland,POL,1999,No,No,Central Europe,Warsaw,Light Tank,Armored,Land,CV90105 / AMX-10RC,837,In Maintenance,Fair,2010,14,371.96,311330.52,Israel,No,No,2014,2030,84.8
2830,Poland,POL,1999,No,No,Central Europe,Warsaw,Infantry Fighting Vehicle,Armored,Land,Bradley / Puma / AS-21,1677,In Maintenance,End-of-Life,2020,4,360.19,604038.63,UK,Partial,No,2023,2034,50.4
2831,Poland,POL,1999,No,No,Central Europe,Warsaw,Infantry Fighting Vehicle,Armored,Land,Bradley / Puma / AS-21,535,Operational,End-of-Life,2008,16,303.85,162559.75,Multi-National,Partial,Yes,2024,2033,46.9
2832,Poland,POL,1999,No,No,Central Europe,Warsaw,Submarine (SSN),Naval,Sea,Virginia-class / Astute-class,1393,In Maintenance,Fair,2005,19,372.4,518753.2,UK,Yes,No,2018,2026,89.7
2833,Poland,POL,1999,No,No,Central Europe,Warsaw,Submarine (SSN),Naval,Sea,Virginia-class / Astute-class,1093,On Order,Excellent,2020,4,388.64,424783.52,Turkey,Partial,Yes,2021,2032,57.0
2834,Poland,POL,1999,No,No,Central Europe,Warsaw,Submarine (SSN),Naval,Sea,Virginia-class / Astute-class,1459,Operational,Good,2013,11,357.89,522161.51,UK,Yes,No,2023,2028,77.0
2835,Poland,POL,1999,No,No,Central Europe,Warsaw,Medium-Range SAM,Air Defense,Land,Patriot / NASAMS / SAMP/T,1782,Reserve,End-of-Life,2022,2,143.12,255039.84,Germany,Partial,No,2022,2029,80.2
2836,Poland,POL,1999,No,No,Central Europe,Warsaw,Medium-Range SAM,Air Defense,Land,Patriot / NASAMS / SAMP/T,647,On Order,Fair,2023,1,121.61,78681.67,USA,Yes,Yes,2024,2033,41.4
2837,Poland,POL,1999,No,No,Central Europe,Warsaw,Medium-Range SAM,Air Defense,Land,Patriot / NASAMS / SAMP/T,1286,Operational,End-of-Life,2019,5,194.13,249651.18,Italy,Partial,No,2020,2034,66.3
2838,Poland,POL,1999,No,No,Central Europe,Warsaw,Medium-Range SAM,Air Defense,Land,Patriot / NASAMS / SAMP/T,674,In Maintenance,Excellent,2006,18,355.91,239883.34,Italy,Partial,No,2018,2028,53.7
2839,Poland,POL,1999,No,No,Central Europe,Warsaw,NBC Detection Vehicle,CBRN,Land,Fox / TPz Fuchs,1604,In Maintenance,End-of-Life,2007,17,122.52,196522.08,Domestic,Partial,No,2015,2034,41.0
2840,Poland,POL,1999,No,No,Central Europe,Warsaw,NBC Detection Vehicle,CBRN,Land,Fox / TPz Fuchs,1198,On Order,Good,2004,20,350.94,420426.12,USA,Partial,No,2005,2031,73.6
2841,Poland,POL,1999,No,No,Central Europe,Warsaw,NBC Detection Vehicle,CBRN,Land,Fox / TPz Fuchs,499,Reserve,Good,1999,25,396.29,197748.71,Domestic,Yes,Yes,2023,2028,78.0
2842,Poland,POL,1999,No,No,Central Europe,Warsaw,NBC Detection Vehicle,CBRN,Land,Fox / TPz Fuchs,1565,In Maintenance,End-of-Life,2019,5,94.52,147923.8,Germany,No,Yes,2019,2029,80.8
2843,Poland,POL,1999,No,No,Central Europe,Warsaw,UAV / Drone,Air Force,Air,MQ-9 Reaper / Bayraktar TB2,755,On Order,Needs Repair,2021,3,156.11,117863.05,Germany,Partial,No,2024,2029,63.0
2844,Poland,POL,1999,No,No,Central Europe,Warsaw,UAV / Drone,Air Force,Air,MQ-9 Reaper / Bayraktar TB2,708,Decommissioning,Good,2022,2,415.89,294450.12,France,Partial,Yes,2024,2033,86.3
2845,Poland,POL,1999,No,No,Central Europe,Warsaw,UAV / Drone,Air Force,Air,MQ-9 Reaper / Bayraktar TB2,427,On Order,Fair,2001,23,13.75,5871.25,USA,Partial,No,2015,2032,66.3
2846,Poland,POL,1999,No,No,Central Europe,Warsaw,UAV / Drone,Air Force,Air,MQ-9 Reaper / Bayraktar TB2,1888,Decommissioning,Excellent,2004,20,353.45,667313.6,Italy,No,Yes,2020,2027,76.2
2847,Poland,POL,1999,No,No,Central Europe,Warsaw,AWACS Aircraft,Air Force,Air,E-3 Sentry / E-7A,408,Operational,End-of-Life,1999,25,307.11,125300.88,Multi-National,No,No,2019,2034,75.3
2848,Poland,POL,1999,No,No,Central Europe,Warsaw,AWACS Aircraft,Air Force,Air,E-3 Sentry / E-7A,1572,Upgrading,Excellent,2020,4,235.42,370080.24,Turkey,No,No,2023,2026,80.1
2849,Poland,POL,1999,No,No,Central Europe,Warsaw,AWACS Aircraft,Air Force,Air,E-3 Sentry / E-7A,1392,Upgrading,Excellent,2022,2,170.05,236709.6,France,Yes,No,2022,2032,88.4
2850,Poland,POL,1999,No,No,Central Europe,Warsaw,AWACS Aircraft,Air Force,Air,E-3 Sentry / E-7A,1041,Upgrading,Fair,2013,11,160.83,167424.03,Domestic,Partial,Yes,2023,2026,42.1
2851,Poland,POL,1999,No,No,Central Europe,Warsaw,Submarine (SSK),Naval,Sea,Type 212 / Gotland,1816,Operational,Fair,2020,4,407.86,740673.76,Israel,Partial,Yes,2023,2028,52.5
2852,Poland,POL,1999,No,No,Central Europe,Warsaw,Submarine (SSK),Naval,Sea,Type 212 / Gotland,44,Reserve,End-of-Life,2019,5,179.81,7911.64,UK,No,No,2020,2033,50.0
2853,Poland,POL,1999,No,No,Central Europe,Warsaw,Submarine (SSK),Naval,Sea,Type 212 / Gotland,307,Reserve,Fair,2008,16,283.29,86970.03,Domestic,Partial,No,2015,2034,46.1
2854,Poland,POL,1999,No,No,Central Europe,Warsaw,Mortar System,Artillery,Land,M120 / AMOS,167,On Order,Excellent,2016,8,293.9,49081.3,USA,Yes,Yes,2016,2027,85.4
2855,Poland,POL,1999,No,No,Central Europe,Warsaw,Mortar System,Artillery,Land,M120 / AMOS,1002,On Order,Excellent,2004,20,274.89,275439.78,Israel,Partial,No,2008,2030,44.9
2856,Poland,POL,1999,No,No,Central Europe,Warsaw,Mortar System,Artillery,Land,M120 / AMOS,1309,Upgrading,Needs Repair,2023,1,441.88,578420.92,UK,No,Yes,2023,2031,81.6
2857,Poland,POL,1999,No,No,Central Europe,Warsaw,Multirole Aircraft,Air Force,Air,F-35 / Rafale / F/A-18,711,Upgrading,Fair,2004,20,199.61,141922.71,Germany,Partial,Yes,2021,2027,46.4
2858,Poland,POL,1999,No,No,Central Europe,Warsaw,Multirole Aircraft,Air Force,Air,F-35 / Rafale / F/A-18,1404,Operational,Excellent,2023,1,338.13,474734.52,USA,Partial,No,2023,2034,91.9
2859,Poland,POL,1999,No,No,Central Europe,Warsaw,Armored Personnel Carrier,Armored,Land,M113 / Boxer / BTR-80,367,Decommissioning,Excellent,2001,23,149.07,54708.69,Domestic,No,No,2003,2035,63.0
2860,Poland,POL,1999,No,No,Central Europe,Warsaw,Armored Personnel Carrier,Armored,Land,M113 / Boxer / BTR-80,775,In Maintenance,Excellent,2021,3,313.23,242753.25,Multi-National,No,Yes,2023,2026,73.3
2861,Poland,POL,1999,No,No,Central Europe,Warsaw,Long-Range SAM,Air Defense,Land,Patriot PAC-3 / S-400,483,In Maintenance,Good,2002,22,179.32,86611.56,Germany,No,No,2010,2028,68.4
2862,Poland,POL,1999,No,No,Central Europe,Warsaw,Long-Range SAM,Air Defense,Land,Patriot PAC-3 / S-400,80,Upgrading,Excellent,2011,13,22.19,1775.2,Israel,No,Yes,2018,2031,71.6
2863,Poland,POL,1999,No,No,Central Europe,Warsaw,Long-Range SAM,Air Defense,Land,Patriot PAC-3 / S-400,1815,Reserve,Excellent,2018,6,74.45,135126.75,Multi-National,Yes,Yes,2018,2031,49.6
2864,Poland,POL,1999,No,No,Central Europe,Warsaw,Long-Range SAM,Air Defense,Land,Patriot PAC-3 / S-400,1247,Reserve,Needs Repair,1999,25,226.95,283006.65,Multi-National,Partial,Yes,2022,2025,79.3
2865,Poland,POL,1999,No,No,Central Europe,Warsaw,Sniper Rifle System,Small Arms,Land,Barrett M82 / Accuracy Int.,126,Upgrading,Fair,2022,2,155.51,19594.26,Turkey,Partial,No,2024,2029,72.3
2866,Poland,POL,1999,No,No,Central Europe,Warsaw,Sniper Rifle System,Small Arms,Land,Barrett M82 / Accuracy Int.,760,Upgrading,End-of-Life,2013,11,340.48,258764.8,Domestic,Yes,Yes,2019,2034,67.6
2867,Poland,POL,1999,No,No,Central Europe,Warsaw,Sniper Rifle System,Small Arms,Land,Barrett M82 / Accuracy Int.,1493,On Order,Fair,2009,15,285.14,425714.02,Turkey,Partial,Yes,2009,2033,85.6
2868,Poland,POL,1999,No,No,Central Europe,Warsaw,Towed Howitzer,Artillery,Land,M777 / FH70 / D-30,1269,In Maintenance,Needs Repair,2017,7,377.35,478857.15,Multi-National,No,No,2022,2026,53.0
2869,Poland,POL,1999,No,No,Central Europe,Warsaw,Towed Howitzer,Artillery,Land,M777 / FH70 / D-30,90,Reserve,Good,2016,8,2.5,225.0,France,No,Yes,2016,2028,76.7
2870,Poland,POL,1999,No,No,Central Europe,Warsaw,Towed Howitzer,Artillery,Land,M777 / FH70 / D-30,1117,Upgrading,Excellent,2004,20,12.21,13638.57,Domestic,Yes,Yes,2016,2031,60.9
2871,Poland,POL,1999,No,No,Central Europe,Warsaw,Towed Howitzer,Artillery,Land,M777 / FH70 / D-30,538,On Order,End-of-Life,2013,11,156.57,84234.66,Israel,No,Yes,2019,2027,71.7
2872,Poland,POL,1999,No,No,Central Europe,Warsaw,Anti-Aircraft Gun,Air Defense,Land,Oerlikon 35mm / ZU-23,167,In Maintenance,Good,2002,22,212.26,35447.42,Domestic,Yes,No,2018,2026,45.4
2873,Poland,POL,1999,No,No,Central Europe,Warsaw,Anti-Aircraft Gun,Air Defense,Land,Oerlikon 35mm / ZU-23,1643,In Maintenance,Good,2004,20,441.84,725943.12,Domestic,Partial,Yes,2012,2032,95.9
2874,Poland,POL,1999,No,No,Central Europe,Warsaw,Anti-Aircraft Gun,Air Defense,Land,Oerlikon 35mm / ZU-23,1728,Operational,End-of-Life,2019,5,445.07,769080.96,Multi-National,Partial,No,2024,2025,46.4
2875,Poland,POL,1999,No,No,Central Europe,Warsaw,Combat Engineer Vehicle,Engineering,Land,M9 ACE / Leopard 2 AEV,1030,On Order,Good,1999,25,136.51,140605.3,Domestic,No,No,2020,2031,95.3
2876,Poland,POL,1999,No,No,Central Europe,Warsaw,Combat Engineer Vehicle,Engineering,Land,M9 ACE / Leopard 2 AEV,261,Upgrading,Excellent,2001,23,45.42,11854.62,Israel,Partial,Yes,2001,2033,71.8
2877,Poland,POL,1999,No,No,Central Europe,Warsaw,Combat Engineer Vehicle,Engineering,Land,M9 ACE / Leopard 2 AEV,196,Upgrading,Needs Repair,2020,4,392.5,76930.0,France,No,Yes,2020,2029,49.1
2878,Poland,POL,1999,No,No,Central Europe,Warsaw,Fighter Jet,Air Force,Air,F-16 / Gripen / Typhoon,993,Upgrading,Excellent,2005,19,372.74,370130.82,USA,Yes,No,2005,2030,72.0
2879,Poland,POL,1999,No,No,Central Europe,Warsaw,Fighter Jet,Air Force,Air,F-16 / Gripen / Typhoon,1079,Upgrading,Fair,2019,5,195.2,210620.8,USA,No,No,2020,2029,92.4
2880,Poland,POL,1999,No,No,Central Europe,Warsaw,Fighter Jet,Air Force,Air,F-16 / Gripen / Typhoon,1722,Decommissioning,Fair,2008,16,192.77,331949.94,France,Partial,No,2017,2026,60.5
2881,Poland,POL,1999,No,No,Central Europe,Warsaw,Ground Attack Aircraft,Air Force,Air,A-10 / Tornado IDS,942,Decommissioning,End-of-Life,2013,11,416.46,392305.32,Turkey,Partial,No,2016,2034,89.7
2882,Poland,POL,1999,No,No,Central Europe,Warsaw,Ground Attack Aircraft,Air Force,Air,A-10 / Tornado IDS,767,Upgrading,Excellent,2001,23,174.92,134163.64,France,Partial,Yes,2022,2034,54.9
2883,Poland,POL,1999,No,No,Central Europe,Warsaw,Ground Attack Aircraft,Air Force,Air,A-10 / Tornado IDS,985,Operational,Fair,2022,2,373.01,367414.85,Domestic,Partial,No,2024,2034,97.9
2884,Poland,POL,1999,No,No,Central Europe,Warsaw,Anti-Drone System,Air Defense,Land,DroneShield / AUDS / Skyfend,902,Operational,Fair,2024,0,290.92,262409.84,USA,Partial,No,2024,2026,53.4
2885,Poland,POL,1999,No,No,Central Europe,Warsaw,Anti-Drone System,Air Defense,Land,DroneShield / AUDS / Skyfend,1334,Upgrading,Good,2008,16,219.71,293093.14,Italy,Partial,No,2010,2035,45.5
2886,Poland,POL,1999,No,No,Central Europe,Warsaw,Anti-Drone System,Air Defense,Land,DroneShield / AUDS / Skyfend,1309,On Order,Fair,2019,5,274.08,358770.72,France,Yes,No,2019,2030,47.5
2887,Poland,POL,1999,No,No,Central Europe,Warsaw,Anti-Drone System,Air Defense,Land,DroneShield / AUDS / Skyfend,1551,On Order,Excellent,2020,4,367.44,569899.44,Israel,Yes,Yes,2022,2035,81.7
2888,Poland,POL,1999,No,No,Central Europe,Warsaw,Logistics Support Vessel,Naval,Sea,Supply / Berlin-class,816,In Maintenance,Excellent,2000,24,297.91,243094.56,Multi-National,Yes,No,2002,2034,71.3
2889,Poland,POL,1999,No,No,Central Europe,Warsaw,Logistics Support Vessel,Naval,Sea,Supply / Berlin-class,540,Decommissioning,Good,2005,19,123.71,66803.4,Israel,Yes,No,2018,2032,43.7
2890,Poland,POL,1999,No,No,Central Europe,Warsaw,Logistics Support Vessel,Naval,Sea,Supply / Berlin-class,1912,Decommissioning,Good,2015,9,224.7,429626.4,UK,No,Yes,2019,2035,55.6
2891,Poland,POL,1999,No,No,Central Europe,Warsaw,Satellite Terminal,Communications,Digital,SATCOM / JTRS,871,Operational,End-of-Life,2013,11,174.74,152198.54,Turkey,Partial,No,2016,2024,77.0
2892,Poland,POL,1999,No,No,Central Europe,Warsaw,Satellite Terminal,Communications,Digital,SATCOM / JTRS,587,Decommissioning,Good,2014,10,135.99,79826.13,Germany,No,Yes,2018,2032,68.9
2893,Poland,POL,1999,No,No,Central Europe,Warsaw,Satellite Terminal,Communications,Digital,SATCOM / JTRS,1239,In Maintenance,End-of-Life,2022,2,427.47,529635.33,Italy,Yes,No,2024,2026,73.6
2894,Poland,POL,1999,No,No,Central Europe,Warsaw,Satellite Terminal,Communications,Digital,SATCOM / JTRS,1208,Reserve,Fair,2000,24,250.64,302773.12,Multi-National,Yes,No,2004,2031,68.6
2895,Poland,POL,1999,No,No,Central Europe,Warsaw,Frigate,Naval,Sea,FREMM / Type 23 / FREMM,459,In Maintenance,Fair,2002,22,387.77,177986.43,Multi-National,Yes,Yes,2023,2032,94.6
2896,Poland,POL,1999,No,No,Central Europe,Warsaw,Frigate,Naval,Sea,FREMM / Type 23 / FREMM,807,Operational,Fair,2011,13,100.71,81272.97,USA,Partial,No,2024,2035,55.1
2897,Poland,POL,1999,No,No,Central Europe,Warsaw,Strategic Transport Aircraft,Air Force,Air,C-17 / A400M / C-130,873,In Maintenance,Fair,2009,15,321.9,281018.7,Israel,Partial,No,2019,2025,64.7
2898,Poland,POL,1999,No,No,Central Europe,Warsaw,Strategic Transport Aircraft,Air Force,Air,C-17 / A400M / C-130,366,Operational,Needs Repair,2001,23,214.76,78602.16,USA,Yes,No,2023,2034,48.6
2899,Poland,POL,1999,No,No,Central Europe,Warsaw,Strategic Transport Aircraft,Air Force,Air,C-17 / A400M / C-130,1135,On Order,Needs Repair,2008,16,147.8,167753.0,Domestic,Partial,No,2008,2034,41.4
2900,Poland,POL,1999,No,No,Central Europe,Warsaw,Mine Countermeasure Vessel,Naval,Sea,Hunt-class / Alkmaar,534,Decommissioning,Excellent,2020,4,149.97,80083.98,Turkey,No,No,2022,2032,67.5
2901,Poland,POL,1999,No,No,Central Europe,Warsaw,Mine Countermeasure Vessel,Naval,Sea,Hunt-class / Alkmaar,612,On Order,Good,2002,22,102.02,62436.24,USA,Yes,No,2015,2024,69.7
2902,Poland,POL,1999,No,No,Central Europe,Warsaw,Mine Countermeasure Vessel,Naval,Sea,Hunt-class / Alkmaar,1585,Decommissioning,Fair,2006,18,88.83,140795.55,Multi-National,Yes,Yes,2014,2029,47.6
2903,Poland,POL,1999,No,No,Central Europe,Warsaw,Field Hospital,Medical,Support,Role 2 / Role 3 Hospital,1101,Operational,Good,2002,22,174.41,192025.41,Italy,Yes,No,2005,2031,65.4
2904,Poland,POL,1999,No,No,Central Europe,Warsaw,Field Hospital,Medical,Support,Role 2 / Role 3 Hospital,1701,Operational,Fair,2010,14,140.48,238956.48,USA,Yes,Yes,2010,2034,46.0
2905,Poland,POL,1999,No,No,Central Europe,Warsaw,Field Hospital,Medical,Support,Role 2 / Role 3 Hospital,1381,In Maintenance,End-of-Life,2023,1,208.38,287772.78,USA,Partial,Yes,2023,2029,71.1
2906,Poland,POL,1999,No,No,Central Europe,Warsaw,Field Hospital,Medical,Support,Role 2 / Role 3 Hospital,578,On Order,Excellent,2016,8,442.47,255747.66,USA,Yes,No,2023,2025,48.1
2907,Poland,POL,1999,No,No,Central Europe,Warsaw,Anti-Tank Missile System,Anti-Armor,Land,Javelin / SPIKE / Milan,1005,Reserve,Needs Repair,2021,3,47.75,47988.75,Multi-National,No,Yes,2021,2033,45.8
2908,Poland,POL,1999,No,No,Central Europe,Warsaw,Anti-Tank Missile System,Anti-Armor,Land,Javelin / SPIKE / Milan,925,Decommissioning,Fair,2008,16,122.5,113312.5,Domestic,Partial,Yes,2014,2024,87.5
2909,Poland,POL,1999,No,No,Central Europe,Warsaw,Anti-Tank Missile System,Anti-Armor,Land,Javelin / SPIKE / Milan,1990,On Order,Good,2023,1,242.27,482117.3,Germany,Partial,Yes,2024,2028,89.6
2910,Poland,POL,1999,No,No,Central Europe,Warsaw,Air Superiority Fighter,Air Force,Air,F-22 / Typhoon,1267,Decommissioning,Fair,2023,1,175.38,222206.46,Domestic,Yes,Yes,2024,2030,55.1
2911,Poland,POL,1999,No,No,Central Europe,Warsaw,Air Superiority Fighter,Air Force,Air,F-22 / Typhoon,261,Decommissioning,Needs Repair,2012,12,288.16,75209.76,Germany,Partial,Yes,2014,2027,73.0
2912,Poland,POL,1999,No,No,Central Europe,Warsaw,Air Superiority Fighter,Air Force,Air,F-22 / Typhoon,790,Upgrading,Excellent,2009,15,189.19,149460.1,Domestic,Partial,Yes,2020,2033,72.6
2913,Poland,POL,1999,No,No,Central Europe,Warsaw,Air Superiority Fighter,Air Force,Air,F-22 / Typhoon,1372,Decommissioning,End-of-Life,2002,22,388.42,532912.24,Domestic,Yes,Yes,2002,2024,59.9
2914,Poland,POL,1999,No,No,Central Europe,Warsaw,Corvette,Naval,Sea,Skjold / Visby / Burak,936,Upgrading,End-of-Life,2016,8,69.62,65164.32,Turkey,Partial,Yes,2018,2024,94.4
2915,Poland,POL,1999,No,No,Central Europe,Warsaw,Corvette,Naval,Sea,Skjold / Visby / Burak,392,Operational,End-of-Life,1999,25,204.71,80246.32,USA,No,Yes,2004,2027,92.3
2916,Poland,POL,1999,No,No,Central Europe,Warsaw,Tanker Aircraft,Air Force,Air,KC-135 / A330 MRTT,959,Upgrading,Good,2011,13,425.17,407738.03,USA,No,No,2012,2029,91.0
2917,Poland,POL,1999,No,No,Central Europe,Warsaw,Tanker Aircraft,Air Force,Air,KC-135 / A330 MRTT,1429,Decommissioning,Excellent,2001,23,439.0,627331.0,Turkey,Yes,Yes,2015,2035,48.0
2918,Poland,POL,1999,No,No,Central Europe,Warsaw,Tanker Aircraft,Air Force,Air,KC-135 / A330 MRTT,1360,On Order,End-of-Life,2004,20,374.4,509184.0,UK,Yes,No,2010,2029,72.2
2919,Poland,POL,1999,No,No,Central Europe,Warsaw,Tanker Aircraft,Air Force,Air,KC-135 / A330 MRTT,1746,In Maintenance,Needs Repair,2006,18,138.2,241297.2,France,Partial,No,2014,2033,59.4
2920,Poland,POL,1999,No,No,Central Europe,Warsaw,Multiple Launch Rocket System,Artillery,Land,M270 / HIMARS / BM-21,183,On Order,Good,2000,24,274.41,50217.03,France,No,No,2016,2032,60.9
2921,Poland,POL,1999,No,No,Central Europe,Warsaw,Multiple Launch Rocket System,Artillery,Land,M270 / HIMARS / BM-21,1733,On Order,Good,2003,21,401.56,695903.48,UK,No,Yes,2023,2032,88.9
2922,Poland,POL,1999,No,No,Central Europe,Warsaw,Multiple Launch Rocket System,Artillery,Land,M270 / HIMARS / BM-21,201,Decommissioning,Excellent,2012,12,37.2,7477.2,Italy,No,No,2017,2027,41.1
2923,Poland,POL,1999,No,No,Central Europe,Warsaw,Multiple Launch Rocket System,Artillery,Land,M270 / HIMARS / BM-21,1305,Operational,Fair,2003,21,264.37,345002.85,Domestic,Partial,No,2005,2030,68.0
2924,Poland,POL,1999,No,No,Central Europe,Warsaw,Bridge Layer,Engineering,Land,AVLB / Biber,1286,Operational,Good,2020,4,70.99,91293.14,Turkey,Partial,Yes,2022,2029,91.0
2925,Poland,POL,1999,No,No,Central Europe,Warsaw,Bridge Layer,Engineering,Land,AVLB / Biber,1890,Operational,End-of-Life,2016,8,36.85,69646.5,USA,No,Yes,2024,2028,60.2
2926,Poland,POL,1999,No,No,Central Europe,Warsaw,Bridge Layer,Engineering,Land,AVLB / Biber,1058,Upgrading,Fair,2008,16,241.45,255454.1,UK,Yes,Yes,2013,2030,51.0
2927,Poland,POL,1999,No,No,Central Europe,Warsaw,Attack Helicopter,Aviation,Air,AH-64 Apache / Tiger / NH90,1988,Decommissioning,Excellent,2011,13,156.29,310704.52,Turkey,Partial,Yes,2011,2024,73.4
2928,Poland,POL,1999,No,No,Central Europe,Warsaw,Attack Helicopter,Aviation,Air,AH-64 Apache / Tiger / NH90,1357,Operational,Excellent,1999,25,160.29,217513.53,Turkey,No,Yes,2023,2034,79.8
2929,Poland,POL,1999,No,No,Central Europe,Warsaw,Attack Helicopter,Aviation,Air,AH-64 Apache / Tiger / NH90,661,In Maintenance,End-of-Life,2013,11,145.02,95858.22,Germany,No,No,2024,2029,92.3
2930,Poland,POL,1999,No,No,Central Europe,Warsaw,Attack Helicopter,Aviation,Air,AH-64 Apache / Tiger / NH90,865,On Order,End-of-Life,2015,9,11.51,9956.15,UK,No,Yes,2015,2025,60.3
2931,Poland,POL,1999,No,No,Central Europe,Warsaw,Aircraft Carrier,Naval,Sea,Gerald R. Ford / Queen Elizabeth,1153,In Maintenance,Needs Repair,2002,22,57.91,66770.23,Germany,No,Yes,2011,2033,78.7
2932,Poland,POL,1999,No,No,Central Europe,Warsaw,Aircraft Carrier,Naval,Sea,Gerald R. Ford / Queen Elizabeth,1401,On Order,Excellent,2008,16,353.23,494875.23,Domestic,Yes,No,2011,2033,81.5
2933,Poland,POL,1999,No,No,Central Europe,Warsaw,Aircraft Carrier,Naval,Sea,Gerald R. Ford / Queen Elizabeth,807,In Maintenance,Fair,2019,5,202.09,163086.63,UK,No,Yes,2023,2029,88.4
2934,Poland,POL,1999,No,No,Central Europe,Warsaw,Aircraft Carrier,Naval,Sea,Gerald R. Ford / Queen Elizabeth,970,In Maintenance,Fair,2021,3,218.32,211770.4,Multi-National,No,No,2023,2031,63.1
2935,Portugal,PRT,1949,Yes,No,Western Europe,Lisbon,Bridge Layer,Engineering,Land,AVLB / Biber,937,Upgrading,End-of-Life,1981,43,97.05,90935.85,Germany,Partial,No,2005,2029,97.4
2936,Portugal,PRT,1949,Yes,No,Western Europe,Lisbon,Bridge Layer,Engineering,Land,AVLB / Biber,739,Reserve,End-of-Life,1995,29,156.5,115653.5,Israel,Partial,No,2007,2032,61.6
2937,Portugal,PRT,1949,Yes,No,Western Europe,Lisbon,Bridge Layer,Engineering,Land,AVLB / Biber,1486,Reserve,End-of-Life,2004,20,343.11,509861.46,Turkey,Partial,Yes,2016,2028,92.4
2938,Portugal,PRT,1949,Yes,No,Western Europe,Lisbon,Mine Countermeasure Vessel,Naval,Sea,Hunt-class / Alkmaar,970,Operational,Excellent,1964,60,101.26,98222.2,Germany,No,No,1980,2030,78.4
2939,Portugal,PRT,1949,Yes,No,Western Europe,Lisbon,Mine Countermeasure Vessel,Naval,Sea,Hunt-class / Alkmaar,699,Upgrading,End-of-Life,1981,43,107.78,75338.22,Multi-National,No,Yes,2018,2028,78.1
2940,Portugal,PRT,1949,Yes,No,Western Europe,Lisbon,Mine Countermeasure Vessel,Naval,Sea,Hunt-class / Alkmaar,2000,Upgrading,Excellent,2015,9,129.13,258260.0,UK,Yes,No,2020,2024,59.7
2941,Portugal,PRT,1949,Yes,No,Western Europe,Lisbon,Mine Countermeasure Vessel,Naval,Sea,Hunt-class / Alkmaar,1528,In Maintenance,Needs Repair,1999,25,95.8,146382.4,Domestic,No,No,2019,2025,91.1
2942,Portugal,PRT,1949,Yes,No,Western Europe,Lisbon,Anti-Aircraft Gun,Air Defense,Land,Oerlikon 35mm / ZU-23,215,In Maintenance,End-of-Life,2000,24,291.93,62764.95,Turkey,No,No,2010,2033,56.7
2943,Portugal,PRT,1949,Yes,No,Western Europe,Lisbon,Anti-Aircraft Gun,Air Defense,Land,Oerlikon 35mm / ZU-23,366,Operational,Good,2023,1,236.26,86471.16,France,Partial,Yes,2024,2025,76.9
2944,Portugal,PRT,1949,Yes,No,Western Europe,Lisbon,Anti-Aircraft Gun,Air Defense,Land,Oerlikon 35mm / ZU-23,1260,Upgrading,Excellent,2008,16,381.29,480425.4,USA,Partial,Yes,2011,2035,81.5
2945,Portugal,PRT,1949,Yes,No,Western Europe,Lisbon,Anti-Aircraft Gun,Air Defense,Land,Oerlikon 35mm / ZU-23,906,In Maintenance,Needs Repair,2008,16,132.88,120389.28,Domestic,No,Yes,2024,2029,76.2
2946,Portugal,PRT,1949,Yes,No,Western Europe,Lisbon,Maritime Helicopter,Aviation,Air,AW159 / MH-60R,205,Upgrading,End-of-Life,1983,41,100.9,20684.5,UK,No,No,2021,2027,98.1
2947,Portugal,PRT,1949,Yes,No,Western Europe,Lisbon,Maritime Helicopter,Aviation,Air,AW159 / MH-60R,628,Decommissioning,End-of-Life,2011,13,176.0,110528.0,France,Partial,No,2012,2030,77.8
2948,Portugal,PRT,1949,Yes,No,Western Europe,Lisbon,Maritime Helicopter,Aviation,Air,AW159 / MH-60R,187,Upgrading,Needs Repair,2017,7,299.55,56015.85,UK,Partial,No,2017,2032,57.5
2949,Portugal,PRT,1949,Yes,No,Western Europe,Lisbon,Destroyer,Naval,Sea,Arleigh Burke / Type 45,1618,In Maintenance,Excellent,2003,21,285.7,462262.6,Turkey,Partial,Yes,2023,2024,91.5
2950,Portugal,PRT,1949,Yes,No,Western Europe,Lisbon,Destroyer,Naval,Sea,Arleigh Burke / Type 45,398,Upgrading,Excellent,1958,66,60.81,24202.38,Italy,No,No,1996,2024,48.4
2951,Portugal,PRT,1949,Yes,No,Western Europe,Lisbon,Mortar System,Artillery,Land,M120 / AMOS,1639,Reserve,Fair,2018,6,338.75,555211.25,Italy,Partial,No,2021,2033,59.2
2952,Portugal,PRT,1949,Yes,No,Western Europe,Lisbon,Mortar System,Artillery,Land,M120 / AMOS,1159,Upgrading,End-of-Life,1962,62,288.35,334197.65,USA,Yes,Yes,1993,2032,54.5
2953,Portugal,PRT,1949,Yes,No,Western Europe,Lisbon,Mortar System,Artillery,Land,M120 / AMOS,1777,Decommissioning,Good,1976,48,49.58,88103.66,Italy,Partial,No,1982,2026,84.1
2954,Portugal,PRT,1949,Yes,No,Western Europe,Lisbon,Mortar System,Artillery,Land,M120 / AMOS,1568,On Order,Good,1983,41,147.84,231813.12,France,Yes,No,2016,2024,97.8
2955,Portugal,PRT,1949,Yes,No,Western Europe,Lisbon,Combat Engineer Vehicle,Engineering,Land,M9 ACE / Leopard 2 AEV,593,Upgrading,Excellent,1994,30,144.01,85397.93,USA,No,Yes,2019,2035,67.9
2956,Portugal,PRT,1949,Yes,No,Western Europe,Lisbon,Combat Engineer Vehicle,Engineering,Land,M9 ACE / Leopard 2 AEV,1581,Reserve,End-of-Life,1976,48,150.16,237402.96,Germany,Partial,No,1988,2026,69.7
2957,Portugal,PRT,1949,Yes,No,Western Europe,Lisbon,Anti-Drone System,Air Defense,Land,DroneShield / AUDS / Skyfend,317,Reserve,Excellent,1976,48,45.29,14356.93,Germany,Partial,Yes,1978,2030,40.2
2958,Portugal,PRT,1949,Yes,No,Western Europe,Lisbon,Anti-Drone System,Air Defense,Land,DroneShield / AUDS / Skyfend,1294,Reserve,Fair,2012,12,174.85,226255.9,France,Yes,No,2022,2030,40.1
2959,Portugal,PRT,1949,Yes,No,Western Europe,Lisbon,Electronic Warfare System,Electronics,Land,JAMMER / Krasukha,1981,In Maintenance,Good,1998,26,436.74,865181.94,Italy,No,No,2000,2035,64.2
2960,Portugal,PRT,1949,Yes,No,Western Europe,Lisbon,Electronic Warfare System,Electronics,Land,JAMMER / Krasukha,369,Upgrading,Excellent,2020,4,298.95,110312.55,Germany,No,Yes,2020,2029,83.2
2961,Portugal,PRT,1949,Yes,No,Western Europe,Lisbon,Electronic Warfare System,Electronics,Land,JAMMER / Krasukha,1795,On Order,Good,1961,63,121.41,217930.95,Italy,Yes,No,1977,2034,51.9
2962,Portugal,PRT,1949,Yes,No,Western Europe,Lisbon,Electronic Warfare System,Electronics,Land,JAMMER / Krasukha,782,Reserve,Fair,2014,10,164.95,128990.9,Multi-National,No,Yes,2020,2024,77.9
2963,Portugal,PRT,1949,Yes,No,Western Europe,Lisbon,Light Tank,Armored,Land,CV90105 / AMX-10RC,1685,On Order,Needs Repair,1981,43,150.54,253659.9,Germany,Yes,No,1983,2029,95.6
2964,Portugal,PRT,1949,Yes,No,Western Europe,Lisbon,Light Tank,Armored,Land,CV90105 / AMX-10RC,1912,In Maintenance,Excellent,1996,28,361.34,690882.08,Israel,Yes,Yes,2003,2033,41.0
2965,Portugal,PRT,1949,Yes,No,Western Europe,Lisbon,Radar System,Electronics,Land,AN/TPY-2 / AN/MPQ-65,750,In Maintenance,Needs Repair,2017,7,410.78,308085.0,Italy,Partial,Yes,2020,2028,43.1
2966,Portugal,PRT,1949,Yes,No,Western Europe,Lisbon,Radar System,Electronics,Land,AN/TPY-2 / AN/MPQ-65,1009,Upgrading,End-of-Life,1954,70,338.53,341576.77,France,Yes,No,2000,2029,64.1
2967,Portugal,PRT,1949,Yes,No,Western Europe,Lisbon,Radar System,Electronics,Land,AN/TPY-2 / AN/MPQ-65,1044,Operational,End-of-Life,1997,27,265.73,277422.12,Germany,Partial,No,2003,2033,73.8
2968,Portugal,PRT,1949,Yes,No,Western Europe,Lisbon,Towed Howitzer,Artillery,Land,M777 / FH70 / D-30,610,Decommissioning,End-of-Life,2017,7,355.7,216977.0,Domestic,Yes,No,2022,2031,82.6
2969,Portugal,PRT,1949,Yes,No,Western Europe,Lisbon,Towed Howitzer,Artillery,Land,M777 / FH70 / D-30,429,Operational,Needs Repair,1975,49,408.39,175199.31,Germany,No,No,1975,2033,80.4
2970,Portugal,PRT,1949,Yes,No,Western Europe,Lisbon,Towed Howitzer,Artillery,Land,M777 / FH70 / D-30,22,Reserve,Excellent,1988,36,113.71,2501.62,USA,No,No,1988,2029,64.7
2971,Portugal,PRT,1949,Yes,No,Western Europe,Lisbon,Armored Personnel Carrier,Armored,Land,M113 / Boxer / BTR-80,712,Decommissioning,Excellent,1991,33,232.36,165440.32,Israel,No,No,2022,2035,82.6
2972,Portugal,PRT,1949,Yes,No,Western Europe,Lisbon,Armored Personnel Carrier,Armored,Land,M113 / Boxer / BTR-80,274,Reserve,Good,1970,54,91.28,25010.72,Domestic,No,Yes,1971,2024,63.9
2973,Portugal,PRT,1949,Yes,No,Western Europe,Lisbon,Armored Personnel Carrier,Armored,Land,M113 / Boxer / BTR-80,1415,Operational,Needs Repair,1958,66,258.58,365890.7,Turkey,Yes,Yes,2006,2027,60.4
2974,Portugal,PRT,1949,Yes,No,Western Europe,Lisbon,Infantry Fighting Vehicle,Armored,Land,Bradley / Puma / AS-21,1562,On Order,Good,1961,63,380.39,594169.18,Domestic,Yes,No,1974,2026,88.9
2975,Portugal,PRT,1949,Yes,No,Western Europe,Lisbon,Infantry Fighting Vehicle,Armored,Land,Bradley / Puma / AS-21,444,On Order,Excellent,1970,54,249.42,110742.48,UK,Yes,Yes,2010,2028,95.7
2976,Portugal,PRT,1949,Yes,No,Western Europe,Lisbon,Strategic Transport Aircraft,Air Force,Air,C-17 / A400M / C-130,281,Decommissioning,Good,1968,56,117.93,33138.33,Germany,No,Yes,1969,2026,53.9
2977,Portugal,PRT,1949,Yes,No,Western Europe,Lisbon,Strategic Transport Aircraft,Air Force,Air,C-17 / A400M / C-130,271,Operational,Good,1957,67,7.28,1972.88,Germany,No,Yes,1977,2028,79.7
2978,Portugal,PRT,1949,Yes,No,Western Europe,Lisbon,Strategic Transport Aircraft,Air Force,Air,C-17 / A400M / C-130,683,Upgrading,End-of-Life,1957,67,288.49,197038.67,USA,Partial,Yes,1999,2027,85.5
2979,Portugal,PRT,1949,Yes,No,Western Europe,Lisbon,Multirole Aircraft,Air Force,Air,F-35 / Rafale / F/A-18,662,Upgrading,Needs Repair,1998,26,52.9,35019.8,Germany,Partial,No,2021,2035,71.1
2980,Portugal,PRT,1949,Yes,No,Western Europe,Lisbon,Multirole Aircraft,Air Force,Air,F-35 / Rafale / F/A-18,837,Reserve,Excellent,2012,12,360.03,301345.11,Multi-National,Partial,No,2019,2033,95.9
2981,Portugal,PRT,1949,Yes,No,Western Europe,Lisbon,Multirole Aircraft,Air Force,Air,F-35 / Rafale / F/A-18,443,Reserve,Excellent,1998,26,31.57,13985.51,Multi-National,Yes,Yes,2018,2031,42.4
2982,Portugal,PRT,1949,Yes,No,Western Europe,Lisbon,Multirole Aircraft,Air Force,Air,F-35 / Rafale / F/A-18,112,In Maintenance,Needs Repair,2000,24,111.07,12439.84,Domestic,Yes,No,2006,2025,83.2
2983,Portugal,PRT,1949,Yes,No,Western Europe,Lisbon,Strategic Bomber,Air Force,Air,B-52 / B-2 Spirit,868,In Maintenance,Needs Repair,2010,14,377.86,327982.48,USA,No,Yes,2016,2026,75.2
2984,Portugal,PRT,1949,Yes,No,Western Europe,Lisbon,Strategic Bomber,Air Force,Air,B-52 / B-2 Spirit,598,On Order,End-of-Life,1991,33,365.34,218473.32,Turkey,Partial,No,2020,2027,72.6
2985,Portugal,PRT,1949,Yes,No,Western Europe,Lisbon,Strategic Bomber,Air Force,Air,B-52 / B-2 Spirit,1520,In Maintenance,End-of-Life,1973,51,311.2,473024.0,Germany,Yes,No,2000,2026,75.6
2986,Portugal,PRT,1949,Yes,No,Western Europe,Lisbon,Frigate,Naval,Sea,FREMM / Type 23 / FREMM,383,In Maintenance,Good,1970,54,425.79,163077.57,Multi-National,Partial,Yes,1982,2032,96.2
2987,Portugal,PRT,1949,Yes,No,Western Europe,Lisbon,Frigate,Naval,Sea,FREMM / Type 23 / FREMM,668,In Maintenance,Fair,1972,52,324.98,217086.64,Domestic,No,Yes,2003,2034,41.6
2988,Portugal,PRT,1949,Yes,No,Western Europe,Lisbon,Attack Helicopter,Aviation,Air,AH-64 Apache / Tiger / NH90,1766,Operational,Excellent,1987,37,413.76,730700.16,UK,No,Yes,1997,2028,60.3
2989,Portugal,PRT,1949,Yes,No,Western Europe,Lisbon,Attack Helicopter,Aviation,Air,AH-64 Apache / Tiger / NH90,330,In Maintenance,Fair,1973,51,265.82,87720.6,Italy,No,No,2016,2024,71.3
2990,Portugal,PRT,1949,Yes,No,Western Europe,Lisbon,Attack Helicopter,Aviation,Air,AH-64 Apache / Tiger / NH90,1689,On Order,Good,2022,2,99.62,168258.18,Italy,Yes,No,2023,2026,81.6
2991,Portugal,PRT,1949,Yes,No,Western Europe,Lisbon,Attack Helicopter,Aviation,Air,AH-64 Apache / Tiger / NH90,1258,Upgrading,Fair,1974,50,88.88,111811.04,USA,No,Yes,1995,2032,89.1
2992,Portugal,PRT,1949,Yes,No,Western Europe,Lisbon,Transport Helicopter,Aviation,Air,CH-47 Chinook / NH90,1814,Decommissioning,Needs Repair,1979,45,93.65,169881.1,Multi-National,Partial,No,2018,2025,83.8
2993,Portugal,PRT,1949,Yes,No,Western Europe,Lisbon,Transport Helicopter,Aviation,Air,CH-47 Chinook / NH90,1653,Operational,End-of-Life,1952,72,153.49,253718.97,UK,No,No,1998,2033,60.7
2994,Portugal,PRT,1949,Yes,No,Western Europe,Lisbon,Transport Helicopter,Aviation,Air,CH-47 Chinook / NH90,1043,Upgrading,Good,1973,51,155.74,162436.82,France,Yes,Yes,1973,2024,68.9
2995,Portugal,PRT,1949,Yes,No,Western Europe,Lisbon,Transport Helicopter,Aviation,Air,CH-47 Chinook / NH90,1147,Operational,End-of-Life,2003,21,393.35,451172.45,Israel,Partial,No,2019,2028,63.6
2996,Portugal,PRT,1949,Yes,No,Western Europe,Lisbon,AWACS Aircraft,Air Force,Air,E-3 Sentry / E-7A,585,Reserve,Good,2009,15,323.73,189382.05,USA,No,Yes,2020,2034,62.8
2997,Portugal,PRT,1949,Yes,No,Western Europe,Lisbon,AWACS Aircraft,Air Force,Air,E-3 Sentry / E-7A,745,Upgrading,End-of-Life,1955,69,250.42,186562.9,Germany,Partial,Yes,2013,2034,40.0
2998,Portugal,PRT,1949,Yes,No,Western Europe,Lisbon,AWACS Aircraft,Air Force,Air,E-3 Sentry / E-7A,355,On Order,Fair,1992,32,368.53,130828.15,UK,Partial,Yes,1999,2035,80.0
2999,Portugal,PRT,1949,Yes,No,Western Europe,Lisbon,NBC Detection Vehicle,CBRN,Land,Fox / TPz Fuchs,729,Reserve,Excellent,2002,22,80.48,58669.92,Germany,No,No,2016,2030,93.7
3000,Portugal,PRT,1949,Yes,No,Western Europe,Lisbon,NBC Detection Vehicle,CBRN,Land,Fox / TPz Fuchs,1041,Decommissioning,Fair,1953,71,353.79,368295.39,Domestic,Partial,No,2004,2028,69.0
3001,Portugal,PRT,1949,Yes,No,Western Europe,Lisbon,NBC Detection Vehicle,CBRN,Land,Fox / TPz Fuchs,510,Reserve,Good,1975,49,191.22,97522.2,UK,No,Yes,2020,2026,41.4
3002,Portugal,PRT,1949,Yes,No,Western Europe,Lisbon,Logistics Support Vessel,Naval,Sea,Supply / Berlin-class,556,Upgrading,Excellent,1978,46,63.53,35322.68,UK,Yes,No,1981,2035,79.9
3003,Portugal,PRT,1949,Yes,No,Western Europe,Lisbon,Logistics Support Vessel,Naval,Sea,Supply / Berlin-class,1834,Reserve,Good,1976,48,215.57,395355.38,UK,Yes,Yes,1978,2033,43.9
3004,Portugal,PRT,1949,Yes,No,Western Europe,Lisbon,Logistics Support Vessel,Naval,Sea,Supply / Berlin-class,1386,On Order,Excellent,2002,22,240.31,333069.66,Italy,Yes,Yes,2007,2026,99.4
3005,Portugal,PRT,1949,Yes,No,Western Europe,Lisbon,Ground Attack Aircraft,Air Force,Air,A-10 / Tornado IDS,1512,Upgrading,Fair,2001,23,124.4,188092.8,Turkey,Partial,No,2002,2030,66.3
3006,Portugal,PRT,1949,Yes,No,Western Europe,Lisbon,Ground Attack Aircraft,Air Force,Air,A-10 / Tornado IDS,1284,In Maintenance,End-of-Life,1998,26,131.07,168293.88,Israel,Partial,Yes,1999,2031,98.9
3007,Portugal,PRT,1949,Yes,No,Western Europe,Lisbon,Main Battle Tank,Armored,Land,M1 Abrams / Leopard 2 / Challenger 3,63,On Order,Excellent,2008,16,236.13,14876.19,USA,Partial,Yes,2011,2026,57.6
3008,Portugal,PRT,1949,Yes,No,Western Europe,Lisbon,Main Battle Tank,Armored,Land,M1 Abrams / Leopard 2 / Challenger 3,1720,Operational,Fair,1987,37,235.91,405765.2,Israel,Partial,No,1995,2025,46.7
3009,Portugal,PRT,1949,Yes,No,Western Europe,Lisbon,Main Battle Tank,Armored,Land,M1 Abrams / Leopard 2 / Challenger 3,1044,Decommissioning,Excellent,2011,13,138.67,144771.48,Domestic,No,No,2020,2025,89.5
3010,Portugal,PRT,1949,Yes,No,Western Europe,Lisbon,Main Battle Tank,Armored,Land,M1 Abrams / Leopard 2 / Challenger 3,1349,On Order,Good,1957,67,197.97,267061.53,USA,Partial,No,1979,2024,57.0
3011,Portugal,PRT,1949,Yes,No,Western Europe,Lisbon,Logistics Truck (Heavy),Logistics,Support,HEMTT / MAN HX,427,Upgrading,Fair,1952,72,320.97,137054.19,Domestic,No,Yes,1968,2025,43.5
3012,Portugal,PRT,1949,Yes,No,Western Europe,Lisbon,Logistics Truck (Heavy),Logistics,Support,HEMTT / MAN HX,84,In Maintenance,Excellent,1985,39,308.43,25908.12,Domestic,No,No,1985,2027,45.3
3013,Portugal,PRT,1949,Yes,No,Western Europe,Lisbon,Logistics Truck (Heavy),Logistics,Support,HEMTT / MAN HX,1492,Decommissioning,Fair,2016,8,231.35,345174.2,Domestic,No,No,2016,2030,66.6
3014,Portugal,PRT,1949,Yes,No,Western Europe,Lisbon,Logistics Truck (Heavy),Logistics,Support,HEMTT / MAN HX,1660,Reserve,Excellent,1995,29,291.54,483956.4,UK,Partial,Yes,2006,2025,59.9
3015,Portugal,PRT,1949,Yes,No,Western Europe,Lisbon,Armored Reconnaissance Vehicle,Armored,Land,Fennek / Fuchs,1162,On Order,Good,1994,30,54.64,63491.68,Turkey,No,Yes,2015,2026,43.9
3016,Portugal,PRT,1949,Yes,No,Western Europe,Lisbon,Armored Reconnaissance Vehicle,Armored,Land,Fennek / Fuchs,1596,Operational,Excellent,1979,45,243.18,388115.28,Italy,Yes,Yes,1984,2035,66.0
3017,Portugal,PRT,1949,Yes,No,Western Europe,Lisbon,Satellite Terminal,Communications,Digital,SATCOM / JTRS,966,Reserve,End-of-Life,1962,62,115.6,111669.6,France,No,Yes,1964,2030,46.3
3018,Portugal,PRT,1949,Yes,No,Western Europe,Lisbon,Satellite Terminal,Communications,Digital,SATCOM / JTRS,1757,Operational,Fair,2003,21,433.59,761817.63,Turkey,Yes,No,2014,2027,47.3
3019,Portugal,PRT,1949,Yes,No,Western Europe,Lisbon,Satellite Terminal,Communications,Digital,SATCOM / JTRS,1433,Upgrading,Excellent,1954,70,223.8,320705.4,Germany,Yes,Yes,2010,2026,59.3
3020,Portugal,PRT,1949,Yes,No,Western Europe,Lisbon,Satellite Terminal,Communications,Digital,SATCOM / JTRS,67,Reserve,Fair,2019,5,291.75,19547.25,Germany,No,Yes,2023,2032,66.2
3021,Portugal,PRT,1949,Yes,No,Western Europe,Lisbon,Ammunition Supply Vehicle,Logistics,Support,PLS / DROPS,1516,In Maintenance,Fair,2004,20,303.58,460227.28,France,Yes,No,2005,2025,80.3
3022,Portugal,PRT,1949,Yes,No,Western Europe,Lisbon,Ammunition Supply Vehicle,Logistics,Support,PLS / DROPS,1891,Decommissioning,End-of-Life,2024,0,331.05,626015.55,France,Yes,Yes,2024,2024,41.5
3023,Portugal,PRT,1949,Yes,No,Western Europe,Lisbon,Tanker Aircraft,Air Force,Air,KC-135 / A330 MRTT,1253,On Order,End-of-Life,2014,10,51.86,64980.58,Turkey,Partial,Yes,2023,2026,79.6
3024,Portugal,PRT,1949,Yes,No,Western Europe,Lisbon,Tanker Aircraft,Air Force,Air,KC-135 / A330 MRTT,1733,Upgrading,Fair,1973,51,232.6,403095.8,USA,No,No,2012,2026,88.0
3025,Portugal,PRT,1949,Yes,No,Western Europe,Lisbon,Tanker Aircraft,Air Force,Air,KC-135 / A330 MRTT,544,Reserve,Excellent,1974,50,134.39,73108.16,Germany,No,No,1990,2034,50.4
3026,Portugal,PRT,1949,Yes,No,Western Europe,Lisbon,Tanker Aircraft,Air Force,Air,KC-135 / A330 MRTT,499,Upgrading,End-of-Life,2018,6,421.61,210383.39,Israel,No,No,2022,2025,92.6
3027,Portugal,PRT,1949,Yes,No,Western Europe,Lisbon,Self-Propelled Howitzer,Artillery,Land,PzH 2000 / K9 Thunder / Caesar,686,In Maintenance,End-of-Life,1958,66,428.51,293957.86,Germany,Partial,No,1976,2028,51.3
3028,Portugal,PRT,1949,Yes,No,Western Europe,Lisbon,Self-Propelled Howitzer,Artillery,Land,PzH 2000 / K9 Thunder / Caesar,1509,Upgrading,End-of-Life,2004,20,221.97,334952.73,Multi-National,Yes,No,2018,2031,70.4
3029,Portugal,PRT,1949,Yes,No,Western Europe,Lisbon,Field Hospital,Medical,Support,Role 2 / Role 3 Hospital,1012,In Maintenance,Fair,1950,74,230.05,232810.6,Domestic,Partial,Yes,1995,2025,82.9
3030,Portugal,PRT,1949,Yes,No,Western Europe,Lisbon,Field Hospital,Medical,Support,Role 2 / Role 3 Hospital,1765,Operational,Fair,1978,46,86.35,152407.75,Turkey,Partial,Yes,1981,2032,50.8
3031,Portugal,PRT,1949,Yes,No,Western Europe,Lisbon,UAV / Drone,Air Force,Air,MQ-9 Reaper / Bayraktar TB2,1622,On Order,Needs Repair,2005,19,173.71,281757.62,Germany,Yes,Yes,2019,2026,75.3
3032,Portugal,PRT,1949,Yes,No,Western Europe,Lisbon,UAV / Drone,Air Force,Air,MQ-9 Reaper / Bayraktar TB2,1982,On Order,Good,1991,33,330.21,654476.22,Israel,Partial,No,1994,2034,73.7
3033,Portugal,PRT,1949,Yes,No,Western Europe,Lisbon,Short-Range Air Defense,Air Defense,Land,SHORAD / Gepard / Stinger,1949,Operational,Excellent,2004,20,349.26,680707.74,Multi-National,No,Yes,2011,2033,41.6
3034,Portugal,PRT,1949,Yes,No,Western Europe,Lisbon,Short-Range Air Defense,Air Defense,Land,SHORAD / Gepard / Stinger,1165,On Order,Needs Repair,1973,51,296.4,345306.0,Israel,No,Yes,2021,2030,41.2
3035,Portugal,PRT,1949,Yes,No,Western Europe,Lisbon,Short-Range Air Defense,Air Defense,Land,SHORAD / Gepard / Stinger,1084,In Maintenance,Good,2003,21,103.22,111890.48,Italy,Yes,No,2015,2035,64.2
3036,Portugal,PRT,1949,Yes,No,Western Europe,Lisbon,Ballistic Missile Defense,Strategic,Land,THAAD / Aegis Ashore,878,Reserve,Fair,1951,73,356.52,313024.56,Domestic,Partial,Yes,1955,2029,89.8
3037,Portugal,PRT,1949,Yes,No,Western Europe,Lisbon,Ballistic Missile Defense,Strategic,Land,THAAD / Aegis Ashore,101,Operational,Needs Repair,1956,68,247.01,24948.01,Germany,No,Yes,2020,2024,61.1
3038,Portugal,PRT,1949,Yes,No,Western Europe,Lisbon,Ballistic Missile Defense,Strategic,Land,THAAD / Aegis Ashore,1974,Reserve,Fair,1997,27,401.07,791712.18,USA,Partial,No,2021,2025,90.6
3039,Portugal,PRT,1949,Yes,No,Western Europe,Lisbon,Fighter Jet,Air Force,Air,F-16 / Gripen / Typhoon,434,Operational,Fair,2003,21,30.09,13059.06,Domestic,Partial,Yes,2022,2034,85.0
3040,Portugal,PRT,1949,Yes,No,Western Europe,Lisbon,Fighter Jet,Air Force,Air,F-16 / Gripen / Typhoon,1198,Operational,End-of-Life,1955,69,198.38,237659.24,USA,Partial,Yes,1994,2033,92.6
3041,Portugal,PRT,1949,Yes,No,Western Europe,Lisbon,Fighter Jet,Air Force,Air,F-16 / Gripen / Typhoon,433,Reserve,End-of-Life,2002,22,222.25,96234.25,Domestic,Yes,Yes,2004,2031,66.5
3042,Romania,ROU,2004,No,No,Eastern Europe,Bucharest,Multiple Launch Rocket System,Artillery,Land,M270 / HIMARS / BM-21,881,Upgrading,Needs Repair,2018,6,382.72,337176.32,Italy,Yes,No,2018,2029,54.9
3043,Romania,ROU,2004,No,No,Eastern Europe,Bucharest,Multiple Launch Rocket System,Artillery,Land,M270 / HIMARS / BM-21,1356,Decommissioning,Good,2019,5,128.36,174056.16,Turkey,Yes,Yes,2020,2024,67.4
3044,Romania,ROU,2004,No,No,Eastern Europe,Bucharest,Multiple Launch Rocket System,Artillery,Land,M270 / HIMARS / BM-21,93,Decommissioning,Excellent,2004,20,93.77,8720.61,Domestic,Yes,Yes,2011,2034,48.6
3045,Romania,ROU,2004,No,No,Eastern Europe,Bucharest,Multiple Launch Rocket System,Artillery,Land,M270 / HIMARS / BM-21,1774,In Maintenance,Fair,2004,20,226.5,401811.0,USA,No,Yes,2023,2034,76.8
3046,Romania,ROU,2004,No,No,Eastern Europe,Bucharest,Submarine (SSN),Naval,Sea,Virginia-class / Astute-class,952,Decommissioning,End-of-Life,2015,9,220.33,209754.16,Italy,Yes,No,2021,2025,73.7
3047,Romania,ROU,2004,No,No,Eastern Europe,Bucharest,Submarine (SSN),Naval,Sea,Virginia-class / Astute-class,1023,Reserve,End-of-Life,2016,8,117.7,120407.1,Domestic,No,Yes,2020,2035,80.2
3048,Romania,ROU,2004,No,No,Eastern Europe,Bucharest,Submarine (SSN),Naval,Sea,Virginia-class / Astute-class,1828,Upgrading,Good,2016,8,323.03,590498.84,Germany,Partial,Yes,2023,2035,90.3
3049,Romania,ROU,2004,No,No,Eastern Europe,Bucharest,Submarine (SSN),Naval,Sea,Virginia-class / Astute-class,911,Operational,Fair,2008,16,194.47,177162.17,UK,Partial,Yes,2013,2035,62.9
3050,Romania,ROU,2004,No,No,Eastern Europe,Bucharest,Aircraft Carrier,Naval,Sea,Gerald R. Ford / Queen Elizabeth,1741,Reserve,Needs Repair,2009,15,235.69,410336.29,Italy,Partial,No,2013,2025,82.4
3051,Romania,ROU,2004,No,No,Eastern Europe,Bucharest,Aircraft Carrier,Naval,Sea,Gerald R. Ford / Queen Elizabeth,1205,Decommissioning,Needs Repair,2014,10,172.69,208091.45,UK,Partial,Yes,2017,2034,75.0
3052,Romania,ROU,2004,No,No,Eastern Europe,Bucharest,Aircraft Carrier,Naval,Sea,Gerald R. Ford / Queen Elizabeth,564,Decommissioning,Excellent,2015,9,85.99,48498.36,Multi-National,Yes,Yes,2018,2032,57.6
3053,Romania,ROU,2004,No,No,Eastern Europe,Bucharest,Aircraft Carrier,Naval,Sea,Gerald R. Ford / Queen Elizabeth,904,On Order,Fair,2017,7,38.37,34686.48,UK,No,Yes,2020,2034,80.5
3054,Romania,ROU,2004,No,No,Eastern Europe,Bucharest,Destroyer,Naval,Sea,Arleigh Burke / Type 45,1853,On Order,Excellent,2011,13,170.3,315565.9,Domestic,Partial,No,2018,2029,53.3
3055,Romania,ROU,2004,No,No,Eastern Europe,Bucharest,Destroyer,Naval,Sea,Arleigh Burke / Type 45,1513,Upgrading,Needs Repair,2018,6,271.48,410749.24,France,Yes,Yes,2023,2028,50.8
3056,Romania,ROU,2004,No,No,Eastern Europe,Bucharest,Destroyer,Naval,Sea,Arleigh Burke / Type 45,1174,Reserve,End-of-Life,2004,20,6.36,7466.64,Germany,Partial,No,2021,2029,49.4
3057,Romania,ROU,2004,No,No,Eastern Europe,Bucharest,Maritime Helicopter,Aviation,Air,AW159 / MH-60R,606,On Order,Excellent,2016,8,326.14,197640.84,Italy,Yes,Yes,2017,2030,69.5
3058,Romania,ROU,2004,No,No,Eastern Europe,Bucharest,Maritime Helicopter,Aviation,Air,AW159 / MH-60R,1507,Decommissioning,Needs Repair,2004,20,369.36,556625.52,Domestic,Yes,Yes,2016,2030,92.3
3059,Romania,ROU,2004,No,No,Eastern Europe,Bucharest,Tanker Aircraft,Air Force,Air,KC-135 / A330 MRTT,1815,On Order,Good,2023,1,200.88,364597.2,UK,Yes,No,2024,2029,73.1
3060,Romania,ROU,2004,No,No,Eastern Europe,Bucharest,Tanker Aircraft,Air Force,Air,KC-135 / A330 MRTT,1549,Reserve,Fair,2022,2,98.73,152932.77,Domestic,Partial,No,2024,2028,77.5
3061,Romania,ROU,2004,No,No,Eastern Europe,Bucharest,Tanker Aircraft,Air Force,Air,KC-135 / A330 MRTT,38,Decommissioning,Needs Repair,2011,13,396.63,15071.94,France,Partial,Yes,2022,2028,62.6
3062,Romania,ROU,2004,No,No,Eastern Europe,Bucharest,Tanker Aircraft,Air Force,Air,KC-135 / A330 MRTT,1944,Operational,End-of-Life,2016,8,271.4,527601.6,USA,No,No,2024,2030,99.7
3063,Romania,ROU,2004,No,No,Eastern Europe,Bucharest,Light Tank,Armored,Land,CV90105 / AMX-10RC,1241,In Maintenance,Good,2016,8,357.25,443347.25,Multi-National,Partial,Yes,2017,2029,79.7
3064,Romania,ROU,2004,No,No,Eastern Europe,Bucharest,Light Tank,Armored,Land,CV90105 / AMX-10RC,414,Upgrading,End-of-Life,2004,20,215.98,89415.72,USA,Partial,Yes,2013,2035,71.6
3065,Romania,ROU,2004,No,No,Eastern Europe,Bucharest,Combat Engineer Vehicle,Engineering,Land,M9 ACE / Leopard 2 AEV,1059,Operational,Fair,2017,7,424.74,449799.66,Domestic,Partial,Yes,2020,2028,88.5
3066,Romania,ROU,2004,No,No,Eastern Europe,Bucharest,Combat Engineer Vehicle,Engineering,Land,M9 ACE / Leopard 2 AEV,146,In Maintenance,End-of-Life,2009,15,272.98,39855.08,UK,No,No,2011,2032,52.5
3067,Romania,ROU,2004,No,No,Eastern Europe,Bucharest,Combat Engineer Vehicle,Engineering,Land,M9 ACE / Leopard 2 AEV,1596,Operational,Fair,2019,5,252.25,402591.0,Turkey,Partial,No,2020,2029,41.4
3068,Romania,ROU,2004,No,No,Eastern Europe,Bucharest,Infantry Fighting Vehicle,Armored,Land,Bradley / Puma / AS-21,457,Operational,Good,2020,4,379.95,173637.15,Italy,Partial,Yes,2020,2031,70.5
3069,Romania,ROU,2004,No,No,Eastern Europe,Bucharest,Infantry Fighting Vehicle,Armored,Land,Bradley / Puma / AS-21,917,Reserve,Excellent,2018,6,390.29,357895.93,Domestic,No,Yes,2023,2029,69.0
3070,Romania,ROU,2004,No,No,Eastern Europe,Bucharest,Infantry Fighting Vehicle,Armored,Land,Bradley / Puma / AS-21,1861,Upgrading,Excellent,2024,0,284.71,529845.31,France,No,No,2024,2027,99.7
3071,Romania,ROU,2004,No,No,Eastern Europe,Bucharest,Strategic Bomber,Air Force,Air,B-52 / B-2 Spirit,553,Upgrading,Fair,2009,15,437.46,241915.38,USA,No,Yes,2022,2035,53.4
3072,Romania,ROU,2004,No,No,Eastern Europe,Bucharest,Strategic Bomber,Air Force,Air,B-52 / B-2 Spirit,1263,On Order,Excellent,2014,10,196.81,248571.03,UK,Partial,Yes,2018,2034,54.5
3073,Romania,ROU,2004,No,No,Eastern Europe,Bucharest,Long-Range SAM,Air Defense,Land,Patriot PAC-3 / S-400,1119,Decommissioning,Good,2014,10,34.3,38381.7,Turkey,Partial,No,2021,2031,52.2
3074,Romania,ROU,2004,No,No,Eastern Europe,Bucharest,Long-Range SAM,Air Defense,Land,Patriot PAC-3 / S-400,1563,Upgrading,Excellent,2016,8,31.21,48781.23,USA,No,No,2017,2033,62.6
3075,Romania,ROU,2004,No,No,Eastern Europe,Bucharest,Long-Range SAM,Air Defense,Land,Patriot PAC-3 / S-400,54,On Order,End-of-Life,2005,19,28.1,1517.4,Germany,No,No,2021,2027,94.2
3076,Romania,ROU,2004,No,No,Eastern Europe,Bucharest,Submarine (SSK),Naval,Sea,Type 212 / Gotland,677,Upgrading,Good,2023,1,294.82,199593.14,Turkey,Partial,Yes,2024,2031,68.7
3077,Romania,ROU,2004,No,No,Eastern Europe,Bucharest,Submarine (SSK),Naval,Sea,Type 212 / Gotland,674,In Maintenance,Fair,2012,12,0.57,384.18,Turkey,Yes,No,2017,2025,93.1
3078,Romania,ROU,2004,No,No,Eastern Europe,Bucharest,Submarine (SSK),Naval,Sea,Type 212 / Gotland,927,Operational,Good,2012,12,296.58,274929.66,Multi-National,Partial,Yes,2018,2029,87.8
3079,Romania,ROU,2004,No,No,Eastern Europe,Bucharest,Submarine (SSK),Naval,Sea,Type 212 / Gotland,1322,In Maintenance,End-of-Life,2017,7,433.87,573576.14,France,Partial,No,2024,2029,63.3
3080,Romania,ROU,2004,No,No,Eastern Europe,Bucharest,Ammunition Supply Vehicle,Logistics,Support,PLS / DROPS,759,Reserve,Excellent,2012,12,153.8,116734.2,France,No,Yes,2021,2031,61.6
3081,Romania,ROU,2004,No,No,Eastern Europe,Bucharest,Ammunition Supply Vehicle,Logistics,Support,PLS / DROPS,735,On Order,Fair,2014,10,106.97,78622.95,Germany,Yes,Yes,2023,2028,66.2
3082,Romania,ROU,2004,No,No,Eastern Europe,Bucharest,Ammunition Supply Vehicle,Logistics,Support,PLS / DROPS,681,Upgrading,Needs Repair,2012,12,398.51,271385.31,Italy,Partial,Yes,2021,2034,98.6
3083,Romania,ROU,2004,No,No,Eastern Europe,Bucharest,Radar System,Electronics,Land,AN/TPY-2 / AN/MPQ-65,1751,Decommissioning,Needs Repair,2004,20,31.09,54438.59,Israel,Partial,Yes,2018,2024,56.3
3084,Romania,ROU,2004,No,No,Eastern Europe,Bucharest,Radar System,Electronics,Land,AN/TPY-2 / AN/MPQ-65,493,On Order,Good,2020,4,243.31,119951.83,Multi-National,No,Yes,2022,2035,71.0
3085,Romania,ROU,2004,No,No,Eastern Europe,Bucharest,Radar System,Electronics,Land,AN/TPY-2 / AN/MPQ-65,557,Reserve,Good,2024,0,437.6,243743.2,Domestic,Yes,No,2024,2032,59.0
3086,Romania,ROU,2004,No,No,Eastern Europe,Bucharest,Radar System,Electronics,Land,AN/TPY-2 / AN/MPQ-65,555,Operational,Good,2009,15,361.5,200632.5,UK,Partial,Yes,2018,2035,65.4
3087,Romania,ROU,2004,No,No,Eastern Europe,Bucharest,Towed Howitzer,Artillery,Land,M777 / FH70 / D-30,790,Decommissioning,End-of-Life,2024,0,279.23,220591.7,Domestic,Partial,No,2024,2027,93.2
3088,Romania,ROU,2004,No,No,Eastern Europe,Bucharest,Towed Howitzer,Artillery,Land,M777 / FH70 / D-30,1723,In Maintenance,Needs Repair,2012,12,422.17,727398.91,Germany,No,No,2024,2031,46.2
3089,Romania,ROU,2004,No,No,Eastern Europe,Bucharest,Towed Howitzer,Artillery,Land,M777 / FH70 / D-30,720,In Maintenance,Needs Repair,2018,6,247.67,178322.4,Multi-National,Yes,No,2021,2025,90.2
3090,Romania,ROU,2004,No,No,Eastern Europe,Bucharest,Towed Howitzer,Artillery,Land,M777 / FH70 / D-30,828,Upgrading,Good,2009,15,29.71,24599.88,Israel,No,Yes,2016,2035,71.6
3091,Romania,ROU,2004,No,No,Eastern Europe,Bucharest,Cyber Defense Unit,Cyber,Digital,CCDCOE / NATO Cyber Centre,406,On Order,Good,2006,18,131.65,53449.9,USA,Partial,Yes,2018,2030,64.9
3092,Romania,ROU,2004,No,No,Eastern Europe,Bucharest,Cyber Defense Unit,Cyber,Digital,CCDCOE / NATO Cyber Centre,1588,Reserve,Needs Repair,2007,17,191.18,303593.84,Multi-National,Partial,No,2022,2030,50.3
3093,Romania,ROU,2004,No,No,Eastern Europe,Bucharest,Cyber Defense Unit,Cyber,Digital,CCDCOE / NATO Cyber Centre,1510,In Maintenance,Fair,2006,18,226.24,341622.4,Turkey,Partial,Yes,2010,2028,69.6
3094,Romania,ROU,2004,No,No,Eastern Europe,Bucharest,NBC Detection Vehicle,CBRN,Land,Fox / TPz Fuchs,1999,Operational,Needs Repair,2021,3,190.91,381629.09,USA,No,No,2021,2034,56.0
3095,Romania,ROU,2004,No,No,Eastern Europe,Bucharest,NBC Detection Vehicle,CBRN,Land,Fox / TPz Fuchs,1365,Decommissioning,Good,2022,2,162.01,221143.65,Italy,No,No,2024,2026,51.5
3096,Romania,ROU,2004,No,No,Eastern Europe,Bucharest,NBC Detection Vehicle,CBRN,Land,Fox / TPz Fuchs,648,Operational,Excellent,2008,16,269.15,174409.2,France,No,Yes,2015,2031,54.3
3097,Romania,ROU,2004,No,No,Eastern Europe,Bucharest,NBC Detection Vehicle,CBRN,Land,Fox / TPz Fuchs,700,Reserve,Needs Repair,2012,12,58.3,40810.0,USA,Yes,No,2017,2032,99.4
3098,Romania,ROU,2004,No,No,Eastern Europe,Bucharest,Patrol Aircraft,Air Force,Air,P-8 Poseidon / Atlantic,1944,Decommissioning,Fair,2006,18,251.04,488021.76,USA,No,Yes,2006,2031,89.3
3099,Romania,ROU,2004,No,No,Eastern Europe,Bucharest,Patrol Aircraft,Air Force,Air,P-8 Poseidon / Atlantic,892,Upgrading,End-of-Life,2018,6,212.73,189755.16,France,Yes,Yes,2018,2030,94.0
3100,Romania,ROU,2004,No,No,Eastern Europe,Bucharest,Mortar System,Artillery,Land,M120 / AMOS,642,In Maintenance,Needs Repair,2011,13,249.31,160057.02,UK,Yes,No,2016,2024,91.2
3101,Romania,ROU,2004,No,No,Eastern Europe,Bucharest,Mortar System,Artillery,Land,M120 / AMOS,1970,On Order,Good,2015,9,110.55,217783.5,USA,Yes,Yes,2017,2029,96.8
3102,Romania,ROU,2004,No,No,Eastern Europe,Bucharest,Mortar System,Artillery,Land,M120 / AMOS,1431,Decommissioning,Excellent,2016,8,203.29,290907.99,UK,Partial,No,2023,2031,42.5
3103,Romania,ROU,2004,No,No,Eastern Europe,Bucharest,Patrol Vessel,Naval,Sea,OPV / Fast Attack Craft,1441,Upgrading,End-of-Life,2019,5,1.34,1930.94,Germany,No,Yes,2020,2024,44.0
3104,Romania,ROU,2004,No,No,Eastern Europe,Bucharest,Patrol Vessel,Naval,Sea,OPV / Fast Attack Craft,546,Reserve,Needs Repair,2010,14,148.72,81201.12,France,No,No,2019,2032,70.9
3105,Romania,ROU,2004,No,No,Eastern Europe,Bucharest,Self-Propelled Howitzer,Artillery,Land,PzH 2000 / K9 Thunder / Caesar,896,Upgrading,Fair,2020,4,195.39,175069.44,UK,Partial,No,2024,2032,92.5
3106,Romania,ROU,2004,No,No,Eastern Europe,Bucharest,Self-Propelled Howitzer,Artillery,Land,PzH 2000 / K9 Thunder / Caesar,64,In Maintenance,Good,2016,8,418.92,26810.88,Israel,No,Yes,2018,2034,41.6
3107,Romania,ROU,2004,No,No,Eastern Europe,Bucharest,Attack Helicopter,Aviation,Air,AH-64 Apache / Tiger / NH90,1608,Decommissioning,Fair,2004,20,124.0,199392.0,Germany,Partial,Yes,2006,2025,76.8
3108,Romania,ROU,2004,No,No,Eastern Europe,Bucharest,Attack Helicopter,Aviation,Air,AH-64 Apache / Tiger / NH90,360,In Maintenance,Fair,2012,12,201.38,72496.8,Domestic,No,No,2020,2026,43.6
3109,Romania,ROU,2004,No,No,Eastern Europe,Bucharest,Attack Helicopter,Aviation,Air,AH-64 Apache / Tiger / NH90,1187,In Maintenance,Excellent,2010,14,226.44,268784.28,USA,Yes,Yes,2013,2032,49.0
3110,Romania,ROU,2004,No,No,Eastern Europe,Bucharest,Attack Helicopter,Aviation,Air,AH-64 Apache / Tiger / NH90,1214,Decommissioning,End-of-Life,2023,1,227.62,276330.68,Domestic,Yes,No,2023,2034,96.9
3111,Romania,ROU,2004,No,No,Eastern Europe,Bucharest,Short-Range Air Defense,Air Defense,Land,SHORAD / Gepard / Stinger,754,Reserve,Needs Repair,2023,1,157.54,118785.16,Israel,Yes,No,2023,2035,77.6
3112,Romania,ROU,2004,No,No,Eastern Europe,Bucharest,Short-Range Air Defense,Air Defense,Land,SHORAD / Gepard / Stinger,797,In Maintenance,Excellent,2020,4,15.98,12736.06,UK,Partial,Yes,2020,2029,80.9
3113,Romania,ROU,2004,No,No,Eastern Europe,Bucharest,Short-Range Air Defense,Air Defense,Land,SHORAD / Gepard / Stinger,1429,Decommissioning,Excellent,2012,12,391.64,559653.56,USA,Partial,Yes,2013,2028,52.7
3114,Romania,ROU,2004,No,No,Eastern Europe,Bucharest,Short-Range Air Defense,Air Defense,Land,SHORAD / Gepard / Stinger,494,Reserve,Needs Repair,2017,7,0.94,464.36,UK,Yes,Yes,2018,2035,92.9
3115,Romania,ROU,2004,No,No,Eastern Europe,Bucharest,Bridge Layer,Engineering,Land,AVLB / Biber,1865,Reserve,End-of-Life,2015,9,120.1,223986.5,Germany,Partial,Yes,2022,2033,84.1
3116,Romania,ROU,2004,No,No,Eastern Europe,Bucharest,Bridge Layer,Engineering,Land,AVLB / Biber,222,Decommissioning,Excellent,2023,1,170.83,37924.26,USA,Yes,No,2024,2025,69.4
3117,Romania,ROU,2004,No,No,Eastern Europe,Bucharest,Corvette,Naval,Sea,Skjold / Visby / Burak,651,Reserve,End-of-Life,2022,2,58.41,38024.91,UK,Partial,Yes,2023,2024,94.0
3118,Romania,ROU,2004,No,No,Eastern Europe,Bucharest,Corvette,Naval,Sea,Skjold / Visby / Burak,57,Decommissioning,Excellent,2006,18,189.54,10803.78,USA,Yes,No,2012,2035,64.9
3119,Romania,ROU,2004,No,No,Eastern Europe,Bucharest,Corvette,Naval,Sea,Skjold / Visby / Burak,1280,Decommissioning,Fair,2016,8,131.75,168640.0,Italy,Partial,Yes,2020,2033,69.5
3120,Romania,ROU,2004,No,No,Eastern Europe,Bucharest,Satellite Terminal,Communications,Digital,SATCOM / JTRS,122,Upgrading,Excellent,2004,20,382.69,46688.18,USA,No,Yes,2014,2027,88.2
3121,Romania,ROU,2004,No,No,Eastern Europe,Bucharest,Satellite Terminal,Communications,Digital,SATCOM / JTRS,1997,In Maintenance,Fair,2004,20,161.79,323094.63,Israel,Partial,Yes,2013,2034,99.2
3122,Romania,ROU,2004,No,No,Eastern Europe,Bucharest,Ballistic Missile Defense,Strategic,Land,THAAD / Aegis Ashore,1121,On Order,End-of-Life,2021,3,291.26,326502.46,Domestic,No,No,2021,2028,64.7
3123,Romania,ROU,2004,No,No,Eastern Europe,Bucharest,Ballistic Missile Defense,Strategic,Land,THAAD / Aegis Ashore,1131,Operational,Needs Repair,2014,10,145.56,164628.36,France,Yes,No,2014,2029,93.4
3124,Romania,ROU,2004,No,No,Eastern Europe,Bucharest,Ballistic Missile Defense,Strategic,Land,THAAD / Aegis Ashore,1309,On Order,Fair,2018,6,340.65,445910.85,USA,Yes,Yes,2020,2027,74.0
3125,Romania,ROU,2004,No,No,Eastern Europe,Bucharest,Ballistic Missile Defense,Strategic,Land,THAAD / Aegis Ashore,1285,On Order,End-of-Life,2004,20,105.88,136055.8,USA,Partial,No,2016,2031,66.4
3126,Romania,ROU,2004,No,No,Eastern Europe,Bucharest,AWACS Aircraft,Air Force,Air,E-3 Sentry / E-7A,1280,Decommissioning,Fair,2015,9,70.25,89920.0,Multi-National,No,Yes,2019,2035,99.6
3127,Romania,ROU,2004,No,No,Eastern Europe,Bucharest,AWACS Aircraft,Air Force,Air,E-3 Sentry / E-7A,1243,Operational,Excellent,2012,12,65.41,81304.63,Multi-National,Partial,Yes,2017,2032,89.6
3128,Romania,ROU,2004,No,No,Eastern Europe,Bucharest,Logistics Support Vessel,Naval,Sea,Supply / Berlin-class,993,Decommissioning,End-of-Life,2020,4,355.95,353458.35,Domestic,Yes,No,2020,2027,67.1
3129,Romania,ROU,2004,No,No,Eastern Europe,Bucharest,Logistics Support Vessel,Naval,Sea,Supply / Berlin-class,424,Reserve,End-of-Life,2006,18,69.46,29451.04,Multi-National,No,No,2022,2029,52.3
3130,Romania,ROU,2004,No,No,Eastern Europe,Bucharest,Logistics Support Vessel,Naval,Sea,Supply / Berlin-class,128,Upgrading,End-of-Life,2018,6,113.78,14563.84,USA,Yes,No,2018,2035,75.5
3131,Romania,ROU,2004,No,No,Eastern Europe,Bucharest,Strategic Transport Aircraft,Air Force,Air,C-17 / A400M / C-130,1341,Operational,Fair,2007,17,415.93,557762.13,Domestic,Partial,Yes,2024,2025,54.5
3132,Romania,ROU,2004,No,No,Eastern Europe,Bucharest,Strategic Transport Aircraft,Air Force,Air,C-17 / A400M / C-130,1731,Operational,Excellent,2016,8,34.2,59200.2,Domestic,No,No,2020,2035,79.4
3133,Romania,ROU,2004,No,No,Eastern Europe,Bucharest,Strategic Transport Aircraft,Air Force,Air,C-17 / A400M / C-130,1484,On Order,Fair,2008,16,307.07,455691.88,Multi-National,Yes,Yes,2017,2034,59.5
3134,Romania,ROU,2004,No,No,Eastern Europe,Bucharest,Strategic Transport Aircraft,Air Force,Air,C-17 / A400M / C-130,653,On Order,End-of-Life,2014,10,397.9,259828.7,Israel,Yes,No,2019,2030,44.7
3135,Romania,ROU,2004,No,No,Eastern Europe,Bucharest,Amphibious Assault Ship,Naval,Sea,USS America / HMS Albion,209,On Order,End-of-Life,2008,16,298.59,62405.31,Multi-National,No,Yes,2010,2024,76.7
3136,Romania,ROU,2004,No,No,Eastern Europe,Bucharest,Amphibious Assault Ship,Naval,Sea,USS America / HMS Albion,1356,In Maintenance,End-of-Life,2008,16,54.96,74525.76,UK,Yes,No,2021,2025,46.6
3137,Romania,ROU,2004,No,No,Eastern Europe,Bucharest,Amphibious Assault Ship,Naval,Sea,USS America / HMS Albion,1814,In Maintenance,Good,2013,11,232.04,420920.56,UK,Partial,Yes,2022,2030,84.9
3138,Romania,ROU,2004,No,No,Eastern Europe,Bucharest,Air Superiority Fighter,Air Force,Air,F-22 / Typhoon,1909,In Maintenance,Excellent,2017,7,366.11,698903.99,Israel,No,No,2018,2035,90.6
3139,Romania,ROU,2004,No,No,Eastern Europe,Bucharest,Air Superiority Fighter,Air Force,Air,F-22 / Typhoon,125,In Maintenance,Good,2004,20,35.12,4390.0,France,Partial,Yes,2007,2030,67.2
3140,Romania,ROU,2004,No,No,Eastern Europe,Bucharest,Transport Helicopter,Aviation,Air,CH-47 Chinook / NH90,692,Upgrading,Needs Repair,2015,9,281.73,194957.16,France,Yes,Yes,2023,2035,78.8
3141,Romania,ROU,2004,No,No,Eastern Europe,Bucharest,Transport Helicopter,Aviation,Air,CH-47 Chinook / NH90,395,Operational,Fair,2016,8,227.47,89850.65,France,No,No,2022,2026,50.5
3142,Romania,ROU,2004,No,No,Eastern Europe,Bucharest,Transport Helicopter,Aviation,Air,CH-47 Chinook / NH90,1036,Reserve,End-of-Life,2004,20,337.61,349763.96,Domestic,No,Yes,2020,2034,99.6
3143,Romania,ROU,2004,No,No,Eastern Europe,Bucharest,Anti-Drone System,Air Defense,Land,DroneShield / AUDS / Skyfend,1172,On Order,End-of-Life,2024,0,6.62,7758.64,Italy,Yes,No,2024,2032,78.4
3144,Romania,ROU,2004,No,No,Eastern Europe,Bucharest,Anti-Drone System,Air Defense,Land,DroneShield / AUDS / Skyfend,894,In Maintenance,Fair,2021,3,104.53,93449.82,Turkey,No,Yes,2021,2024,81.9
3145,Romania,ROU,2004,No,No,Eastern Europe,Bucharest,Anti-Drone System,Air Defense,Land,DroneShield / AUDS / Skyfend,1006,Operational,Excellent,2009,15,210.36,211622.16,Italy,Partial,Yes,2020,2035,67.6
3146,Romania,ROU,2004,No,No,Eastern Europe,Bucharest,Anti-Drone System,Air Defense,Land,DroneShield / AUDS / Skyfend,1782,On Order,Excellent,2022,2,229.27,408559.14,Italy,No,No,2022,2032,58.7
3147,Romania,ROU,2004,No,No,Eastern Europe,Bucharest,Anti-Aircraft Gun,Air Defense,Land,Oerlikon 35mm / ZU-23,1472,Upgrading,Fair,2015,9,75.78,111548.16,France,Partial,No,2017,2026,45.8
3148,Romania,ROU,2004,No,No,Eastern Europe,Bucharest,Anti-Aircraft Gun,Air Defense,Land,Oerlikon 35mm / ZU-23,408,In Maintenance,Fair,2008,16,248.48,101379.84,Multi-National,No,Yes,2009,2034,49.7
3149,Romania,ROU,2004,No,No,Eastern Europe,Bucharest,Anti-Aircraft Gun,Air Defense,Land,Oerlikon 35mm / ZU-23,1827,On Order,Needs Repair,2008,16,277.94,507796.38,Germany,No,No,2011,2034,78.8
3150,Romania,ROU,2004,No,No,Eastern Europe,Bucharest,Logistics Truck (Heavy),Logistics,Support,HEMTT / MAN HX,540,On Order,Fair,2008,16,15.22,8218.8,Turkey,Partial,Yes,2015,2025,57.4
3151,Romania,ROU,2004,No,No,Eastern Europe,Bucharest,Logistics Truck (Heavy),Logistics,Support,HEMTT / MAN HX,1965,Reserve,Good,2016,8,62.17,122164.05,Domestic,Yes,Yes,2018,2028,90.9
3152,Romania,ROU,2004,No,No,Eastern Europe,Bucharest,Logistics Truck (Heavy),Logistics,Support,HEMTT / MAN HX,451,Operational,Good,2004,20,7.34,3310.34,USA,No,No,2013,2028,51.1
3153,Romania,ROU,2004,No,No,Eastern Europe,Bucharest,Logistics Truck (Heavy),Logistics,Support,HEMTT / MAN HX,579,Upgrading,End-of-Life,2011,13,209.51,121306.29,Domestic,No,No,2021,2033,48.3
3154,Romania,ROU,2004,No,No,Eastern Europe,Bucharest,Armored Reconnaissance Vehicle,Armored,Land,Fennek / Fuchs,1827,Operational,Good,2019,5,434.62,794050.74,Israel,Yes,No,2023,2031,63.9
3155,Romania,ROU,2004,No,No,Eastern Europe,Bucharest,Armored Reconnaissance Vehicle,Armored,Land,Fennek / Fuchs,1916,Decommissioning,End-of-Life,2024,0,213.13,408357.08,Turkey,Partial,Yes,2024,2030,80.2
3156,Slovakia,SVK,2004,No,No,Central Europe,Bratislava,Field Hospital,Medical,Support,Role 2 / Role 3 Hospital,1471,Decommissioning,Excellent,2008,16,95.0,139745.0,UK,Yes,Yes,2011,2030,93.6
3157,Slovakia,SVK,2004,No,No,Central Europe,Bratislava,Field Hospital,Medical,Support,Role 2 / Role 3 Hospital,1947,Upgrading,End-of-Life,2006,18,194.41,378516.27,Turkey,No,No,2019,2033,69.1
3158,Slovakia,SVK,2004,No,No,Central Europe,Bratislava,Field Hospital,Medical,Support,Role 2 / Role 3 Hospital,1000,Decommissioning,End-of-Life,2007,17,50.85,50850.0,Italy,Yes,Yes,2010,2029,69.6
3159,Slovakia,SVK,2004,No,No,Central Europe,Bratislava,Field Hospital,Medical,Support,Role 2 / Role 3 Hospital,1850,Decommissioning,Excellent,2018,6,58.21,107688.5,France,No,Yes,2020,2034,62.1
3160,Slovakia,SVK,2004,No,No,Central Europe,Bratislava,Attack Helicopter,Aviation,Air,AH-64 Apache / Tiger / NH90,822,Reserve,Good,2004,20,82.2,67568.4,France,No,Yes,2013,2029,87.7
3161,Slovakia,SVK,2004,No,No,Central Europe,Bratislava,Attack Helicopter,Aviation,Air,AH-64 Apache / Tiger / NH90,1103,On Order,End-of-Life,2013,11,320.21,353191.63,France,No,Yes,2017,2031,78.8
3162,Slovakia,SVK,2004,No,No,Central Europe,Bratislava,Attack Helicopter,Aviation,Air,AH-64 Apache / Tiger / NH90,1019,Decommissioning,Excellent,2015,9,389.01,396401.19,Italy,Partial,No,2016,2025,93.2
3163,Slovakia,SVK,2004,No,No,Central Europe,Bratislava,Attack Helicopter,Aviation,Air,AH-64 Apache / Tiger / NH90,1679,On Order,Fair,2019,5,238.11,399786.69,UK,Yes,Yes,2020,2035,69.2
3164,Slovakia,SVK,2004,No,No,Central Europe,Bratislava,Armored Reconnaissance Vehicle,Armored,Land,Fennek / Fuchs,1586,In Maintenance,Fair,2020,4,271.27,430234.22,UK,Yes,No,2024,2027,64.3
3165,Slovakia,SVK,2004,No,No,Central Europe,Bratislava,Armored Reconnaissance Vehicle,Armored,Land,Fennek / Fuchs,878,Decommissioning,Needs Repair,2005,19,129.32,113542.96,Turkey,Yes,Yes,2022,2032,44.6
3166,Slovakia,SVK,2004,No,No,Central Europe,Bratislava,Armored Reconnaissance Vehicle,Armored,Land,Fennek / Fuchs,140,Upgrading,Needs Repair,2020,4,76.37,10691.8,France,No,No,2023,2028,75.2
3167,Slovakia,SVK,2004,No,No,Central Europe,Bratislava,Sniper Rifle System,Small Arms,Land,Barrett M82 / Accuracy Int.,1993,Reserve,Good,2020,4,333.51,664685.43,Turkey,Yes,Yes,2020,2034,70.9
3168,Slovakia,SVK,2004,No,No,Central Europe,Bratislava,Sniper Rifle System,Small Arms,Land,Barrett M82 / Accuracy Int.,1646,Upgrading,Needs Repair,2020,4,47.5,78185.0,Italy,No,Yes,2021,2029,56.6
3169,Slovakia,SVK,2004,No,No,Central Europe,Bratislava,Sniper Rifle System,Small Arms,Land,Barrett M82 / Accuracy Int.,1573,On Order,Needs Repair,2024,0,158.68,249603.64,Turkey,Partial,Yes,2024,2033,86.9
3170,Slovakia,SVK,2004,No,No,Central Europe,Bratislava,Anti-Aircraft Gun,Air Defense,Land,Oerlikon 35mm / ZU-23,977,Reserve,Fair,2018,6,289.05,282401.85,Italy,Yes,Yes,2018,2025,69.0
3171,Slovakia,SVK,2004,No,No,Central Europe,Bratislava,Anti-Aircraft Gun,Air Defense,Land,Oerlikon 35mm / ZU-23,214,Upgrading,Good,2012,12,47.4,10143.6,Italy,Partial,Yes,2013,2034,51.0
3172,Slovakia,SVK,2004,No,No,Central Europe,Bratislava,Patrol Aircraft,Air Force,Air,P-8 Poseidon / Atlantic,1137,On Order,Good,2015,9,172.16,195745.92,UK,Yes,No,2020,2029,87.2
3173,Slovakia,SVK,2004,No,No,Central Europe,Bratislava,Patrol Aircraft,Air Force,Air,P-8 Poseidon / Atlantic,1876,Operational,Needs Repair,2024,0,73.58,138036.08,Turkey,No,No,2024,2029,49.3
3174,Slovakia,SVK,2004,No,No,Central Europe,Bratislava,Patrol Aircraft,Air Force,Air,P-8 Poseidon / Atlantic,1333,In Maintenance,Fair,2016,8,138.96,185233.68,France,No,No,2018,2032,84.6
3175,Slovakia,SVK,2004,No,No,Central Europe,Bratislava,Patrol Aircraft,Air Force,Air,P-8 Poseidon / Atlantic,1603,In Maintenance,Excellent,2008,16,11.14,17857.42,UK,Yes,Yes,2021,2028,94.2
3176,Slovakia,SVK,2004,No,No,Central Europe,Bratislava,Main Battle Tank,Armored,Land,M1 Abrams / Leopard 2 / Challenger 3,87,Reserve,Good,2018,6,73.29,6376.23,Domestic,Partial,Yes,2023,2028,70.8
3177,Slovakia,SVK,2004,No,No,Central Europe,Bratislava,Main Battle Tank,Armored,Land,M1 Abrams / Leopard 2 / Challenger 3,860,Upgrading,Good,2005,19,280.5,241230.0,Turkey,Yes,No,2006,2024,74.4
3178,Slovakia,SVK,2004,No,No,Central Europe,Bratislava,Main Battle Tank,Armored,Land,M1 Abrams / Leopard 2 / Challenger 3,331,Reserve,Needs Repair,2007,17,330.78,109488.18,France,Yes,Yes,2018,2035,40.1
3179,Slovakia,SVK,2004,No,No,Central Europe,Bratislava,Destroyer,Naval,Sea,Arleigh Burke / Type 45,713,Decommissioning,Needs Repair,2005,19,178.93,127577.09,USA,Partial,No,2022,2032,55.2
3180,Slovakia,SVK,2004,No,No,Central Europe,Bratislava,Destroyer,Naval,Sea,Arleigh Burke / Type 45,1373,Upgrading,Fair,2015,9,57.41,78823.93,UK,Yes,Yes,2015,2024,87.6
3181,Slovakia,SVK,2004,No,No,Central Europe,Bratislava,Destroyer,Naval,Sea,Arleigh Burke / Type 45,1389,Decommissioning,Needs Repair,2009,15,15.42,21418.38,Turkey,No,Yes,2018,2024,96.8
3182,Slovakia,SVK,2004,No,No,Central Europe,Bratislava,Destroyer,Naval,Sea,Arleigh Burke / Type 45,845,In Maintenance,Excellent,2008,16,110.61,93465.45,Italy,Yes,No,2018,2025,76.1
3183,Slovakia,SVK,2004,No,No,Central Europe,Bratislava,Aircraft Carrier,Naval,Sea,Gerald R. Ford / Queen Elizabeth,1210,Upgrading,Excellent,2009,15,400.81,484980.1,Italy,Partial,No,2020,2027,44.8
3184,Slovakia,SVK,2004,No,No,Central Europe,Bratislava,Aircraft Carrier,Naval,Sea,Gerald R. Ford / Queen Elizabeth,556,In Maintenance,Good,2010,14,122.08,67876.48,Domestic,No,Yes,2024,2028,53.0
3185,Slovakia,SVK,2004,No,No,Central Europe,Bratislava,Aircraft Carrier,Naval,Sea,Gerald R. Ford / Queen Elizabeth,1619,Upgrading,Good,2005,19,419.33,678895.27,Germany,Yes,No,2013,2033,95.8
3186,Slovakia,SVK,2004,No,No,Central Europe,Bratislava,Air Superiority Fighter,Air Force,Air,F-22 / Typhoon,1784,Decommissioning,Good,2014,10,410.68,732653.12,Israel,No,No,2016,2032,83.6
3187,Slovakia,SVK,2004,No,No,Central Europe,Bratislava,Air Superiority Fighter,Air Force,Air,F-22 / Typhoon,69,Upgrading,Needs Repair,2006,18,219.02,15112.38,Multi-National,No,Yes,2022,2032,43.4
3188,Slovakia,SVK,2004,No,No,Central Europe,Bratislava,Air Superiority Fighter,Air Force,Air,F-22 / Typhoon,214,Operational,Fair,2006,18,363.04,77690.56,Germany,Partial,Yes,2012,2032,53.3
3189,Slovakia,SVK,2004,No,No,Central Europe,Bratislava,Air Superiority Fighter,Air Force,Air,F-22 / Typhoon,1894,Upgrading,Needs Repair,2009,15,67.0,126898.0,Italy,Yes,No,2018,2032,88.0
3190,Slovakia,SVK,2004,No,No,Central Europe,Bratislava,Radar System,Electronics,Land,AN/TPY-2 / AN/MPQ-65,1339,Reserve,Fair,2011,13,283.32,379365.48,Multi-National,Partial,No,2019,2028,64.5
3191,Slovakia,SVK,2004,No,No,Central Europe,Bratislava,Radar System,Electronics,Land,AN/TPY-2 / AN/MPQ-65,572,On Order,Good,2007,17,416.86,238443.92,Israel,Yes,No,2018,2029,77.8
3192,Slovakia,SVK,2004,No,No,Central Europe,Bratislava,Radar System,Electronics,Land,AN/TPY-2 / AN/MPQ-65,267,In Maintenance,End-of-Life,2018,6,263.7,70407.9,Turkey,Yes,Yes,2018,2028,80.2
3193,Slovakia,SVK,2004,No,No,Central Europe,Bratislava,AWACS Aircraft,Air Force,Air,E-3 Sentry / E-7A,1520,On Order,Excellent,2016,8,275.89,419352.8,UK,No,No,2017,2024,48.9
3194,Slovakia,SVK,2004,No,No,Central Europe,Bratislava,AWACS Aircraft,Air Force,Air,E-3 Sentry / E-7A,1252,On Order,Fair,2017,7,298.07,373183.64,UK,No,Yes,2017,2028,51.9
3195,Slovakia,SVK,2004,No,No,Central Europe,Bratislava,Combat Engineer Vehicle,Engineering,Land,M9 ACE / Leopard 2 AEV,1777,On Order,Needs Repair,2005,19,75.55,134252.35,Turkey,Yes,No,2005,2027,59.3
3196,Slovakia,SVK,2004,No,No,Central Europe,Bratislava,Combat Engineer Vehicle,Engineering,Land,M9 ACE / Leopard 2 AEV,1596,Upgrading,Good,2009,15,107.33,171298.68,UK,No,No,2019,2030,40.6
3197,Slovakia,SVK,2004,No,No,Central Europe,Bratislava,Combat Engineer Vehicle,Engineering,Land,M9 ACE / Leopard 2 AEV,1102,Operational,End-of-Life,2015,9,392.61,432656.22,Domestic,No,No,2021,2035,54.1
3198,Slovakia,SVK,2004,No,No,Central Europe,Bratislava,Short-Range Air Defense,Air Defense,Land,SHORAD / Gepard / Stinger,1380,Operational,Excellent,2016,8,218.61,301681.8,USA,No,No,2017,2026,60.8
3199,Slovakia,SVK,2004,No,No,Central Europe,Bratislava,Short-Range Air Defense,Air Defense,Land,SHORAD / Gepard / Stinger,1458,In Maintenance,End-of-Life,2009,15,306.87,447416.46,USA,No,No,2013,2026,47.8
3200,Slovakia,SVK,2004,No,No,Central Europe,Bratislava,Cyber Defense Unit,Cyber,Digital,CCDCOE / NATO Cyber Centre,292,Reserve,Excellent,2015,9,111.42,32534.64,Multi-National,No,No,2022,2030,45.2
3201,Slovakia,SVK,2004,No,No,Central Europe,Bratislava,Cyber Defense Unit,Cyber,Digital,CCDCOE / NATO Cyber Centre,831,In Maintenance,Good,2015,9,306.0,254286.0,UK,No,Yes,2021,2030,40.8
3202,Slovakia,SVK,2004,No,No,Central Europe,Bratislava,Cyber Defense Unit,Cyber,Digital,CCDCOE / NATO Cyber Centre,1200,On Order,Fair,2021,3,97.72,117264.0,Domestic,Partial,Yes,2022,2031,70.6
3203,Slovakia,SVK,2004,No,No,Central Europe,Bratislava,Cyber Defense Unit,Cyber,Digital,CCDCOE / NATO Cyber Centre,805,On Order,End-of-Life,2024,0,51.02,41071.1,Germany,No,No,2024,2030,78.6
3204,Slovakia,SVK,2004,No,No,Central Europe,Bratislava,UAV / Drone,Air Force,Air,MQ-9 Reaper / Bayraktar TB2,1112,Reserve,Needs Repair,2004,20,216.86,241148.32,Italy,Yes,Yes,2004,2024,51.2
3205,Slovakia,SVK,2004,No,No,Central Europe,Bratislava,UAV / Drone,Air Force,Air,MQ-9 Reaper / Bayraktar TB2,295,Operational,End-of-Life,2019,5,449.45,132587.75,France,Partial,No,2024,2024,56.8
3206,Slovakia,SVK,2004,No,No,Central Europe,Bratislava,Long-Range SAM,Air Defense,Land,Patriot PAC-3 / S-400,1269,In Maintenance,Good,2008,16,252.36,320244.84,Turkey,Yes,No,2012,2034,46.7
3207,Slovakia,SVK,2004,No,No,Central Europe,Bratislava,Long-Range SAM,Air Defense,Land,Patriot PAC-3 / S-400,1649,In Maintenance,Needs Repair,2019,5,130.26,214798.74,France,Partial,Yes,2024,2026,81.0
3208,Slovakia,SVK,2004,No,No,Central Europe,Bratislava,Ammunition Supply Vehicle,Logistics,Support,PLS / DROPS,1442,Decommissioning,Fair,2020,4,280.13,403947.46,UK,Yes,No,2023,2035,92.5
3209,Slovakia,SVK,2004,No,No,Central Europe,Bratislava,Ammunition Supply Vehicle,Logistics,Support,PLS / DROPS,1252,In Maintenance,Needs Repair,2011,13,328.16,410856.32,Multi-National,Yes,Yes,2023,2028,41.8
3210,Slovakia,SVK,2004,No,No,Central Europe,Bratislava,Ammunition Supply Vehicle,Logistics,Support,PLS / DROPS,967,Decommissioning,Excellent,2009,15,359.29,347433.43,Italy,Partial,Yes,2022,2025,79.8
3211,Slovakia,SVK,2004,No,No,Central Europe,Bratislava,Ammunition Supply Vehicle,Logistics,Support,PLS / DROPS,54,Operational,End-of-Life,2022,2,359.84,19431.36,Multi-National,Partial,Yes,2023,2024,77.4
3212,Slovakia,SVK,2004,No,No,Central Europe,Bratislava,Strategic Transport Aircraft,Air Force,Air,C-17 / A400M / C-130,808,Reserve,Fair,2009,15,197.2,159337.6,Italy,Yes,Yes,2024,2029,76.1
3213,Slovakia,SVK,2004,No,No,Central Europe,Bratislava,Strategic Transport Aircraft,Air Force,Air,C-17 / A400M / C-130,280,In Maintenance,Needs Repair,2016,8,220.09,61625.2,Germany,Yes,Yes,2017,2029,99.7
3214,Slovakia,SVK,2004,No,No,Central Europe,Bratislava,Ground Attack Aircraft,Air Force,Air,A-10 / Tornado IDS,301,Operational,Needs Repair,2014,10,23.06,6941.06,France,Yes,No,2018,2029,45.8
3215,Slovakia,SVK,2004,No,No,Central Europe,Bratislava,Ground Attack Aircraft,Air Force,Air,A-10 / Tornado IDS,1445,On Order,Excellent,2016,8,152.54,220420.3,Israel,Yes,No,2018,2028,89.9
3216,Slovakia,SVK,2004,No,No,Central Europe,Bratislava,Bridge Layer,Engineering,Land,AVLB / Biber,1801,Decommissioning,Needs Repair,2007,17,101.52,182837.52,Israel,Partial,Yes,2017,2031,59.4
3217,Slovakia,SVK,2004,No,No,Central Europe,Bratislava,Bridge Layer,Engineering,Land,AVLB / Biber,307,Upgrading,Fair,2024,0,258.95,79497.65,Turkey,Yes,Yes,2024,2027,94.7
3218,Slovakia,SVK,2004,No,No,Central Europe,Bratislava,Bridge Layer,Engineering,Land,AVLB / Biber,277,In Maintenance,End-of-Life,2004,20,204.34,56602.18,USA,Partial,Yes,2021,2028,98.3
3219,Slovakia,SVK,2004,No,No,Central Europe,Bratislava,Light Tank,Armored,Land,CV90105 / AMX-10RC,1899,Upgrading,Good,2015,9,387.24,735368.76,Israel,Partial,No,2016,2030,67.4
3220,Slovakia,SVK,2004,No,No,Central Europe,Bratislava,Light Tank,Armored,Land,CV90105 / AMX-10RC,1512,Reserve,Fair,2017,7,292.14,441715.68,USA,Partial,No,2023,2033,66.5
3221,Slovakia,SVK,2004,No,No,Central Europe,Bratislava,Light Tank,Armored,Land,CV90105 / AMX-10RC,127,Upgrading,Fair,2009,15,62.49,7936.23,UK,Partial,No,2012,2028,54.0
3222,Slovakia,SVK,2004,No,No,Central Europe,Bratislava,Fighter Jet,Air Force,Air,F-16 / Gripen / Typhoon,11,On Order,Fair,2012,12,89.1,980.1,Germany,No,Yes,2018,2026,65.7
3223,Slovakia,SVK,2004,No,No,Central Europe,Bratislava,Fighter Jet,Air Force,Air,F-16 / Gripen / Typhoon,247,Reserve,Fair,2019,5,210.83,52075.01,Germany,Yes,Yes,2019,2026,80.7
3224,Slovakia,SVK,2004,No,No,Central Europe,Bratislava,Fighter Jet,Air Force,Air,F-16 / Gripen / Typhoon,270,On Order,End-of-Life,2024,0,48.92,13208.4,Turkey,Yes,Yes,2024,2027,55.4
3225,Slovakia,SVK,2004,No,No,Central Europe,Bratislava,Fighter Jet,Air Force,Air,F-16 / Gripen / Typhoon,419,Operational,Excellent,2007,17,204.44,85660.36,Germany,Partial,No,2024,2027,83.7
3226,Slovakia,SVK,2004,No,No,Central Europe,Bratislava,Armored Personnel Carrier,Armored,Land,M113 / Boxer / BTR-80,32,In Maintenance,Good,2020,4,331.13,10596.16,Turkey,Yes,Yes,2022,2029,52.4
3227,Slovakia,SVK,2004,No,No,Central Europe,Bratislava,Armored Personnel Carrier,Armored,Land,M113 / Boxer / BTR-80,1959,In Maintenance,Fair,2014,10,39.87,78105.33,Israel,Partial,Yes,2024,2035,57.7
3228,Slovakia,SVK,2004,No,No,Central Europe,Bratislava,Armored Personnel Carrier,Armored,Land,M113 / Boxer / BTR-80,463,Operational,End-of-Life,2006,18,313.7,145243.1,USA,No,Yes,2012,2029,55.6
3229,Slovakia,SVK,2004,No,No,Central Europe,Bratislava,Submarine (SSK),Naval,Sea,Type 212 / Gotland,176,In Maintenance,Good,2015,9,392.3,69044.8,Multi-National,Yes,No,2019,2025,69.0
3230,Slovakia,SVK,2004,No,No,Central Europe,Bratislava,Submarine (SSK),Naval,Sea,Type 212 / Gotland,842,In Maintenance,Good,2021,3,257.36,216697.12,Domestic,No,Yes,2023,2029,86.3
3231,Slovakia,SVK,2004,No,No,Central Europe,Bratislava,Submarine (SSK),Naval,Sea,Type 212 / Gotland,1410,Decommissioning,Fair,2005,19,78.59,110811.9,Italy,No,Yes,2022,2030,74.3
3232,Slovakia,SVK,2004,No,No,Central Europe,Bratislava,Submarine (SSK),Naval,Sea,Type 212 / Gotland,1408,On Order,End-of-Life,2007,17,340.56,479508.48,USA,No,Yes,2018,2028,75.8
3233,Slovakia,SVK,2004,No,No,Central Europe,Bratislava,Anti-Drone System,Air Defense,Land,DroneShield / AUDS / Skyfend,220,On Order,Needs Repair,2013,11,145.35,31977.0,Italy,Yes,Yes,2016,2032,97.9
3234,Slovakia,SVK,2004,No,No,Central Europe,Bratislava,Anti-Drone System,Air Defense,Land,DroneShield / AUDS / Skyfend,229,On Order,Fair,2011,13,186.72,42758.88,Israel,Yes,No,2012,2030,89.5
3235,Slovakia,SVK,2004,No,No,Central Europe,Bratislava,Anti-Tank Missile System,Anti-Armor,Land,Javelin / SPIKE / Milan,560,On Order,Excellent,2011,13,102.32,57299.2,Turkey,Partial,Yes,2017,2031,44.7
3236,Slovakia,SVK,2004,No,No,Central Europe,Bratislava,Anti-Tank Missile System,Anti-Armor,Land,Javelin / SPIKE / Milan,1022,Upgrading,End-of-Life,2012,12,218.01,222806.22,Italy,Yes,Yes,2014,2025,67.2
3237,Slovakia,SVK,2004,No,No,Central Europe,Bratislava,Anti-Tank Missile System,Anti-Armor,Land,Javelin / SPIKE / Milan,1084,Operational,Needs Repair,2023,1,136.51,147976.84,Turkey,Yes,No,2024,2026,91.2
3238,Slovakia,SVK,2004,No,No,Central Europe,Bratislava,Multirole Aircraft,Air Force,Air,F-35 / Rafale / F/A-18,184,Decommissioning,Good,2021,3,193.8,35659.2,USA,Partial,Yes,2024,2031,73.1
3239,Slovakia,SVK,2004,No,No,Central Europe,Bratislava,Multirole Aircraft,Air Force,Air,F-35 / Rafale / F/A-18,1815,On Order,End-of-Life,2024,0,203.79,369878.85,Israel,Partial,No,2024,2028,40.9
3240,Slovakia,SVK,2004,No,No,Central Europe,Bratislava,Multirole Aircraft,Air Force,Air,F-35 / Rafale / F/A-18,1597,In Maintenance,Fair,2007,17,273.59,436923.23,Italy,Yes,Yes,2021,2029,59.5
3241,Slovakia,SVK,2004,No,No,Central Europe,Bratislava,Logistics Support Vessel,Naval,Sea,Supply / Berlin-class,535,Upgrading,Excellent,2016,8,377.15,201775.25,UK,Partial,Yes,2024,2035,94.1
3242,Slovakia,SVK,2004,No,No,Central Europe,Bratislava,Logistics Support Vessel,Naval,Sea,Supply / Berlin-class,558,Upgrading,Good,2005,19,102.4,57139.2,Israel,No,No,2014,2029,66.4
3243,Slovakia,SVK,2004,No,No,Central Europe,Bratislava,Amphibious Assault Ship,Naval,Sea,USS America / HMS Albion,1296,Operational,Fair,2005,19,262.05,339616.8,Germany,No,Yes,2024,2029,63.5
3244,Slovakia,SVK,2004,No,No,Central Europe,Bratislava,Amphibious Assault Ship,Naval,Sea,USS America / HMS Albion,838,Reserve,Fair,2005,19,98.52,82559.76,Germany,Partial,Yes,2011,2025,96.3
3245,Slovakia,SVK,2004,No,No,Central Europe,Bratislava,Amphibious Assault Ship,Naval,Sea,USS America / HMS Albion,306,Upgrading,Needs Repair,2023,1,279.04,85386.24,Multi-National,Yes,No,2023,2029,72.1
3246,Slovakia,SVK,2004,No,No,Central Europe,Bratislava,Amphibious Assault Ship,Naval,Sea,USS America / HMS Albion,1401,Operational,End-of-Life,2015,9,278.11,389632.11,Turkey,No,No,2018,2032,61.7
3247,Slovakia,SVK,2004,No,No,Central Europe,Bratislava,Medium-Range SAM,Air Defense,Land,Patriot / NASAMS / SAMP/T,1442,Reserve,Fair,2022,2,67.04,96671.68,France,No,No,2022,2030,64.3
3248,Slovakia,SVK,2004,No,No,Central Europe,Bratislava,Medium-Range SAM,Air Defense,Land,Patriot / NASAMS / SAMP/T,1031,Upgrading,Excellent,2019,5,44.08,45446.48,Israel,No,Yes,2024,2029,75.8
3249,Slovakia,SVK,2004,No,No,Central Europe,Bratislava,Medium-Range SAM,Air Defense,Land,Patriot / NASAMS / SAMP/T,683,Decommissioning,Fair,2015,9,439.76,300356.08,Italy,Yes,No,2024,2032,76.9
3250,Slovakia,SVK,2004,No,No,Central Europe,Bratislava,Self-Propelled Howitzer,Artillery,Land,PzH 2000 / K9 Thunder / Caesar,1596,Decommissioning,Needs Repair,2008,16,273.31,436202.76,France,Yes,No,2012,2032,60.0
3251,Slovakia,SVK,2004,No,No,Central Europe,Bratislava,Self-Propelled Howitzer,Artillery,Land,PzH 2000 / K9 Thunder / Caesar,1424,Upgrading,End-of-Life,2024,0,124.88,177829.12,France,Partial,No,2024,2025,58.7
3252,Slovakia,SVK,2004,No,No,Central Europe,Bratislava,Self-Propelled Howitzer,Artillery,Land,PzH 2000 / K9 Thunder / Caesar,1161,Operational,Fair,2007,17,118.86,137996.46,UK,No,Yes,2019,2031,90.5
3253,Slovakia,SVK,2004,No,No,Central Europe,Bratislava,Self-Propelled Howitzer,Artillery,Land,PzH 2000 / K9 Thunder / Caesar,303,Decommissioning,Fair,2013,11,409.45,124063.35,Turkey,No,Yes,2017,2024,96.8
3254,Slovakia,SVK,2004,No,No,Central Europe,Bratislava,NBC Detection Vehicle,CBRN,Land,Fox / TPz Fuchs,327,Upgrading,Excellent,2019,5,286.66,93737.82,France,No,No,2022,2030,62.8
3255,Slovakia,SVK,2004,No,No,Central Europe,Bratislava,NBC Detection Vehicle,CBRN,Land,Fox / TPz Fuchs,1668,Upgrading,Needs Repair,2011,13,22.97,38313.96,Turkey,No,Yes,2021,2034,40.0
3256,Slovakia,SVK,2004,No,No,Central Europe,Bratislava,NBC Detection Vehicle,CBRN,Land,Fox / TPz Fuchs,59,Reserve,Excellent,2016,8,316.94,18699.46,UK,Yes,No,2018,2027,56.8
3257,Slovakia,SVK,2004,No,No,Central Europe,Bratislava,Transport Helicopter,Aviation,Air,CH-47 Chinook / NH90,212,Reserve,Excellent,2015,9,327.01,69326.12,USA,No,Yes,2023,2026,73.8
3258,Slovakia,SVK,2004,No,No,Central Europe,Bratislava,Transport Helicopter,Aviation,Air,CH-47 Chinook / NH90,286,Reserve,Excellent,2005,19,264.6,75675.6,France,Partial,Yes,2005,2026,75.1
3259,Slovakia,SVK,2004,No,No,Central Europe,Bratislava,Transport Helicopter,Aviation,Air,CH-47 Chinook / NH90,730,On Order,Excellent,2005,19,29.28,21374.4,UK,No,No,2019,2026,77.0
3260,Slovakia,SVK,2004,No,No,Central Europe,Bratislava,Mine Countermeasure Vessel,Naval,Sea,Hunt-class / Alkmaar,1452,Reserve,Good,2015,9,449.65,652891.8,France,No,Yes,2024,2024,55.1
3261,Slovakia,SVK,2004,No,No,Central Europe,Bratislava,Mine Countermeasure Vessel,Naval,Sea,Hunt-class / Alkmaar,1968,On Order,Fair,2019,5,155.55,306122.4,Italy,No,No,2021,2026,89.4
3262,Slovakia,SVK,2004,No,No,Central Europe,Bratislava,Submarine (SSN),Naval,Sea,Virginia-class / Astute-class,402,In Maintenance,End-of-Life,2010,14,370.59,148977.18,Multi-National,No,No,2015,2025,74.2
3263,Slovakia,SVK,2004,No,No,Central Europe,Bratislava,Submarine (SSN),Naval,Sea,Virginia-class / Astute-class,88,Decommissioning,Good,2010,14,320.97,28245.36,Domestic,Partial,Yes,2014,2025,52.5
3264,Slovakia,SVK,2004,No,No,Central Europe,Bratislava,Infantry Fighting Vehicle,Armored,Land,Bradley / Puma / AS-21,866,Reserve,Fair,2005,19,182.81,158313.46,Domestic,Yes,No,2023,2027,92.4
3265,Slovakia,SVK,2004,No,No,Central Europe,Bratislava,Infantry Fighting Vehicle,Armored,Land,Bradley / Puma / AS-21,597,On Order,Needs Repair,2007,17,434.35,259306.95,France,Yes,No,2014,2035,77.8
3266,Slovakia,SVK,2004,No,No,Central Europe,Bratislava,Patrol Vessel,Naval,Sea,OPV / Fast Attack Craft,1710,On Order,Good,2018,6,50.41,86201.1,USA,Partial,Yes,2018,2030,80.2
3267,Slovakia,SVK,2004,No,No,Central Europe,Bratislava,Patrol Vessel,Naval,Sea,OPV / Fast Attack Craft,1813,Decommissioning,Good,2017,7,299.49,542975.37,France,Yes,No,2024,2034,79.9
3268,Slovakia,SVK,2004,No,No,Central Europe,Bratislava,Patrol Vessel,Naval,Sea,OPV / Fast Attack Craft,234,Operational,End-of-Life,2006,18,297.81,69687.54,Domestic,Yes,Yes,2023,2032,54.4
3269,Slovakia,SVK,2004,No,No,Central Europe,Bratislava,Patrol Vessel,Naval,Sea,OPV / Fast Attack Craft,819,Operational,Good,2022,2,306.13,250720.47,Italy,No,No,2022,2029,65.3
3270,Slovakia,SVK,2004,No,No,Central Europe,Bratislava,Multiple Launch Rocket System,Artillery,Land,M270 / HIMARS / BM-21,1352,Decommissioning,Good,2006,18,406.63,549763.76,Italy,No,No,2011,2032,63.4
3271,Slovakia,SVK,2004,No,No,Central Europe,Bratislava,Multiple Launch Rocket System,Artillery,Land,M270 / HIMARS / BM-21,1214,In Maintenance,Fair,2022,2,315.78,383356.92,Domestic,Partial,Yes,2022,2032,82.1
3272,Slovakia,SVK,2004,No,No,Central Europe,Bratislava,Multiple Launch Rocket System,Artillery,Land,M270 / HIMARS / BM-21,1984,In Maintenance,Excellent,2023,1,65.18,129317.12,Turkey,Partial,No,2023,2028,59.2
3273,Slovakia,SVK,2004,No,No,Central Europe,Bratislava,Frigate,Naval,Sea,FREMM / Type 23 / FREMM,92,On Order,Good,2023,1,289.39,26623.88,Italy,No,Yes,2024,2033,54.5
3274,Slovakia,SVK,2004,No,No,Central Europe,Bratislava,Frigate,Naval,Sea,FREMM / Type 23 / FREMM,698,On Order,Excellent,2011,13,259.55,181165.9,Domestic,No,No,2014,2027,52.8
3275,Slovakia,SVK,2004,No,No,Central Europe,Bratislava,Frigate,Naval,Sea,FREMM / Type 23 / FREMM,1066,Reserve,Good,2009,15,200.37,213594.42,UK,Partial,Yes,2014,2035,58.0
3276,Slovakia,SVK,2004,No,No,Central Europe,Bratislava,Frigate,Naval,Sea,FREMM / Type 23 / FREMM,799,Decommissioning,Good,2016,8,234.75,187565.25,France,Partial,No,2024,2029,83.4
3277,Slovakia,SVK,2004,No,No,Central Europe,Bratislava,Strategic Bomber,Air Force,Air,B-52 / B-2 Spirit,375,On Order,Excellent,2004,20,33.51,12566.25,Italy,Partial,No,2013,2028,73.0
3278,Slovakia,SVK,2004,No,No,Central Europe,Bratislava,Strategic Bomber,Air Force,Air,B-52 / B-2 Spirit,636,Operational,Needs Repair,2019,5,267.79,170314.44,UK,Yes,No,2019,2035,89.3
3279,Slovakia,SVK,2004,No,No,Central Europe,Bratislava,Strategic Bomber,Air Force,Air,B-52 / B-2 Spirit,1127,In Maintenance,Good,2018,6,6.76,7618.52,Germany,Yes,No,2021,2029,76.9
3280,Slovakia,SVK,2004,No,No,Central Europe,Bratislava,Strategic Bomber,Air Force,Air,B-52 / B-2 Spirit,113,Reserve,End-of-Life,2008,16,155.31,17550.03,Multi-National,Yes,Yes,2008,2027,50.5
3281,Slovakia,SVK,2004,No,No,Central Europe,Bratislava,Corvette,Naval,Sea,Skjold / Visby / Burak,563,In Maintenance,Needs Repair,2007,17,325.54,183279.02,Germany,Partial,Yes,2008,2026,94.5
3282,Slovakia,SVK,2004,No,No,Central Europe,Bratislava,Corvette,Naval,Sea,Skjold / Visby / Burak,1806,Decommissioning,Fair,2023,1,204.52,369363.12,Turkey,No,No,2023,2026,65.8
3283,Slovakia,SVK,2004,No,No,Central Europe,Bratislava,Corvette,Naval,Sea,Skjold / Visby / Burak,950,Upgrading,End-of-Life,2005,19,289.8,275310.0,Israel,Partial,Yes,2011,2035,41.4
3284,Slovakia,SVK,2004,No,No,Central Europe,Bratislava,Corvette,Naval,Sea,Skjold / Visby / Burak,372,Upgrading,Needs Repair,2009,15,157.35,58534.2,Israel,No,Yes,2012,2026,69.3
3285,Slovakia,SVK,2004,No,No,Central Europe,Bratislava,Mortar System,Artillery,Land,M120 / AMOS,330,In Maintenance,Fair,2007,17,384.05,126736.5,Italy,Partial,No,2024,2026,78.3
3286,Slovakia,SVK,2004,No,No,Central Europe,Bratislava,Mortar System,Artillery,Land,M120 / AMOS,1941,Reserve,Needs Repair,2015,9,432.9,840258.9,Germany,Yes,Yes,2024,2035,59.5
3287,Slovakia,SVK,2004,No,No,Central Europe,Bratislava,Mortar System,Artillery,Land,M120 / AMOS,1227,On Order,End-of-Life,2005,19,262.77,322418.79,UK,No,Yes,2014,2031,61.8
3288,Slovakia,SVK,2004,No,No,Central Europe,Bratislava,Satellite Terminal,Communications,Digital,SATCOM / JTRS,1560,In Maintenance,Needs Repair,2018,6,192.7,300612.0,Multi-National,Partial,Yes,2020,2030,96.0
3289,Slovakia,SVK,2004,No,No,Central Europe,Bratislava,Satellite Terminal,Communications,Digital,SATCOM / JTRS,1578,Upgrading,Fair,2020,4,159.58,251817.24,Turkey,No,No,2024,2029,93.8
3290,Slovakia,SVK,2004,No,No,Central Europe,Bratislava,Electronic Warfare System,Electronics,Land,JAMMER / Krasukha,1388,Operational,Fair,2019,5,219.0,303972.0,USA,Partial,No,2021,2024,63.7
3291,Slovakia,SVK,2004,No,No,Central Europe,Bratislava,Electronic Warfare System,Electronics,Land,JAMMER / Krasukha,1228,Reserve,Fair,2022,2,186.39,228886.92,USA,Yes,No,2024,2034,40.3
3292,Slovakia,SVK,2004,No,No,Central Europe,Bratislava,Electronic Warfare System,Electronics,Land,JAMMER / Krasukha,1264,Reserve,Needs Repair,2008,16,393.14,496928.96,Multi-National,No,Yes,2017,2026,65.4
3293,Slovakia,SVK,2004,No,No,Central Europe,Bratislava,Tanker Aircraft,Air Force,Air,KC-135 / A330 MRTT,1962,Reserve,Excellent,2023,1,225.03,441508.86,Multi-National,Yes,No,2024,2030,90.3
3294,Slovakia,SVK,2004,No,No,Central Europe,Bratislava,Tanker Aircraft,Air Force,Air,KC-135 / A330 MRTT,1420,Decommissioning,Good,2024,0,175.69,249479.8,Multi-National,No,Yes,2024,2025,65.0
3295,Slovakia,SVK,2004,No,No,Central Europe,Bratislava,Tanker Aircraft,Air Force,Air,KC-135 / A330 MRTT,1564,On Order,Good,2018,6,148.94,232942.16,Domestic,Partial,Yes,2019,2029,50.5
3296,Slovakia,SVK,2004,No,No,Central Europe,Bratislava,Ballistic Missile Defense,Strategic,Land,THAAD / Aegis Ashore,1570,In Maintenance,End-of-Life,2011,13,252.7,396739.0,UK,No,No,2024,2026,93.8
3297,Slovakia,SVK,2004,No,No,Central Europe,Bratislava,Ballistic Missile Defense,Strategic,Land,THAAD / Aegis Ashore,776,On Order,Excellent,2011,13,146.22,113466.72,UK,Partial,No,2015,2033,91.1
3298,Slovakia,SVK,2004,No,No,Central Europe,Bratislava,Maritime Helicopter,Aviation,Air,AW159 / MH-60R,189,In Maintenance,End-of-Life,2014,10,301.83,57045.87,Italy,No,No,2022,2033,54.4
3299,Slovakia,SVK,2004,No,No,Central Europe,Bratislava,Maritime Helicopter,Aviation,Air,AW159 / MH-60R,1120,On Order,Good,2014,10,101.01,113131.2,Italy,Partial,No,2023,2033,77.6
3300,Slovakia,SVK,2004,No,No,Central Europe,Bratislava,Maritime Helicopter,Aviation,Air,AW159 / MH-60R,1236,Operational,Needs Repair,2023,1,379.58,469160.88,Italy,Yes,No,2024,2026,48.0
3301,Slovakia,SVK,2004,No,No,Central Europe,Bratislava,Maritime Helicopter,Aviation,Air,AW159 / MH-60R,1467,Reserve,Excellent,2019,5,293.7,430857.9,Germany,Yes,Yes,2019,2032,45.4
3302,Slovenia,SVN,2004,No,No,Southern Europe,Ljubljana,Anti-Drone System,Air Defense,Land,DroneShield / AUDS / Skyfend,560,On Order,Fair,2009,15,40.51,22685.6,Germany,Yes,No,2011,2032,51.2
3303,Slovenia,SVN,2004,No,No,Southern Europe,Ljubljana,Anti-Drone System,Air Defense,Land,DroneShield / AUDS / Skyfend,1286,Decommissioning,Excellent,2017,7,144.58,185929.88,Turkey,Partial,No,2019,2029,59.7
3304,Slovenia,SVN,2004,No,No,Southern Europe,Ljubljana,Anti-Drone System,Air Defense,Land,DroneShield / AUDS / Skyfend,1448,Reserve,Excellent,2015,9,140.22,203038.56,Domestic,Partial,Yes,2022,2029,90.0
3305,Slovenia,SVN,2004,No,No,Southern Europe,Ljubljana,Anti-Drone System,Air Defense,Land,DroneShield / AUDS / Skyfend,1556,Upgrading,End-of-Life,2018,6,441.63,687176.28,Israel,Partial,Yes,2024,2034,64.1
3306,Slovenia,SVN,2004,No,No,Southern Europe,Ljubljana,Logistics Support Vessel,Naval,Sea,Supply / Berlin-class,869,In Maintenance,Fair,2022,2,124.38,108086.22,USA,Yes,No,2024,2027,62.8
3307,Slovenia,SVN,2004,No,No,Southern Europe,Ljubljana,Logistics Support Vessel,Naval,Sea,Supply / Berlin-class,1232,Reserve,End-of-Life,2014,10,440.23,542363.36,Italy,Partial,Yes,2021,2031,84.1
3308,Slovenia,SVN,2004,No,No,Southern Europe,Ljubljana,Logistics Support Vessel,Naval,Sea,Supply / Berlin-class,1421,In Maintenance,Good,2017,7,262.57,373111.97,Israel,Partial,Yes,2022,2030,73.7
3309,Slovenia,SVN,2004,No,No,Southern Europe,Ljubljana,Logistics Support Vessel,Naval,Sea,Supply / Berlin-class,1377,Upgrading,Excellent,2012,12,269.31,370839.87,Multi-National,Partial,Yes,2019,2030,47.5
3310,Slovenia,SVN,2004,No,No,Southern Europe,Ljubljana,Frigate,Naval,Sea,FREMM / Type 23 / FREMM,349,Operational,Good,2011,13,159.68,55728.32,Domestic,Partial,No,2016,2033,82.4
3311,Slovenia,SVN,2004,No,No,Southern Europe,Ljubljana,Frigate,Naval,Sea,FREMM / Type 23 / FREMM,787,Upgrading,Good,2022,2,49.8,39192.6,UK,Partial,No,2022,2032,60.7
3312,Slovenia,SVN,2004,No,No,Southern Europe,Ljubljana,Multirole Aircraft,Air Force,Air,F-35 / Rafale / F/A-18,1354,Upgrading,Fair,2017,7,90.6,122672.4,Multi-National,Partial,No,2018,2027,83.9
3313,Slovenia,SVN,2004,No,No,Southern Europe,Ljubljana,Multirole Aircraft,Air Force,Air,F-35 / Rafale / F/A-18,1508,Decommissioning,Needs Repair,2019,5,400.82,604436.56,Domestic,Yes,Yes,2024,2034,81.2
3314,Slovenia,SVN,2004,No,No,Southern Europe,Ljubljana,Multirole Aircraft,Air Force,Air,F-35 / Rafale / F/A-18,1445,In Maintenance,Good,2006,18,54.43,78651.35,Turkey,Partial,No,2011,2027,52.1
3315,Slovenia,SVN,2004,No,No,Southern Europe,Ljubljana,Multirole Aircraft,Air Force,Air,F-35 / Rafale / F/A-18,546,Operational,Needs Repair,2011,13,75.31,41119.26,Domestic,Partial,No,2023,2025,48.7
3316,Slovenia,SVN,2004,No,No,Southern Europe,Ljubljana,Armored Reconnaissance Vehicle,Armored,Land,Fennek / Fuchs,995,In Maintenance,End-of-Life,2023,1,187.61,186671.95,Turkey,Partial,Yes,2023,2027,80.4
3317,Slovenia,SVN,2004,No,No,Southern Europe,Ljubljana,Armored Reconnaissance Vehicle,Armored,Land,Fennek / Fuchs,354,Decommissioning,Good,2009,15,331.49,117347.46,Germany,Yes,No,2018,2032,57.6
3318,Slovenia,SVN,2004,No,No,Southern Europe,Ljubljana,Armored Reconnaissance Vehicle,Armored,Land,Fennek / Fuchs,1669,Operational,End-of-Life,2011,13,387.76,647171.44,Turkey,Partial,Yes,2017,2028,75.1
3319,Slovenia,SVN,2004,No,No,Southern Europe,Ljubljana,Armored Reconnaissance Vehicle,Armored,Land,Fennek / Fuchs,976,Operational,Fair,2007,17,361.5,352824.0,Germany,Partial,No,2007,2024,82.1
3320,Slovenia,SVN,2004,No,No,Southern Europe,Ljubljana,Multiple Launch Rocket System,Artillery,Land,M270 / HIMARS / BM-21,383,In Maintenance,Fair,2020,4,132.95,50919.85,USA,No,Yes,2020,2032,88.0
3321,Slovenia,SVN,2004,No,No,Southern Europe,Ljubljana,Multiple Launch Rocket System,Artillery,Land,M270 / HIMARS / BM-21,1340,Operational,Good,2011,13,383.41,513769.4,Turkey,No,No,2014,2028,42.1
3322,Slovenia,SVN,2004,No,No,Southern Europe,Ljubljana,Multiple Launch Rocket System,Artillery,Land,M270 / HIMARS / BM-21,1824,On Order,Needs Repair,2005,19,377.91,689307.84,Germany,No,Yes,2020,2027,53.4
3323,Slovenia,SVN,2004,No,No,Southern Europe,Ljubljana,Multiple Launch Rocket System,Artillery,Land,M270 / HIMARS / BM-21,1889,In Maintenance,Needs Repair,2015,9,234.49,442951.61,Multi-National,Yes,Yes,2015,2025,77.6
3324,Slovenia,SVN,2004,No,No,Southern Europe,Ljubljana,Self-Propelled Howitzer,Artillery,Land,PzH 2000 / K9 Thunder / Caesar,1756,On Order,Needs Repair,2008,16,276.13,484884.28,Israel,Partial,No,2017,2030,50.5
3325,Slovenia,SVN,2004,No,No,Southern Europe,Ljubljana,Self-Propelled Howitzer,Artillery,Land,PzH 2000 / K9 Thunder / Caesar,191,Operational,Excellent,2016,8,428.9,81919.9,Israel,Yes,Yes,2024,2026,96.6
3326,Slovenia,SVN,2004,No,No,Southern Europe,Ljubljana,Self-Propelled Howitzer,Artillery,Land,PzH 2000 / K9 Thunder / Caesar,1688,Upgrading,Needs Repair,2008,16,120.89,204062.32,Israel,No,No,2014,2030,49.1
3327,Slovenia,SVN,2004,No,No,Southern Europe,Ljubljana,Air Superiority Fighter,Air Force,Air,F-22 / Typhoon,263,In Maintenance,Fair,2007,17,340.48,89546.24,Domestic,Partial,Yes,2010,2027,56.2
3328,Slovenia,SVN,2004,No,No,Southern Europe,Ljubljana,Air Superiority Fighter,Air Force,Air,F-22 / Typhoon,1894,On Order,End-of-Life,2023,1,169.95,321885.3,Italy,Yes,Yes,2023,2032,57.1
3329,Slovenia,SVN,2004,No,No,Southern Europe,Ljubljana,Air Superiority Fighter,Air Force,Air,F-22 / Typhoon,1928,Reserve,Fair,2022,2,418.71,807272.88,UK,Partial,No,2024,2033,66.3
3330,Slovenia,SVN,2004,No,No,Southern Europe,Ljubljana,Air Superiority Fighter,Air Force,Air,F-22 / Typhoon,722,In Maintenance,Excellent,2013,11,210.05,151656.1,UK,No,No,2017,2026,80.7
3331,Slovenia,SVN,2004,No,No,Southern Europe,Ljubljana,Electronic Warfare System,Electronics,Land,JAMMER / Krasukha,1715,Decommissioning,Fair,2015,9,185.66,318406.9,Domestic,No,No,2020,2025,92.3
3332,Slovenia,SVN,2004,No,No,Southern Europe,Ljubljana,Electronic Warfare System,Electronics,Land,JAMMER / Krasukha,618,On Order,Fair,2012,12,137.67,85080.06,Turkey,No,Yes,2024,2028,84.3
3333,Slovenia,SVN,2004,No,No,Southern Europe,Ljubljana,Electronic Warfare System,Electronics,Land,JAMMER / Krasukha,329,Decommissioning,End-of-Life,2014,10,61.02,20075.58,Multi-National,Partial,No,2018,2030,59.0
3334,Slovenia,SVN,2004,No,No,Southern Europe,Ljubljana,Aircraft Carrier,Naval,Sea,Gerald R. Ford / Queen Elizabeth,1814,Operational,Fair,2021,3,274.86,498596.04,France,Yes,No,2023,2026,44.6
3335,Slovenia,SVN,2004,No,No,Southern Europe,Ljubljana,Aircraft Carrier,Naval,Sea,Gerald R. Ford / Queen Elizabeth,1925,Upgrading,End-of-Life,2023,1,44.51,85681.75,Turkey,No,No,2023,2033,52.9
3336,Slovenia,SVN,2004,No,No,Southern Europe,Ljubljana,NBC Detection Vehicle,CBRN,Land,Fox / TPz Fuchs,992,Upgrading,Excellent,2008,16,336.91,334214.72,Italy,No,Yes,2013,2028,46.9
3337,Slovenia,SVN,2004,No,No,Southern Europe,Ljubljana,NBC Detection Vehicle,CBRN,Land,Fox / TPz Fuchs,651,Decommissioning,Good,2004,20,322.6,210012.6,UK,Yes,Yes,2013,2031,48.2
3338,Slovenia,SVN,2004,No,No,Southern Europe,Ljubljana,NBC Detection Vehicle,CBRN,Land,Fox / TPz Fuchs,472,Operational,Needs Repair,2018,6,411.23,194100.56,UK,Yes,No,2020,2027,89.3
3339,Slovenia,SVN,2004,No,No,Southern Europe,Ljubljana,Anti-Aircraft Gun,Air Defense,Land,Oerlikon 35mm / ZU-23,1933,In Maintenance,Good,2005,19,385.23,744649.59,France,Partial,No,2019,2027,53.5
3340,Slovenia,SVN,2004,No,No,Southern Europe,Ljubljana,Anti-Aircraft Gun,Air Defense,Land,Oerlikon 35mm / ZU-23,765,Operational,End-of-Life,2009,15,44.09,33728.85,Italy,Partial,Yes,2023,2029,61.3
3341,Slovenia,SVN,2004,No,No,Southern Europe,Ljubljana,Satellite Terminal,Communications,Digital,SATCOM / JTRS,1829,In Maintenance,Good,2009,15,436.22,797846.38,USA,Partial,No,2020,2025,83.6
3342,Slovenia,SVN,2004,No,No,Southern Europe,Ljubljana,Satellite Terminal,Communications,Digital,SATCOM / JTRS,1142,Decommissioning,End-of-Life,2020,4,156.33,178528.86,Multi-National,Partial,Yes,2024,2025,94.6
3343,Slovenia,SVN,2004,No,No,Southern Europe,Ljubljana,Satellite Terminal,Communications,Digital,SATCOM / JTRS,1638,In Maintenance,End-of-Life,2023,1,279.35,457575.3,USA,No,Yes,2024,2026,86.7
3344,Slovenia,SVN,2004,No,No,Southern Europe,Ljubljana,Satellite Terminal,Communications,Digital,SATCOM / JTRS,6,In Maintenance,End-of-Life,2017,7,115.22,691.32,Italy,No,Yes,2021,2027,51.2
3345,Slovenia,SVN,2004,No,No,Southern Europe,Ljubljana,Light Tank,Armored,Land,CV90105 / AMX-10RC,1388,Decommissioning,Needs Repair,2018,6,320.67,445089.96,Germany,Partial,Yes,2020,2024,89.6
3346,Slovenia,SVN,2004,No,No,Southern Europe,Ljubljana,Light Tank,Armored,Land,CV90105 / AMX-10RC,1787,In Maintenance,Good,2022,2,303.9,543069.3,UK,Yes,No,2022,2034,98.2
3347,Slovenia,SVN,2004,No,No,Southern Europe,Ljubljana,Light Tank,Armored,Land,CV90105 / AMX-10RC,1714,Decommissioning,Excellent,2005,19,389.73,667997.22,Turkey,Yes,Yes,2017,2027,53.3
3348,Slovenia,SVN,2004,No,No,Southern Europe,Ljubljana,Light Tank,Armored,Land,CV90105 / AMX-10RC,602,On Order,End-of-Life,2024,0,102.72,61837.44,Turkey,Yes,No,2024,2031,70.1
3349,Slovenia,SVN,2004,No,No,Southern Europe,Ljubljana,Mine Countermeasure Vessel,Naval,Sea,Hunt-class / Alkmaar,1510,Operational,Good,2004,20,415.29,627087.9,USA,Yes,No,2019,2033,88.6
3350,Slovenia,SVN,2004,No,No,Southern Europe,Ljubljana,Mine Countermeasure Vessel,Naval,Sea,Hunt-class / Alkmaar,1932,Decommissioning,Excellent,2022,2,194.54,375851.28,Domestic,Yes,No,2022,2033,99.3
3351,Slovenia,SVN,2004,No,No,Southern Europe,Ljubljana,Mine Countermeasure Vessel,Naval,Sea,Hunt-class / Alkmaar,1714,In Maintenance,Fair,2009,15,212.11,363556.54,UK,Partial,No,2014,2024,66.4
3352,Slovenia,SVN,2004,No,No,Southern Europe,Ljubljana,Mine Countermeasure Vessel,Naval,Sea,Hunt-class / Alkmaar,1170,Operational,Fair,2022,2,283.01,331121.7,Germany,Partial,Yes,2022,2025,95.9
3353,Slovenia,SVN,2004,No,No,Southern Europe,Ljubljana,Towed Howitzer,Artillery,Land,M777 / FH70 / D-30,951,Reserve,Excellent,2019,5,228.28,217094.28,Israel,No,No,2019,2025,92.7
3354,Slovenia,SVN,2004,No,No,Southern Europe,Ljubljana,Towed Howitzer,Artillery,Land,M777 / FH70 / D-30,100,Reserve,Excellent,2005,19,167.91,16791.0,Germany,No,No,2017,2024,47.0
3355,Slovenia,SVN,2004,No,No,Southern Europe,Ljubljana,Towed Howitzer,Artillery,Land,M777 / FH70 / D-30,1774,Upgrading,Good,2008,16,100.41,178127.34,Italy,No,No,2010,2024,98.9
3356,Slovenia,SVN,2004,No,No,Southern Europe,Ljubljana,Towed Howitzer,Artillery,Land,M777 / FH70 / D-30,41,Upgrading,End-of-Life,2010,14,173.98,7133.18,Italy,No,No,2013,2033,86.6
3357,Slovenia,SVN,2004,No,No,Southern Europe,Ljubljana,Armored Personnel Carrier,Armored,Land,M113 / Boxer / BTR-80,1318,Upgrading,Excellent,2011,13,247.14,325730.52,Multi-National,No,No,2019,2025,91.9
3358,Slovenia,SVN,2004,No,No,Southern Europe,Ljubljana,Armored Personnel Carrier,Armored,Land,M113 / Boxer / BTR-80,466,Operational,Good,2005,19,416.68,194172.88,USA,Partial,Yes,2011,2030,51.6
3359,Slovenia,SVN,2004,No,No,Southern Europe,Ljubljana,Armored Personnel Carrier,Armored,Land,M113 / Boxer / BTR-80,1749,Reserve,Excellent,2019,5,437.47,765135.03,USA,Yes,Yes,2024,2027,97.2
3360,Slovenia,SVN,2004,No,No,Southern Europe,Ljubljana,Transport Helicopter,Aviation,Air,CH-47 Chinook / NH90,179,In Maintenance,Good,2005,19,69.83,12499.57,Turkey,Yes,No,2006,2030,86.9
3361,Slovenia,SVN,2004,No,No,Southern Europe,Ljubljana,Transport Helicopter,Aviation,Air,CH-47 Chinook / NH90,1381,In Maintenance,Fair,2013,11,250.87,346451.47,Germany,Yes,Yes,2018,2028,90.8
3362,Slovenia,SVN,2004,No,No,Southern Europe,Ljubljana,Transport Helicopter,Aviation,Air,CH-47 Chinook / NH90,1643,On Order,Fair,2016,8,151.83,249456.69,Turkey,No,Yes,2017,2030,76.1
3363,Slovenia,SVN,2004,No,No,Southern Europe,Ljubljana,Transport Helicopter,Aviation,Air,CH-47 Chinook / NH90,610,Decommissioning,Excellent,2015,9,159.58,97343.8,France,No,No,2018,2029,99.8
3364,Slovenia,SVN,2004,No,No,Southern Europe,Ljubljana,Main Battle Tank,Armored,Land,M1 Abrams / Leopard 2 / Challenger 3,326,Reserve,Needs Repair,2010,14,198.72,64782.72,Israel,No,No,2021,2026,50.0
3365,Slovenia,SVN,2004,No,No,Southern Europe,Ljubljana,Main Battle Tank,Armored,Land,M1 Abrams / Leopard 2 / Challenger 3,1868,Upgrading,Fair,2019,5,175.73,328263.64,Turkey,Partial,Yes,2021,2029,99.6
3366,Slovenia,SVN,2004,No,No,Southern Europe,Ljubljana,Main Battle Tank,Armored,Land,M1 Abrams / Leopard 2 / Challenger 3,688,Reserve,Good,2009,15,340.38,234181.44,Domestic,No,No,2017,2026,61.9
3367,Slovenia,SVN,2004,No,No,Southern Europe,Ljubljana,Anti-Tank Missile System,Anti-Armor,Land,Javelin / SPIKE / Milan,923,Reserve,Good,2021,3,24.14,22281.22,Turkey,Yes,No,2021,2035,78.7
3368,Slovenia,SVN,2004,No,No,Southern Europe,Ljubljana,Anti-Tank Missile System,Anti-Armor,Land,Javelin / SPIKE / Milan,596,In Maintenance,Excellent,2020,4,280.25,167029.0,USA,No,Yes,2020,2029,62.8
3369,Slovenia,SVN,2004,No,No,Southern Europe,Ljubljana,Anti-Tank Missile System,Anti-Armor,Land,Javelin / SPIKE / Milan,704,Decommissioning,End-of-Life,2011,13,399.65,281353.6,Italy,Yes,Yes,2012,2035,78.3
3370,Slovenia,SVN,2004,No,No,Southern Europe,Ljubljana,Anti-Tank Missile System,Anti-Armor,Land,Javelin / SPIKE / Milan,1944,In Maintenance,Fair,2014,10,126.34,245604.96,Domestic,Yes,No,2014,2034,84.4
3371,Slovenia,SVN,2004,No,No,Southern Europe,Ljubljana,Maritime Helicopter,Aviation,Air,AW159 / MH-60R,1723,Operational,End-of-Life,2024,0,209.66,361244.18,Israel,Partial,Yes,2024,2029,71.6
3372,Slovenia,SVN,2004,No,No,Southern Europe,Ljubljana,Maritime Helicopter,Aviation,Air,AW159 / MH-60R,1534,Decommissioning,Good,2015,9,401.64,616115.76,Israel,No,No,2019,2034,73.7
3373,Slovenia,SVN,2004,No,No,Southern Europe,Ljubljana,AWACS Aircraft,Air Force,Air,E-3 Sentry / E-7A,1569,Decommissioning,Needs Repair,2023,1,202.3,317408.7,UK,Yes,No,2024,2026,77.9
3374,Slovenia,SVN,2004,No,No,Southern Europe,Ljubljana,AWACS Aircraft,Air Force,Air,E-3 Sentry / E-7A,1329,Reserve,Good,2005,19,329.18,437480.22,Israel,Partial,Yes,2020,2029,64.2
3375,Slovenia,SVN,2004,No,No,Southern Europe,Ljubljana,AWACS Aircraft,Air Force,Air,E-3 Sentry / E-7A,525,On Order,End-of-Life,2022,2,440.81,231425.25,Italy,Yes,No,2024,2034,92.4
3376,Slovenia,SVN,2004,No,No,Southern Europe,Ljubljana,Short-Range Air Defense,Air Defense,Land,SHORAD / Gepard / Stinger,1899,In Maintenance,Excellent,2009,15,343.45,652211.55,Multi-National,Yes,No,2009,2032,91.4
3377,Slovenia,SVN,2004,No,No,Southern Europe,Ljubljana,Short-Range Air Defense,Air Defense,Land,SHORAD / Gepard / Stinger,1975,Decommissioning,Fair,2018,6,235.34,464796.5,Italy,Yes,Yes,2024,2033,94.1
3378,Slovenia,SVN,2004,No,No,Southern Europe,Ljubljana,Short-Range Air Defense,Air Defense,Land,SHORAD / Gepard / Stinger,1393,Upgrading,Needs Repair,2009,15,361.66,503792.38,USA,Partial,Yes,2023,2029,50.2
3379,Slovenia,SVN,2004,No,No,Southern Europe,Ljubljana,Attack Helicopter,Aviation,Air,AH-64 Apache / Tiger / NH90,1844,Operational,Good,2007,17,9.61,17720.84,Italy,Partial,No,2013,2029,44.4
3380,Slovenia,SVN,2004,No,No,Southern Europe,Ljubljana,Attack Helicopter,Aviation,Air,AH-64 Apache / Tiger / NH90,1571,Reserve,Needs Repair,2021,3,381.34,599085.14,Domestic,No,Yes,2022,2024,73.7
3381,Slovenia,SVN,2004,No,No,Southern Europe,Ljubljana,Attack Helicopter,Aviation,Air,AH-64 Apache / Tiger / NH90,505,On Order,Excellent,2016,8,34.8,17574.0,USA,No,No,2022,2028,87.3
3382,Slovenia,SVN,2004,No,No,Southern Europe,Ljubljana,Destroyer,Naval,Sea,Arleigh Burke / Type 45,1275,Decommissioning,Fair,2019,5,71.39,91022.25,USA,Partial,Yes,2020,2030,69.5
3383,Slovenia,SVN,2004,No,No,Southern Europe,Ljubljana,Destroyer,Naval,Sea,Arleigh Burke / Type 45,1088,On Order,Good,2004,20,174.73,190106.24,Germany,Partial,No,2005,2025,97.5
3384,Slovenia,SVN,2004,No,No,Southern Europe,Ljubljana,Long-Range SAM,Air Defense,Land,Patriot PAC-3 / S-400,160,In Maintenance,Needs Repair,2010,14,398.15,63704.0,Domestic,Partial,No,2011,2032,55.8
3385,Slovenia,SVN,2004,No,No,Southern Europe,Ljubljana,Long-Range SAM,Air Defense,Land,Patriot PAC-3 / S-400,1709,Decommissioning,Needs Repair,2018,6,266.18,454901.62,Turkey,Partial,Yes,2021,2027,98.2
3386,Slovenia,SVN,2004,No,No,Southern Europe,Ljubljana,Long-Range SAM,Air Defense,Land,Patriot PAC-3 / S-400,218,In Maintenance,Needs Repair,2017,7,360.98,78693.64,Italy,Partial,Yes,2024,2028,64.8
3387,Slovenia,SVN,2004,No,No,Southern Europe,Ljubljana,Corvette,Naval,Sea,Skjold / Visby / Burak,174,Upgrading,End-of-Life,2005,19,7.79,1355.46,Turkey,No,No,2006,2024,75.6
3388,Slovenia,SVN,2004,No,No,Southern Europe,Ljubljana,Corvette,Naval,Sea,Skjold / Visby / Burak,948,In Maintenance,Good,2005,19,28.81,27311.88,Italy,Partial,No,2017,2035,91.9
3389,Slovenia,SVN,2004,No,No,Southern Europe,Ljubljana,Patrol Vessel,Naval,Sea,OPV / Fast Attack Craft,19,Decommissioning,Fair,2016,8,42.64,810.16,France,No,Yes,2016,2031,43.7
3390,Slovenia,SVN,2004,No,No,Southern Europe,Ljubljana,Patrol Vessel,Naval,Sea,OPV / Fast Attack Craft,44,In Maintenance,Good,2007,17,3.27,143.88,Germany,Partial,Yes,2012,2035,63.7
3391,Slovenia,SVN,2004,No,No,Southern Europe,Ljubljana,Patrol Vessel,Naval,Sea,OPV / Fast Attack Craft,1699,Decommissioning,Excellent,2010,14,393.35,668301.65,Italy,Yes,Yes,2011,2025,85.6
3392,Slovenia,SVN,2004,No,No,Southern Europe,Ljubljana,Patrol Vessel,Naval,Sea,OPV / Fast Attack Craft,1831,On Order,Needs Repair,2021,3,408.94,748769.14,France,No,Yes,2021,2030,94.9
3393,Slovenia,SVN,2004,No,No,Southern Europe,Ljubljana,Strategic Transport Aircraft,Air Force,Air,C-17 / A400M / C-130,1263,Operational,Excellent,2020,4,405.5,512146.5,USA,No,No,2020,2025,87.4
3394,Slovenia,SVN,2004,No,No,Southern Europe,Ljubljana,Strategic Transport Aircraft,Air Force,Air,C-17 / A400M / C-130,1927,In Maintenance,End-of-Life,2017,7,103.6,199637.2,Germany,Partial,Yes,2022,2025,74.0
3395,Slovenia,SVN,2004,No,No,Southern Europe,Ljubljana,Strategic Transport Aircraft,Air Force,Air,C-17 / A400M / C-130,528,Decommissioning,Fair,2008,16,410.49,216738.72,Multi-National,Partial,No,2011,2030,66.7
3396,Slovenia,SVN,2004,No,No,Southern Europe,Ljubljana,Tanker Aircraft,Air Force,Air,KC-135 / A330 MRTT,130,In Maintenance,Fair,2019,5,9.38,1219.4,UK,No,No,2021,2029,42.2
3397,Slovenia,SVN,2004,No,No,Southern Europe,Ljubljana,Tanker Aircraft,Air Force,Air,KC-135 / A330 MRTT,323,In Maintenance,Excellent,2012,12,415.64,134251.72,Multi-National,Partial,Yes,2017,2028,78.1
3398,Slovenia,SVN,2004,No,No,Southern Europe,Ljubljana,Fighter Jet,Air Force,Air,F-16 / Gripen / Typhoon,680,Decommissioning,Fair,2018,6,426.41,289958.8,Domestic,Yes,No,2019,2028,79.0
3399,Slovenia,SVN,2004,No,No,Southern Europe,Ljubljana,Fighter Jet,Air Force,Air,F-16 / Gripen / Typhoon,285,Reserve,Good,2017,7,97.26,27719.1,France,Yes,No,2022,2028,70.1
3400,Slovenia,SVN,2004,No,No,Southern Europe,Ljubljana,Mortar System,Artillery,Land,M120 / AMOS,1933,In Maintenance,Good,2007,17,379.82,734192.06,Domestic,Yes,Yes,2019,2025,81.3
3401,Slovenia,SVN,2004,No,No,Southern Europe,Ljubljana,Mortar System,Artillery,Land,M120 / AMOS,1262,In Maintenance,Excellent,2024,0,59.05,74521.1,Multi-National,No,No,2024,2035,87.1
3402,Slovenia,SVN,2004,No,No,Southern Europe,Ljubljana,Mortar System,Artillery,Land,M120 / AMOS,948,In Maintenance,Good,2012,12,138.6,131392.8,Multi-National,Partial,No,2020,2024,69.9
3403,Slovenia,SVN,2004,No,No,Southern Europe,Ljubljana,Ballistic Missile Defense,Strategic,Land,THAAD / Aegis Ashore,1261,Reserve,End-of-Life,2005,19,20.23,25510.03,Israel,Yes,Yes,2023,2030,65.0
3404,Slovenia,SVN,2004,No,No,Southern Europe,Ljubljana,Ballistic Missile Defense,Strategic,Land,THAAD / Aegis Ashore,1777,Upgrading,Good,2018,6,341.06,606063.62,Israel,Yes,Yes,2024,2035,76.5
3405,Slovenia,SVN,2004,No,No,Southern Europe,Ljubljana,Submarine (SSK),Naval,Sea,Type 212 / Gotland,1938,Decommissioning,End-of-Life,2024,0,140.69,272657.22,USA,Partial,Yes,2024,2035,69.5
3406,Slovenia,SVN,2004,No,No,Southern Europe,Ljubljana,Submarine (SSK),Naval,Sea,Type 212 / Gotland,851,Decommissioning,Fair,2013,11,369.87,314759.37,UK,No,No,2024,2028,94.5
3407,Slovenia,SVN,2004,No,No,Southern Europe,Ljubljana,Submarine (SSK),Naval,Sea,Type 212 / Gotland,706,Operational,Good,2018,6,208.09,146911.54,Turkey,Yes,No,2019,2028,50.0
3408,Slovenia,SVN,2004,No,No,Southern Europe,Ljubljana,Medium-Range SAM,Air Defense,Land,Patriot / NASAMS / SAMP/T,1530,In Maintenance,End-of-Life,2022,2,95.75,146497.5,Turkey,Yes,Yes,2022,2031,86.0
3409,Slovenia,SVN,2004,No,No,Southern Europe,Ljubljana,Medium-Range SAM,Air Defense,Land,Patriot / NASAMS / SAMP/T,874,On Order,End-of-Life,2014,10,116.05,101427.7,UK,Yes,No,2018,2033,86.1
3410,Slovenia,SVN,2004,No,No,Southern Europe,Ljubljana,Medium-Range SAM,Air Defense,Land,Patriot / NASAMS / SAMP/T,595,Reserve,Fair,2017,7,310.02,184461.9,Domestic,Yes,Yes,2017,2026,78.5
3411,Slovenia,SVN,2004,No,No,Southern Europe,Ljubljana,Medium-Range SAM,Air Defense,Land,Patriot / NASAMS / SAMP/T,1742,Upgrading,Fair,2013,11,105.54,183850.68,UK,No,Yes,2021,2032,50.3
3412,Slovenia,SVN,2004,No,No,Southern Europe,Ljubljana,Submarine (SSN),Naval,Sea,Virginia-class / Astute-class,281,Reserve,Good,2011,13,137.89,38747.09,France,No,No,2017,2032,88.5
3413,Slovenia,SVN,2004,No,No,Southern Europe,Ljubljana,Submarine (SSN),Naval,Sea,Virginia-class / Astute-class,273,On Order,Needs Repair,2020,4,269.6,73600.8,Italy,No,No,2022,2033,94.0
3414,Slovenia,SVN,2004,No,No,Southern Europe,Ljubljana,Logistics Truck (Heavy),Logistics,Support,HEMTT / MAN HX,1362,In Maintenance,End-of-Life,2004,20,437.95,596487.9,Multi-National,Yes,Yes,2010,2027,88.5
3415,Slovenia,SVN,2004,No,No,Southern Europe,Ljubljana,Logistics Truck (Heavy),Logistics,Support,HEMTT / MAN HX,957,Decommissioning,Excellent,2024,0,178.83,171140.31,Italy,Partial,No,2024,2024,45.9
3416,Slovenia,SVN,2004,No,No,Southern Europe,Ljubljana,Bridge Layer,Engineering,Land,AVLB / Biber,1797,Operational,Fair,2006,18,52.28,93947.16,Multi-National,Yes,No,2010,2027,44.1
3417,Slovenia,SVN,2004,No,No,Southern Europe,Ljubljana,Bridge Layer,Engineering,Land,AVLB / Biber,500,Decommissioning,Excellent,2023,1,123.36,61680.0,USA,No,No,2024,2029,42.3
3418,Slovenia,SVN,2004,No,No,Southern Europe,Ljubljana,Bridge Layer,Engineering,Land,AVLB / Biber,1590,Decommissioning,Needs Repair,2006,18,169.68,269791.2,Italy,Yes,No,2020,2035,76.3
3419,Slovenia,SVN,2004,No,No,Southern Europe,Ljubljana,Combat Engineer Vehicle,Engineering,Land,M9 ACE / Leopard 2 AEV,249,On Order,End-of-Life,2015,9,29.43,7328.07,Multi-National,Yes,Yes,2015,2034,74.6
3420,Slovenia,SVN,2004,No,No,Southern Europe,Ljubljana,Combat Engineer Vehicle,Engineering,Land,M9 ACE / Leopard 2 AEV,544,Operational,Good,2013,11,99.82,54302.08,Turkey,No,Yes,2015,2024,80.6
3421,Slovenia,SVN,2004,No,No,Southern Europe,Ljubljana,Patrol Aircraft,Air Force,Air,P-8 Poseidon / Atlantic,815,Upgrading,Needs Repair,2022,2,130.45,106316.75,France,Partial,Yes,2024,2032,50.4
3422,Slovenia,SVN,2004,No,No,Southern Europe,Ljubljana,Patrol Aircraft,Air Force,Air,P-8 Poseidon / Atlantic,1770,Upgrading,Needs Repair,2010,14,420.44,744178.8,Israel,Partial,Yes,2021,2034,46.0
3423,Slovenia,SVN,2004,No,No,Southern Europe,Ljubljana,Patrol Aircraft,Air Force,Air,P-8 Poseidon / Atlantic,635,Operational,Needs Repair,2011,13,36.08,22910.8,Italy,Yes,No,2012,2028,46.5
3424,Slovenia,SVN,2004,No,No,Southern Europe,Ljubljana,Ammunition Supply Vehicle,Logistics,Support,PLS / DROPS,886,In Maintenance,Excellent,2013,11,60.75,53824.5,Israel,Partial,No,2024,2030,93.2
3425,Slovenia,SVN,2004,No,No,Southern Europe,Ljubljana,Ammunition Supply Vehicle,Logistics,Support,PLS / DROPS,578,In Maintenance,End-of-Life,2010,14,228.04,131807.12,USA,No,No,2014,2035,83.4
3426,Slovenia,SVN,2004,No,No,Southern Europe,Ljubljana,Sniper Rifle System,Small Arms,Land,Barrett M82 / Accuracy Int.,1108,Reserve,Excellent,2023,1,374.98,415477.84,Italy,Partial,No,2024,2028,54.7
3427,Slovenia,SVN,2004,No,No,Southern Europe,Ljubljana,Sniper Rifle System,Small Arms,Land,Barrett M82 / Accuracy Int.,1620,Reserve,Good,2022,2,132.12,214034.4,Multi-National,Partial,No,2022,2034,58.3
3428,Slovenia,SVN,2004,No,No,Southern Europe,Ljubljana,Sniper Rifle System,Small Arms,Land,Barrett M82 / Accuracy Int.,1674,Decommissioning,End-of-Life,2023,1,206.48,345647.52,Multi-National,Yes,Yes,2024,2029,60.7
3429,Slovenia,SVN,2004,No,No,Southern Europe,Ljubljana,Sniper Rifle System,Small Arms,Land,Barrett M82 / Accuracy Int.,606,Reserve,Good,2004,20,327.77,198628.62,USA,Yes,Yes,2007,2028,78.1
3430,Slovenia,SVN,2004,No,No,Southern Europe,Ljubljana,UAV / Drone,Air Force,Air,MQ-9 Reaper / Bayraktar TB2,820,Upgrading,Needs Repair,2007,17,49.73,40778.6,Multi-National,No,No,2018,2027,73.9
3431,Slovenia,SVN,2004,No,No,Southern Europe,Ljubljana,UAV / Drone,Air Force,Air,MQ-9 Reaper / Bayraktar TB2,1714,Reserve,Needs Repair,2024,0,14.59,25007.26,Multi-National,No,No,2024,2035,65.8
3432,Slovenia,SVN,2004,No,No,Southern Europe,Ljubljana,UAV / Drone,Air Force,Air,MQ-9 Reaper / Bayraktar TB2,363,Reserve,Good,2010,14,106.99,38837.37,Domestic,Yes,Yes,2020,2029,84.2
3433,Slovenia,SVN,2004,No,No,Southern Europe,Ljubljana,UAV / Drone,Air Force,Air,MQ-9 Reaper / Bayraktar TB2,1931,On Order,Good,2010,14,267.88,517276.28,Italy,No,Yes,2017,2031,80.0
3434,Slovenia,SVN,2004,No,No,Southern Europe,Ljubljana,Radar System,Electronics,Land,AN/TPY-2 / AN/MPQ-65,218,In Maintenance,Fair,2009,15,367.8,80180.4,Italy,Partial,No,2010,2025,53.2
3435,Slovenia,SVN,2004,No,No,Southern Europe,Ljubljana,Radar System,Electronics,Land,AN/TPY-2 / AN/MPQ-65,196,Reserve,Excellent,2007,17,28.6,5605.6,Turkey,Yes,Yes,2018,2032,51.7
3436,Spain,ESP,1982,No,No,Western Europe,Madrid,Air Superiority Fighter,Air Force,Air,F-22 / Typhoon,438,Reserve,Good,2021,3,191.33,83802.54,France,Yes,No,2021,2026,40.0
3437,Spain,ESP,1982,No,No,Western Europe,Madrid,Air Superiority Fighter,Air Force,Air,F-22 / Typhoon,1229,Decommissioning,Needs Repair,2021,3,63.97,78619.13,Multi-National,Partial,No,2023,2026,79.9
3438,Spain,ESP,1982,No,No,Western Europe,Madrid,Air Superiority Fighter,Air Force,Air,F-22 / Typhoon,968,Reserve,Good,2012,12,149.07,144299.76,Israel,Partial,No,2024,2026,42.8
3439,Spain,ESP,1982,No,No,Western Europe,Madrid,Logistics Support Vessel,Naval,Sea,Supply / Berlin-class,902,Upgrading,Needs Repair,2004,20,16.74,15099.48,USA,Partial,Yes,2021,2029,97.9
3440,Spain,ESP,1982,No,No,Western Europe,Madrid,Logistics Support Vessel,Naval,Sea,Supply / Berlin-class,1513,Decommissioning,Fair,2007,17,233.34,353043.42,UK,Yes,No,2016,2033,54.2
3441,Spain,ESP,1982,No,No,Western Europe,Madrid,Logistics Support Vessel,Naval,Sea,Supply / Berlin-class,205,Upgrading,End-of-Life,1987,37,39.67,8132.35,Italy,No,Yes,1997,2030,84.8
3442,Spain,ESP,1982,No,No,Western Europe,Madrid,Logistics Support Vessel,Naval,Sea,Supply / Berlin-class,258,Upgrading,Excellent,1988,36,233.29,60188.82,France,No,Yes,1998,2027,81.0
3443,Spain,ESP,1982,No,No,Western Europe,Madrid,Satellite Terminal,Communications,Digital,SATCOM / JTRS,252,In Maintenance,Good,2017,7,146.74,36978.48,USA,No,No,2023,2025,51.9
3444,Spain,ESP,1982,No,No,Western Europe,Madrid,Satellite Terminal,Communications,Digital,SATCOM / JTRS,1835,On Order,Good,1985,39,376.52,690914.2,Multi-National,No,Yes,2003,2032,57.3
3445,Spain,ESP,1982,No,No,Western Europe,Madrid,Satellite Terminal,Communications,Digital,SATCOM / JTRS,660,In Maintenance,Excellent,1999,25,138.91,91680.6,Domestic,No,No,2024,2029,88.8
3446,Spain,ESP,1982,No,No,Western Europe,Madrid,Satellite Terminal,Communications,Digital,SATCOM / JTRS,1565,Upgrading,Fair,2010,14,332.27,520002.55,USA,Partial,No,2024,2030,89.2
3447,Spain,ESP,1982,No,No,Western Europe,Madrid,Medium-Range SAM,Air Defense,Land,Patriot / NASAMS / SAMP/T,1691,Decommissioning,Good,2004,20,390.58,660470.78,USA,No,Yes,2010,2026,93.1
3448,Spain,ESP,1982,No,No,Western Europe,Madrid,Medium-Range SAM,Air Defense,Land,Patriot / NASAMS / SAMP/T,456,In Maintenance,Excellent,1997,27,317.75,144894.0,Italy,No,No,2011,2035,70.3
3449,Spain,ESP,1982,No,No,Western Europe,Madrid,Medium-Range SAM,Air Defense,Land,Patriot / NASAMS / SAMP/T,779,Upgrading,Excellent,2007,17,393.7,306692.3,Germany,No,Yes,2021,2035,99.2
3450,Spain,ESP,1982,No,No,Western Europe,Madrid,Medium-Range SAM,Air Defense,Land,Patriot / NASAMS / SAMP/T,877,Upgrading,End-of-Life,2009,15,20.55,18022.35,Italy,Yes,No,2013,2030,44.9
3451,Spain,ESP,1982,No,No,Western Europe,Madrid,Multiple Launch Rocket System,Artillery,Land,M270 / HIMARS / BM-21,863,Reserve,Fair,2014,10,277.52,239499.76,France,Yes,No,2018,2031,56.2
3452,Spain,ESP,1982,No,No,Western Europe,Madrid,Multiple Launch Rocket System,Artillery,Land,M270 / HIMARS / BM-21,221,Operational,Good,2023,1,319.26,70556.46,UK,Yes,No,2023,2033,66.1
3453,Spain,ESP,1982,No,No,Western Europe,Madrid,Maritime Helicopter,Aviation,Air,AW159 / MH-60R,1056,Upgrading,Excellent,1995,29,143.6,151641.6,Domestic,Yes,Yes,2012,2034,81.1
3454,Spain,ESP,1982,No,No,Western Europe,Madrid,Maritime Helicopter,Aviation,Air,AW159 / MH-60R,17,Upgrading,Good,2014,10,219.98,3739.66,Multi-National,Partial,Yes,2023,2027,82.6
3455,Spain,ESP,1982,No,No,Western Europe,Madrid,Maritime Helicopter,Aviation,Air,AW159 / MH-60R,1193,Upgrading,Excellent,2022,2,288.6,344299.8,USA,Partial,Yes,2024,2025,97.1
3456,Spain,ESP,1982,No,No,Western Europe,Madrid,Self-Propelled Howitzer,Artillery,Land,PzH 2000 / K9 Thunder / Caesar,980,Upgrading,Fair,2020,4,58.29,57124.2,Domestic,Yes,Yes,2023,2035,61.7
3457,Spain,ESP,1982,No,No,Western Europe,Madrid,Self-Propelled Howitzer,Artillery,Land,PzH 2000 / K9 Thunder / Caesar,864,Operational,End-of-Life,1982,42,46.59,40253.76,Israel,Partial,No,2002,2035,47.5
3458,Spain,ESP,1982,No,No,Western Europe,Madrid,Self-Propelled Howitzer,Artillery,Land,PzH 2000 / K9 Thunder / Caesar,844,Operational,Fair,1990,34,138.14,116590.16,Germany,Partial,Yes,2000,2032,46.4
3459,Spain,ESP,1982,No,No,Western Europe,Madrid,Self-Propelled Howitzer,Artillery,Land,PzH 2000 / K9 Thunder / Caesar,1632,Reserve,Excellent,2007,17,392.6,640723.2,Turkey,No,Yes,2009,2027,45.0
3460,Spain,ESP,1982,No,No,Western Europe,Madrid,Logistics Truck (Heavy),Logistics,Support,HEMTT / MAN HX,1574,Decommissioning,Good,2011,13,405.44,638162.56,USA,Yes,No,2013,2035,98.2
3461,Spain,ESP,1982,No,No,Western Europe,Madrid,Logistics Truck (Heavy),Logistics,Support,HEMTT / MAN HX,1525,Upgrading,Good,2013,11,304.53,464408.25,Italy,No,Yes,2020,2030,79.5
3462,Spain,ESP,1982,No,No,Western Europe,Madrid,Logistics Truck (Heavy),Logistics,Support,HEMTT / MAN HX,130,In Maintenance,Fair,1987,37,387.68,50398.4,Israel,No,No,1994,2030,52.8
3463,Spain,ESP,1982,No,No,Western Europe,Madrid,Logistics Truck (Heavy),Logistics,Support,HEMTT / MAN HX,226,Operational,Fair,2011,13,76.69,17331.94,UK,Partial,Yes,2017,2026,72.0
3464,Spain,ESP,1982,No,No,Western Europe,Madrid,Aircraft Carrier,Naval,Sea,Gerald R. Ford / Queen Elizabeth,1937,In Maintenance,Fair,1994,30,129.65,251132.05,Domestic,Yes,Yes,2003,2030,40.7
3465,Spain,ESP,1982,No,No,Western Europe,Madrid,Aircraft Carrier,Naval,Sea,Gerald R. Ford / Queen Elizabeth,971,Upgrading,End-of-Life,2001,23,446.28,433337.88,Turkey,No,No,2010,2034,84.6
3466,Spain,ESP,1982,No,No,Western Europe,Madrid,Aircraft Carrier,Naval,Sea,Gerald R. Ford / Queen Elizabeth,878,Reserve,End-of-Life,2002,22,137.4,120637.2,Germany,Yes,No,2008,2033,98.7
3467,Spain,ESP,1982,No,No,Western Europe,Madrid,Aircraft Carrier,Naval,Sea,Gerald R. Ford / Queen Elizabeth,1352,In Maintenance,Fair,1993,31,48.03,64936.56,Italy,Partial,No,2023,2028,89.2
3468,Spain,ESP,1982,No,No,Western Europe,Madrid,Cyber Defense Unit,Cyber,Digital,CCDCOE / NATO Cyber Centre,120,Reserve,Excellent,1995,29,346.4,41568.0,France,No,No,2006,2024,72.7
3469,Spain,ESP,1982,No,No,Western Europe,Madrid,Cyber Defense Unit,Cyber,Digital,CCDCOE / NATO Cyber Centre,1359,Upgrading,End-of-Life,2008,16,145.79,198128.61,Israel,Partial,Yes,2023,2028,57.6
3470,Spain,ESP,1982,No,No,Western Europe,Madrid,Cyber Defense Unit,Cyber,Digital,CCDCOE / NATO Cyber Centre,1813,Reserve,Excellent,2013,11,35.66,64651.58,Germany,No,Yes,2023,2032,90.1
3471,Spain,ESP,1982,No,No,Western Europe,Madrid,Attack Helicopter,Aviation,Air,AH-64 Apache / Tiger / NH90,511,Operational,Excellent,1998,26,388.83,198692.13,Israel,No,No,2024,2026,76.6
3472,Spain,ESP,1982,No,No,Western Europe,Madrid,Attack Helicopter,Aviation,Air,AH-64 Apache / Tiger / NH90,1486,Upgrading,Needs Repair,2021,3,424.96,631490.56,Italy,No,Yes,2021,2030,89.0
3473,Spain,ESP,1982,No,No,Western Europe,Madrid,Attack Helicopter,Aviation,Air,AH-64 Apache / Tiger / NH90,1295,Decommissioning,Good,1985,39,390.22,505334.9,France,No,No,2016,2031,55.3
3474,Spain,ESP,1982,No,No,Western Europe,Madrid,Attack Helicopter,Aviation,Air,AH-64 Apache / Tiger / NH90,1736,On Order,End-of-Life,1988,36,15.55,26994.8,UK,Yes,No,1995,2035,86.2
3475,Spain,ESP,1982,No,No,Western Europe,Madrid,Radar System,Electronics,Land,AN/TPY-2 / AN/MPQ-65,1066,Operational,Excellent,1993,31,443.82,473112.12,France,Partial,No,1995,2033,84.1
3476,Spain,ESP,1982,No,No,Western Europe,Madrid,Radar System,Electronics,Land,AN/TPY-2 / AN/MPQ-65,688,On Order,Excellent,2014,10,82.84,56993.92,Turkey,Yes,Yes,2014,2027,44.8
3477,Spain,ESP,1982,No,No,Western Europe,Madrid,Fighter Jet,Air Force,Air,F-16 / Gripen / Typhoon,897,Upgrading,Fair,2007,17,177.86,159540.42,USA,Partial,No,2022,2032,87.4
3478,Spain,ESP,1982,No,No,Western Europe,Madrid,Fighter Jet,Air Force,Air,F-16 / Gripen / Typhoon,1022,Decommissioning,End-of-Life,2023,1,280.18,286343.96,Multi-National,No,No,2024,2033,83.9
3479,Spain,ESP,1982,No,No,Western Europe,Madrid,Amphibious Assault Ship,Naval,Sea,USS America / HMS Albion,954,Operational,Fair,2019,5,214.95,205062.3,USA,No,No,2022,2025,78.8
3480,Spain,ESP,1982,No,No,Western Europe,Madrid,Amphibious Assault Ship,Naval,Sea,USS America / HMS Albion,1255,Decommissioning,Good,1985,39,418.99,525832.45,France,Partial,No,1991,2024,72.3
3481,Spain,ESP,1982,No,No,Western Europe,Madrid,Amphibious Assault Ship,Naval,Sea,USS America / HMS Albion,1331,Upgrading,End-of-Life,1995,29,426.74,567990.94,Israel,No,No,2012,2034,98.9
3482,Spain,ESP,1982,No,No,Western Europe,Madrid,Submarine (SSK),Naval,Sea,Type 212 / Gotland,1077,Operational,Good,2001,23,66.17,71265.09,Germany,No,No,2002,2034,53.7
3483,Spain,ESP,1982,No,No,Western Europe,Madrid,Submarine (SSK),Naval,Sea,Type 212 / Gotland,103,Reserve,Excellent,2002,22,412.18,42454.54,USA,No,Yes,2003,2035,66.5
3484,Spain,ESP,1982,No,No,Western Europe,Madrid,Submarine (SSK),Naval,Sea,Type 212 / Gotland,835,In Maintenance,Good,2005,19,379.84,317166.4,Italy,Yes,No,2024,2029,68.5
3485,Spain,ESP,1982,No,No,Western Europe,Madrid,Submarine (SSK),Naval,Sea,Type 212 / Gotland,110,On Order,End-of-Life,1997,27,320.54,35259.4,Israel,Partial,Yes,1997,2032,56.2
3486,Spain,ESP,1982,No,No,Western Europe,Madrid,Submarine (SSN),Naval,Sea,Virginia-class / Astute-class,1394,On Order,End-of-Life,2018,6,74.48,103825.12,Turkey,Yes,No,2024,2029,52.3
3487,Spain,ESP,1982,No,No,Western Europe,Madrid,Submarine (SSN),Naval,Sea,Virginia-class / Astute-class,1961,Upgrading,Excellent,2009,15,244.46,479386.06,Germany,Partial,No,2022,2031,62.6
3488,Spain,ESP,1982,No,No,Western Europe,Madrid,Submarine (SSN),Naval,Sea,Virginia-class / Astute-class,234,In Maintenance,Fair,2022,2,423.05,98993.7,UK,Partial,No,2023,2025,99.5
3489,Spain,ESP,1982,No,No,Western Europe,Madrid,Submarine (SSN),Naval,Sea,Virginia-class / Astute-class,1479,Operational,Fair,1996,28,444.22,657001.38,France,Partial,Yes,2017,2028,73.5
3490,Spain,ESP,1982,No,No,Western Europe,Madrid,Armored Reconnaissance Vehicle,Armored,Land,Fennek / Fuchs,1182,Reserve,Good,2019,5,321.09,379528.38,USA,Yes,Yes,2019,2032,85.9
3491,Spain,ESP,1982,No,No,Western Europe,Madrid,Armored Reconnaissance Vehicle,Armored,Land,Fennek / Fuchs,1183,Operational,Good,1984,40,140.66,166400.78,UK,Yes,No,1986,2027,64.2
3492,Spain,ESP,1982,No,No,Western Europe,Madrid,Armored Reconnaissance Vehicle,Armored,Land,Fennek / Fuchs,517,Upgrading,Good,1993,31,398.06,205797.02,France,Yes,Yes,2012,2034,48.9
3493,Spain,ESP,1982,No,No,Western Europe,Madrid,Armored Reconnaissance Vehicle,Armored,Land,Fennek / Fuchs,130,Upgrading,Excellent,2000,24,398.06,51747.8,Multi-National,Partial,No,2012,2026,90.6
3494,Spain,ESP,1982,No,No,Western Europe,Madrid,Frigate,Naval,Sea,FREMM / Type 23 / FREMM,1606,On Order,Fair,2012,12,272.69,437940.14,Germany,Partial,Yes,2013,2024,88.9
3495,Spain,ESP,1982,No,No,Western Europe,Madrid,Frigate,Naval,Sea,FREMM / Type 23 / FREMM,1015,Reserve,End-of-Life,1990,34,223.33,226679.95,Germany,Yes,No,1995,2031,85.9
3496,Spain,ESP,1982,No,No,Western Europe,Madrid,Frigate,Naval,Sea,FREMM / Type 23 / FREMM,42,Upgrading,Good,2013,11,307.89,12931.38,USA,Yes,Yes,2017,2034,43.6
3497,Spain,ESP,1982,No,No,Western Europe,Madrid,Patrol Vessel,Naval,Sea,OPV / Fast Attack Craft,1914,Operational,End-of-Life,1999,25,264.26,505793.64,Israel,Partial,No,2001,2033,63.7
3498,Spain,ESP,1982,No,No,Western Europe,Madrid,Patrol Vessel,Naval,Sea,OPV / Fast Attack Craft,353,Reserve,Needs Repair,2012,12,41.81,14758.93,Domestic,No,No,2023,2032,94.0
3499,Spain,ESP,1982,No,No,Western Europe,Madrid,Patrol Vessel,Naval,Sea,OPV / Fast Attack Craft,889,In Maintenance,Needs Repair,2014,10,196.43,174626.27,Multi-National,No,No,2021,2025,80.5
3500,Spain,ESP,1982,No,No,Western Europe,Madrid,Patrol Vessel,Naval,Sea,OPV / Fast Attack Craft,1993,Operational,End-of-Life,2011,13,55.78,111169.54,France,Partial,Yes,2018,2030,83.2
3501,Spain,ESP,1982,No,No,Western Europe,Madrid,Ammunition Supply Vehicle,Logistics,Support,PLS / DROPS,4,Upgrading,Excellent,2024,0,388.27,1553.08,Domestic,Yes,Yes,2024,2033,91.6
3502,Spain,ESP,1982,No,No,Western Europe,Madrid,Ammunition Supply Vehicle,Logistics,Support,PLS / DROPS,1588,Reserve,Fair,1992,32,331.58,526549.04,Germany,No,No,2004,2024,81.9
3503,Spain,ESP,1982,No,No,Western Europe,Madrid,Ammunition Supply Vehicle,Logistics,Support,PLS / DROPS,23,Upgrading,End-of-Life,1996,28,273.09,6281.07,Domestic,No,No,2009,2029,89.9
3504,Spain,ESP,1982,No,No,Western Europe,Madrid,Short-Range Air Defense,Air Defense,Land,SHORAD / Gepard / Stinger,1512,Decommissioning,Needs Repair,2020,4,39.91,60343.92,Multi-National,Partial,No,2024,2034,70.6
3505,Spain,ESP,1982,No,No,Western Europe,Madrid,Short-Range Air Defense,Air Defense,Land,SHORAD / Gepard / Stinger,1429,In Maintenance,Good,1999,25,271.2,387544.8,Domestic,Yes,Yes,2004,2030,73.1
3506,Spain,ESP,1982,No,No,Western Europe,Madrid,Short-Range Air Defense,Air Defense,Land,SHORAD / Gepard / Stinger,1909,Operational,Good,2007,17,225.79,431033.11,Turkey,No,No,2022,2032,62.0
3507,Spain,ESP,1982,No,No,Western Europe,Madrid,Combat Engineer Vehicle,Engineering,Land,M9 ACE / Leopard 2 AEV,673,Upgrading,Fair,2012,12,317.48,213664.04,France,Yes,Yes,2016,2035,97.1
3508,Spain,ESP,1982,No,No,Western Europe,Madrid,Combat Engineer Vehicle,Engineering,Land,M9 ACE / Leopard 2 AEV,591,Decommissioning,Excellent,1995,29,8.62,5094.42,France,Yes,Yes,2000,2029,98.6
3509,Spain,ESP,1982,No,No,Western Europe,Madrid,Combat Engineer Vehicle,Engineering,Land,M9 ACE / Leopard 2 AEV,761,In Maintenance,Good,1983,41,116.78,88869.58,Israel,No,No,1998,2035,87.8
3510,Spain,ESP,1982,No,No,Western Europe,Madrid,Electronic Warfare System,Electronics,Land,JAMMER / Krasukha,1559,Reserve,Fair,1982,42,257.61,401613.99,Turkey,Yes,Yes,2000,2033,49.0
3511,Spain,ESP,1982,No,No,Western Europe,Madrid,Electronic Warfare System,Electronics,Land,JAMMER / Krasukha,1962,In Maintenance,Fair,2009,15,190.14,373054.68,Turkey,No,No,2009,2027,98.7
3512,Spain,ESP,1982,No,No,Western Europe,Madrid,Electronic Warfare System,Electronics,Land,JAMMER / Krasukha,313,Operational,Excellent,2014,10,27.2,8513.6,Domestic,Yes,No,2019,2032,86.3
3513,Spain,ESP,1982,No,No,Western Europe,Madrid,Electronic Warfare System,Electronics,Land,JAMMER / Krasukha,1468,Upgrading,Fair,2015,9,304.8,447446.4,USA,Partial,No,2024,2027,75.8
3514,Spain,ESP,1982,No,No,Western Europe,Madrid,Towed Howitzer,Artillery,Land,M777 / FH70 / D-30,1256,On Order,Good,2012,12,271.57,341091.92,France,Yes,Yes,2023,2027,71.6
3515,Spain,ESP,1982,No,No,Western Europe,Madrid,Towed Howitzer,Artillery,Land,M777 / FH70 / D-30,1679,In Maintenance,End-of-Life,2009,15,249.49,418893.71,Israel,Partial,Yes,2020,2032,47.4
3516,Spain,ESP,1982,No,No,Western Europe,Madrid,Towed Howitzer,Artillery,Land,M777 / FH70 / D-30,918,On Order,Needs Repair,1995,29,251.0,230418.0,Multi-National,Yes,No,2006,2026,84.5
3517,Spain,ESP,1982,No,No,Western Europe,Madrid,NBC Detection Vehicle,CBRN,Land,Fox / TPz Fuchs,683,On Order,End-of-Life,1984,40,221.27,151127.41,France,No,No,1998,2035,77.8
3518,Spain,ESP,1982,No,No,Western Europe,Madrid,NBC Detection Vehicle,CBRN,Land,Fox / TPz Fuchs,274,Decommissioning,Excellent,1989,35,261.1,71541.4,Israel,Partial,No,2014,2024,79.9
3519,Spain,ESP,1982,No,No,Western Europe,Madrid,Patrol Aircraft,Air Force,Air,P-8 Poseidon / Atlantic,1904,Decommissioning,Fair,2000,24,79.84,152015.36,Domestic,Partial,No,2014,2026,99.8
3520,Spain,ESP,1982,No,No,Western Europe,Madrid,Patrol Aircraft,Air Force,Air,P-8 Poseidon / Atlantic,317,Upgrading,Good,2008,16,298.37,94583.29,Multi-National,Yes,Yes,2022,2030,66.4
3521,Spain,ESP,1982,No,No,Western Europe,Madrid,Destroyer,Naval,Sea,Arleigh Burke / Type 45,911,Upgrading,Good,2016,8,384.09,349905.99,Turkey,Yes,Yes,2016,2029,79.1
3522,Spain,ESP,1982,No,No,Western Europe,Madrid,Destroyer,Naval,Sea,Arleigh Burke / Type 45,898,Decommissioning,End-of-Life,1998,26,408.37,366716.26,France,Yes,Yes,2009,2027,81.5
3523,Spain,ESP,1982,No,No,Western Europe,Madrid,Destroyer,Naval,Sea,Arleigh Burke / Type 45,576,In Maintenance,Fair,1984,40,301.05,173404.8,Germany,No,Yes,1987,2035,54.1
3524,Spain,ESP,1982,No,No,Western Europe,Madrid,Destroyer,Naval,Sea,Arleigh Burke / Type 45,312,On Order,Needs Repair,1999,25,442.77,138144.24,Turkey,Yes,No,2010,2025,71.6
3525,Spain,ESP,1982,No,No,Western Europe,Madrid,Ground Attack Aircraft,Air Force,Air,A-10 / Tornado IDS,1599,Decommissioning,Needs Repair,2020,4,50.41,80605.59,Israel,Yes,Yes,2021,2033,58.0
3526,Spain,ESP,1982,No,No,Western Europe,Madrid,Ground Attack Aircraft,Air Force,Air,A-10 / Tornado IDS,821,Upgrading,Good,1997,27,425.01,348933.21,UK,No,No,2024,2027,75.9
3527,Spain,ESP,1982,No,No,Western Europe,Madrid,Ground Attack Aircraft,Air Force,Air,A-10 / Tornado IDS,715,Upgrading,End-of-Life,2012,12,344.58,246374.7,Italy,Yes,Yes,2019,2026,73.1
3528,Spain,ESP,1982,No,No,Western Europe,Madrid,Tanker Aircraft,Air Force,Air,KC-135 / A330 MRTT,1449,Decommissioning,Fair,2001,23,379.65,550112.85,Multi-National,Yes,Yes,2019,2033,88.6
3529,Spain,ESP,1982,No,No,Western Europe,Madrid,Tanker Aircraft,Air Force,Air,KC-135 / A330 MRTT,1871,On Order,End-of-Life,2014,10,193.22,361514.62,Germany,Partial,No,2024,2029,81.3
3530,Spain,ESP,1982,No,No,Western Europe,Madrid,Tanker Aircraft,Air Force,Air,KC-135 / A330 MRTT,1906,Reserve,End-of-Life,2002,22,29.63,56474.78,Domestic,No,No,2009,2029,83.2
3531,Spain,ESP,1982,No,No,Western Europe,Madrid,Tanker Aircraft,Air Force,Air,KC-135 / A330 MRTT,1000,Reserve,Fair,2005,19,123.31,123310.0,France,No,No,2024,2033,63.5
3532,Spain,ESP,1982,No,No,Western Europe,Madrid,Ballistic Missile Defense,Strategic,Land,THAAD / Aegis Ashore,127,Decommissioning,End-of-Life,2013,11,225.01,28576.27,Turkey,No,Yes,2015,2026,48.5
3533,Spain,ESP,1982,No,No,Western Europe,Madrid,Ballistic Missile Defense,Strategic,Land,THAAD / Aegis Ashore,881,Upgrading,Excellent,2001,23,391.68,345070.08,Italy,Yes,Yes,2002,2024,48.9
3534,Spain,ESP,1982,No,No,Western Europe,Madrid,Ballistic Missile Defense,Strategic,Land,THAAD / Aegis Ashore,24,Reserve,Excellent,1990,34,207.37,4976.88,Turkey,No,No,2017,2035,73.7
3535,Spain,ESP,1982,No,No,Western Europe,Madrid,Ballistic Missile Defense,Strategic,Land,THAAD / Aegis Ashore,1755,Reserve,Excellent,2016,8,311.5,546682.5,UK,No,Yes,2024,2030,78.9
3536,Spain,ESP,1982,No,No,Western Europe,Madrid,Infantry Fighting Vehicle,Armored,Land,Bradley / Puma / AS-21,22,Decommissioning,Excellent,1989,35,418.83,9214.26,Germany,Yes,No,2010,2024,43.3
3537,Spain,ESP,1982,No,No,Western Europe,Madrid,Infantry Fighting Vehicle,Armored,Land,Bradley / Puma / AS-21,826,Decommissioning,Excellent,2021,3,386.47,319224.22,Italy,No,No,2022,2033,93.5
3538,Spain,ESP,1982,No,No,Western Europe,Madrid,Infantry Fighting Vehicle,Armored,Land,Bradley / Puma / AS-21,323,Reserve,Fair,1991,33,390.05,125986.15,Italy,No,No,2002,2027,50.9
3539,Spain,ESP,1982,No,No,Western Europe,Madrid,Infantry Fighting Vehicle,Armored,Land,Bradley / Puma / AS-21,198,Decommissioning,End-of-Life,2001,23,334.51,66232.98,UK,No,Yes,2007,2033,88.0
3540,Spain,ESP,1982,No,No,Western Europe,Madrid,Light Tank,Armored,Land,CV90105 / AMX-10RC,1178,Upgrading,Needs Repair,2005,19,295.35,347922.3,France,Yes,Yes,2012,2032,44.7
3541,Spain,ESP,1982,No,No,Western Europe,Madrid,Light Tank,Armored,Land,CV90105 / AMX-10RC,890,Operational,Needs Repair,2019,5,147.55,131319.5,Domestic,No,No,2023,2029,82.4
3542,Spain,ESP,1982,No,No,Western Europe,Madrid,Light Tank,Armored,Land,CV90105 / AMX-10RC,28,In Maintenance,Needs Repair,2009,15,370.09,10362.52,USA,Partial,Yes,2013,2032,91.0
3543,Spain,ESP,1982,No,No,Western Europe,Madrid,Light Tank,Armored,Land,CV90105 / AMX-10RC,598,Decommissioning,Excellent,1984,40,317.37,189787.26,USA,No,Yes,1985,2034,62.5
3544,Spain,ESP,1982,No,No,Western Europe,Madrid,UAV / Drone,Air Force,Air,MQ-9 Reaper / Bayraktar TB2,471,Reserve,Fair,2015,9,65.8,30991.8,Germany,Partial,No,2023,2033,76.1
3545,Spain,ESP,1982,No,No,Western Europe,Madrid,UAV / Drone,Air Force,Air,MQ-9 Reaper / Bayraktar TB2,1190,Decommissioning,End-of-Life,2018,6,178.74,212700.6,France,Yes,Yes,2022,2028,43.4
3546,Spain,ESP,1982,No,No,Western Europe,Madrid,UAV / Drone,Air Force,Air,MQ-9 Reaper / Bayraktar TB2,297,Operational,Fair,1986,38,226.36,67228.92,Israel,Yes,Yes,1992,2033,45.7
3547,Spain,ESP,1982,No,No,Western Europe,Madrid,UAV / Drone,Air Force,Air,MQ-9 Reaper / Bayraktar TB2,1338,On Order,End-of-Life,2008,16,24.49,32767.62,Italy,Partial,No,2018,2028,76.7
3548,Spain,ESP,1982,No,No,Western Europe,Madrid,Mortar System,Artillery,Land,M120 / AMOS,141,Reserve,Excellent,2017,7,437.99,61756.59,France,Partial,No,2022,2028,67.5
3549,Spain,ESP,1982,No,No,Western Europe,Madrid,Mortar System,Artillery,Land,M120 / AMOS,1276,On Order,Excellent,1993,31,407.06,519408.56,Italy,No,No,2012,2032,68.3
3550,Spain,ESP,1982,No,No,Western Europe,Madrid,Mortar System,Artillery,Land,M120 / AMOS,690,In Maintenance,Excellent,2007,17,171.56,118376.4,Domestic,No,No,2007,2033,78.9
3551,Spain,ESP,1982,No,No,Western Europe,Madrid,Mortar System,Artillery,Land,M120 / AMOS,634,Operational,Fair,1999,25,281.95,178756.3,Domestic,Yes,Yes,2023,2034,86.6
3552,Spain,ESP,1982,No,No,Western Europe,Madrid,Bridge Layer,Engineering,Land,AVLB / Biber,1879,Upgrading,Fair,2003,21,24.16,45396.64,Israel,No,Yes,2014,2024,99.0
3553,Spain,ESP,1982,No,No,Western Europe,Madrid,Bridge Layer,Engineering,Land,AVLB / Biber,1266,Reserve,Fair,1983,41,375.57,475471.62,Turkey,No,No,2014,2032,93.4
3554,Spain,ESP,1982,No,No,Western Europe,Madrid,Multirole Aircraft,Air Force,Air,F-35 / Rafale / F/A-18,1693,In Maintenance,End-of-Life,2012,12,258.03,436844.79,USA,Partial,No,2019,2028,53.5
3555,Spain,ESP,1982,No,No,Western Europe,Madrid,Multirole Aircraft,Air Force,Air,F-35 / Rafale / F/A-18,313,Operational,Good,2018,6,379.58,118808.54,Italy,Yes,Yes,2023,2033,83.8
3556,Spain,ESP,1982,No,No,Western Europe,Madrid,Strategic Transport Aircraft,Air Force,Air,C-17 / A400M / C-130,1656,Operational,Good,1983,41,266.82,441853.92,Turkey,No,No,2014,2025,94.5
3557,Spain,ESP,1982,No,No,Western Europe,Madrid,Strategic Transport Aircraft,Air Force,Air,C-17 / A400M / C-130,1577,On Order,Good,2001,23,84.69,133556.13,Germany,Yes,Yes,2003,2034,74.8
3558,Spain,ESP,1982,No,No,Western Europe,Madrid,Strategic Transport Aircraft,Air Force,Air,C-17 / A400M / C-130,269,On Order,Good,2009,15,291.79,78491.51,France,No,No,2015,2034,95.8
3559,Spain,ESP,1982,No,No,Western Europe,Madrid,Field Hospital,Medical,Support,Role 2 / Role 3 Hospital,1605,In Maintenance,Excellent,1996,28,426.8,685014.0,Multi-National,Yes,Yes,2004,2029,98.6
3560,Spain,ESP,1982,No,No,Western Europe,Madrid,Field Hospital,Medical,Support,Role 2 / Role 3 Hospital,513,Operational,Good,2013,11,240.54,123397.02,UK,No,Yes,2016,2035,92.8
3561,Spain,ESP,1982,No,No,Western Europe,Madrid,Strategic Bomber,Air Force,Air,B-52 / B-2 Spirit,909,Reserve,Needs Repair,1998,26,285.07,259128.63,Italy,No,No,2011,2032,42.0
3562,Spain,ESP,1982,No,No,Western Europe,Madrid,Strategic Bomber,Air Force,Air,B-52 / B-2 Spirit,1350,Operational,Excellent,2003,21,414.11,559048.5,Domestic,Partial,No,2020,2033,79.4
3563,Spain,ESP,1982,No,No,Western Europe,Madrid,Strategic Bomber,Air Force,Air,B-52 / B-2 Spirit,1887,Reserve,Needs Repair,1995,29,245.24,462767.88,Italy,Yes,Yes,2022,2029,56.1
3564,Spain,ESP,1982,No,No,Western Europe,Madrid,Strategic Bomber,Air Force,Air,B-52 / B-2 Spirit,1404,On Order,Fair,2016,8,444.37,623895.48,Turkey,Partial,Yes,2024,2034,43.0
3565,Sweden,SWE,2024,No,No,Northern Europe,Stockholm,Frigate,Naval,Sea,FREMM / Type 23 / FREMM,1359,In Maintenance,Good,2024,0,124.35,168991.65,Multi-National,Yes,No,2024,2026,62.8
3566,Sweden,SWE,2024,No,No,Northern Europe,Stockholm,Frigate,Naval,Sea,FREMM / Type 23 / FREMM,1993,Reserve,End-of-Life,2024,0,229.91,458210.63,USA,Partial,No,2024,2028,63.1
3567,Sweden,SWE,2024,No,No,Northern Europe,Stockholm,Radar System,Electronics,Land,AN/TPY-2 / AN/MPQ-65,1125,On Order,Fair,2024,0,182.05,204806.25,Multi-National,Yes,No,2024,2027,45.2
3568,Sweden,SWE,2024,No,No,Northern Europe,Stockholm,Radar System,Electronics,Land,AN/TPY-2 / AN/MPQ-65,740,Operational,Good,2024,0,283.66,209908.4,Italy,No,Yes,2024,2031,93.7
3569,Sweden,SWE,2024,No,No,Northern Europe,Stockholm,Ammunition Supply Vehicle,Logistics,Support,PLS / DROPS,995,Reserve,Fair,2024,0,213.93,212860.35,Turkey,Partial,Yes,2024,2026,84.8
3570,Sweden,SWE,2024,No,No,Northern Europe,Stockholm,Ammunition Supply Vehicle,Logistics,Support,PLS / DROPS,466,Upgrading,Excellent,2024,0,217.42,101317.72,Israel,Partial,Yes,2024,2029,71.3
3571,Sweden,SWE,2024,No,No,Northern Europe,Stockholm,Strategic Bomber,Air Force,Air,B-52 / B-2 Spirit,1366,Operational,Good,2024,0,297.86,406876.76,Italy,Partial,No,2024,2024,71.6
3572,Sweden,SWE,2024,No,No,Northern Europe,Stockholm,Strategic Bomber,Air Force,Air,B-52 / B-2 Spirit,631,Upgrading,Good,2024,0,123.6,77991.6,Turkey,Yes,No,2024,2035,69.2
3573,Sweden,SWE,2024,No,No,Northern Europe,Stockholm,Strategic Bomber,Air Force,Air,B-52 / B-2 Spirit,836,Decommissioning,End-of-Life,2024,0,197.96,165494.56,Domestic,No,Yes,2024,2035,57.3
3574,Sweden,SWE,2024,No,No,Northern Europe,Stockholm,Anti-Drone System,Air Defense,Land,DroneShield / AUDS / Skyfend,675,Operational,End-of-Life,2024,0,39.31,26534.25,Italy,No,No,2024,2025,75.0
3575,Sweden,SWE,2024,No,No,Northern Europe,Stockholm,Anti-Drone System,Air Defense,Land,DroneShield / AUDS / Skyfend,1945,Reserve,Good,2024,0,130.58,253978.1,Multi-National,No,Yes,2024,2032,55.0
3576,Sweden,SWE,2024,No,No,Northern Europe,Stockholm,Towed Howitzer,Artillery,Land,M777 / FH70 / D-30,1973,Operational,Needs Repair,2024,0,380.28,750292.44,Domestic,Partial,No,2024,2033,94.5
3577,Sweden,SWE,2024,No,No,Northern Europe,Stockholm,Towed Howitzer,Artillery,Land,M777 / FH70 / D-30,625,In Maintenance,Needs Repair,2024,0,146.78,91737.5,Italy,Yes,Yes,2024,2029,62.8
3578,Sweden,SWE,2024,No,No,Northern Europe,Stockholm,Air Superiority Fighter,Air Force,Air,F-22 / Typhoon,567,Operational,Needs Repair,2024,0,423.38,240056.46,UK,Yes,No,2024,2027,51.2
3579,Sweden,SWE,2024,No,No,Northern Europe,Stockholm,Air Superiority Fighter,Air Force,Air,F-22 / Typhoon,873,Decommissioning,Excellent,2024,0,3.74,3265.02,France,No,Yes,2024,2032,44.1
3580,Sweden,SWE,2024,No,No,Northern Europe,Stockholm,Patrol Vessel,Naval,Sea,OPV / Fast Attack Craft,13,Reserve,Needs Repair,2024,0,50.52,656.76,USA,Partial,No,2024,2025,58.7
3581,Sweden,SWE,2024,No,No,Northern Europe,Stockholm,Patrol Vessel,Naval,Sea,OPV / Fast Attack Craft,736,On Order,Fair,2024,0,126.26,92927.36,Italy,Partial,Yes,2024,2027,63.0
3582,Sweden,SWE,2024,No,No,Northern Europe,Stockholm,Patrol Vessel,Naval,Sea,OPV / Fast Attack Craft,76,Upgrading,Needs Repair,2024,0,79.09,6010.84,USA,Partial,Yes,2024,2027,93.6
3583,Sweden,SWE,2024,No,No,Northern Europe,Stockholm,Patrol Vessel,Naval,Sea,OPV / Fast Attack Craft,1064,Decommissioning,Fair,2024,0,172.49,183529.36,Multi-National,Yes,No,2024,2027,79.1
3584,Sweden,SWE,2024,No,No,Northern Europe,Stockholm,Combat Engineer Vehicle,Engineering,Land,M9 ACE / Leopard 2 AEV,1687,Operational,Fair,2024,0,205.33,346391.71,Israel,No,No,2024,2024,54.1
3585,Sweden,SWE,2024,No,No,Northern Europe,Stockholm,Combat Engineer Vehicle,Engineering,Land,M9 ACE / Leopard 2 AEV,1359,Operational,Fair,2024,0,170.26,231383.34,Italy,Partial,Yes,2024,2032,45.0
3586,Sweden,SWE,2024,No,No,Northern Europe,Stockholm,Multiple Launch Rocket System,Artillery,Land,M270 / HIMARS / BM-21,983,Operational,Good,2024,0,95.35,93729.05,Turkey,Partial,No,2024,2035,99.6
3587,Sweden,SWE,2024,No,No,Northern Europe,Stockholm,Multiple Launch Rocket System,Artillery,Land,M270 / HIMARS / BM-21,1656,In Maintenance,Needs Repair,2024,0,82.91,137298.96,France,No,No,2024,2028,89.8
3588,Sweden,SWE,2024,No,No,Northern Europe,Stockholm,Multiple Launch Rocket System,Artillery,Land,M270 / HIMARS / BM-21,301,Reserve,End-of-Life,2024,0,400.83,120649.83,Domestic,No,No,2024,2029,52.6
3589,Sweden,SWE,2024,No,No,Northern Europe,Stockholm,Multiple Launch Rocket System,Artillery,Land,M270 / HIMARS / BM-21,1729,On Order,Fair,2024,0,74.36,128568.44,UK,Partial,Yes,2024,2029,91.6
3590,Sweden,SWE,2024,No,No,Northern Europe,Stockholm,Patrol Aircraft,Air Force,Air,P-8 Poseidon / Atlantic,960,Reserve,Excellent,2024,0,346.11,332265.6,France,Partial,No,2024,2028,48.7
3591,Sweden,SWE,2024,No,No,Northern Europe,Stockholm,Patrol Aircraft,Air Force,Air,P-8 Poseidon / Atlantic,123,On Order,Excellent,2024,0,370.87,45617.01,Multi-National,Partial,No,2024,2031,55.3
3592,Sweden,SWE,2024,No,No,Northern Europe,Stockholm,Patrol Aircraft,Air Force,Air,P-8 Poseidon / Atlantic,24,On Order,Good,2024,0,40.83,979.92,USA,No,No,2024,2025,76.4
3593,Sweden,SWE,2024,No,No,Northern Europe,Stockholm,Patrol Aircraft,Air Force,Air,P-8 Poseidon / Atlantic,1752,Upgrading,Fair,2024,0,315.69,553088.88,Israel,No,Yes,2024,2035,61.6
3594,Sweden,SWE,2024,No,No,Northern Europe,Stockholm,Satellite Terminal,Communications,Digital,SATCOM / JTRS,1814,Operational,Needs Repair,2024,0,192.89,349902.46,Germany,Partial,Yes,2024,2027,71.2
3595,Sweden,SWE,2024,No,No,Northern Europe,Stockholm,Satellite Terminal,Communications,Digital,SATCOM / JTRS,419,Decommissioning,End-of-Life,2024,0,383.0,160477.0,France,Partial,No,2024,2029,92.5
3596,Sweden,SWE,2024,No,No,Northern Europe,Stockholm,Satellite Terminal,Communications,Digital,SATCOM / JTRS,1153,Operational,Needs Repair,2024,0,70.45,81228.85,UK,No,No,2024,2033,56.2
3597,Sweden,SWE,2024,No,No,Northern Europe,Stockholm,Bridge Layer,Engineering,Land,AVLB / Biber,940,Reserve,Excellent,2024,0,179.47,168701.8,Germany,Partial,No,2024,2027,72.1
3598,Sweden,SWE,2024,No,No,Northern Europe,Stockholm,Bridge Layer,Engineering,Land,AVLB / Biber,878,Reserve,Needs Repair,2024,0,183.82,161393.96,Domestic,Yes,Yes,2024,2025,50.0
3599,Sweden,SWE,2024,No,No,Northern Europe,Stockholm,Bridge Layer,Engineering,Land,AVLB / Biber,1286,On Order,End-of-Life,2024,0,110.8,142488.8,Turkey,No,Yes,2024,2026,44.4
3600,Sweden,SWE,2024,No,No,Northern Europe,Stockholm,NBC Detection Vehicle,CBRN,Land,Fox / TPz Fuchs,1511,Reserve,Fair,2024,0,371.12,560762.32,Italy,No,No,2024,2033,65.5
3601,Sweden,SWE,2024,No,No,Northern Europe,Stockholm,NBC Detection Vehicle,CBRN,Land,Fox / TPz Fuchs,1067,In Maintenance,Fair,2024,0,253.09,270047.03,Germany,No,No,2024,2024,77.3
3602,Sweden,SWE,2024,No,No,Northern Europe,Stockholm,NBC Detection Vehicle,CBRN,Land,Fox / TPz Fuchs,395,Reserve,Good,2024,0,310.32,122576.4,USA,No,Yes,2024,2027,80.7
3603,Sweden,SWE,2024,No,No,Northern Europe,Stockholm,Aircraft Carrier,Naval,Sea,Gerald R. Ford / Queen Elizabeth,1619,Operational,Needs Repair,2024,0,189.28,306444.32,Multi-National,Partial,Yes,2024,2031,46.1
3604,Sweden,SWE,2024,No,No,Northern Europe,Stockholm,Aircraft Carrier,Naval,Sea,Gerald R. Ford / Queen Elizabeth,735,Upgrading,Excellent,2024,0,350.89,257904.15,Domestic,Partial,Yes,2024,2024,88.0
3605,Sweden,SWE,2024,No,No,Northern Europe,Stockholm,Aircraft Carrier,Naval,Sea,Gerald R. Ford / Queen Elizabeth,1679,Operational,Good,2024,0,73.47,123356.13,France,Partial,No,2024,2025,50.7
3606,Sweden,SWE,2024,No,No,Northern Europe,Stockholm,Strategic Transport Aircraft,Air Force,Air,C-17 / A400M / C-130,1223,In Maintenance,End-of-Life,2024,0,61.81,75593.63,Italy,No,Yes,2024,2026,96.0
3607,Sweden,SWE,2024,No,No,Northern Europe,Stockholm,Strategic Transport Aircraft,Air Force,Air,C-17 / A400M / C-130,840,Upgrading,Good,2024,0,282.75,237510.0,USA,No,No,2024,2027,94.4
3608,Sweden,SWE,2024,No,No,Northern Europe,Stockholm,Strategic Transport Aircraft,Air Force,Air,C-17 / A400M / C-130,219,Reserve,Fair,2024,0,290.88,63702.72,USA,Partial,No,2024,2032,91.6
3609,Sweden,SWE,2024,No,No,Northern Europe,Stockholm,Self-Propelled Howitzer,Artillery,Land,PzH 2000 / K9 Thunder / Caesar,1129,Operational,Excellent,2024,0,344.72,389188.88,Italy,Partial,Yes,2024,2026,65.3
3610,Sweden,SWE,2024,No,No,Northern Europe,Stockholm,Self-Propelled Howitzer,Artillery,Land,PzH 2000 / K9 Thunder / Caesar,613,In Maintenance,Needs Repair,2024,0,88.46,54225.98,France,No,No,2024,2030,76.6
3611,Sweden,SWE,2024,No,No,Northern Europe,Stockholm,Self-Propelled Howitzer,Artillery,Land,PzH 2000 / K9 Thunder / Caesar,85,Upgrading,End-of-Life,2024,0,86.92,7388.2,France,Yes,Yes,2024,2031,45.0
3612,Sweden,SWE,2024,No,No,Northern Europe,Stockholm,Maritime Helicopter,Aviation,Air,AW159 / MH-60R,508,Decommissioning,Excellent,2024,0,90.51,45979.08,Italy,No,No,2024,2026,67.2
3613,Sweden,SWE,2024,No,No,Northern Europe,Stockholm,Maritime Helicopter,Aviation,Air,AW159 / MH-60R,1925,In Maintenance,Needs Repair,2024,0,196.95,379128.75,Domestic,Yes,Yes,2024,2030,57.0
3614,Sweden,SWE,2024,No,No,Northern Europe,Stockholm,Maritime Helicopter,Aviation,Air,AW159 / MH-60R,1386,Decommissioning,End-of-Life,2024,0,7.04,9757.44,Multi-National,No,Yes,2024,2024,68.9
3615,Sweden,SWE,2024,No,No,Northern Europe,Stockholm,Ground Attack Aircraft,Air Force,Air,A-10 / Tornado IDS,896,Upgrading,End-of-Life,2024,0,422.13,378228.48,France,Partial,Yes,2024,2034,74.0
3616,Sweden,SWE,2024,No,No,Northern Europe,Stockholm,Ground Attack Aircraft,Air Force,Air,A-10 / Tornado IDS,1152,Operational,Good,2024,0,123.16,141880.32,France,Partial,Yes,2024,2024,48.5
3617,Sweden,SWE,2024,No,No,Northern Europe,Stockholm,Ground Attack Aircraft,Air Force,Air,A-10 / Tornado IDS,188,Upgrading,Fair,2024,0,151.91,28559.08,Multi-National,No,Yes,2024,2027,60.0
3618,Sweden,SWE,2024,No,No,Northern Europe,Stockholm,Ground Attack Aircraft,Air Force,Air,A-10 / Tornado IDS,417,Operational,Good,2024,0,395.86,165073.62,Multi-National,Partial,No,2024,2030,70.0
3619,Sweden,SWE,2024,No,No,Northern Europe,Stockholm,Armored Personnel Carrier,Armored,Land,M113 / Boxer / BTR-80,757,Operational,Needs Repair,2024,0,96.03,72694.71,Germany,Yes,Yes,2024,2029,91.7
3620,Sweden,SWE,2024,No,No,Northern Europe,Stockholm,Armored Personnel Carrier,Armored,Land,M113 / Boxer / BTR-80,1547,Decommissioning,Fair,2024,0,137.46,212650.62,Turkey,Yes,No,2024,2034,87.3
3621,Sweden,SWE,2024,No,No,Northern Europe,Stockholm,Armored Personnel Carrier,Armored,Land,M113 / Boxer / BTR-80,1536,Reserve,Fair,2024,0,35.64,54743.04,Turkey,No,Yes,2024,2027,80.8
3622,Sweden,SWE,2024,No,No,Northern Europe,Stockholm,Armored Personnel Carrier,Armored,Land,M113 / Boxer / BTR-80,1356,Decommissioning,Needs Repair,2024,0,207.7,281641.2,Domestic,Partial,No,2024,2033,67.0
3623,Sweden,SWE,2024,No,No,Northern Europe,Stockholm,Fighter Jet,Air Force,Air,F-16 / Gripen / Typhoon,681,In Maintenance,Good,2024,0,92.11,62726.91,USA,No,No,2024,2026,84.4
3624,Sweden,SWE,2024,No,No,Northern Europe,Stockholm,Fighter Jet,Air Force,Air,F-16 / Gripen / Typhoon,347,Decommissioning,Needs Repair,2024,0,318.39,110481.33,Domestic,No,Yes,2024,2033,93.6
3625,Sweden,SWE,2024,No,No,Northern Europe,Stockholm,Infantry Fighting Vehicle,Armored,Land,Bradley / Puma / AS-21,1131,Operational,End-of-Life,2024,0,307.12,347352.72,USA,No,Yes,2024,2035,46.2
3626,Sweden,SWE,2024,No,No,Northern Europe,Stockholm,Infantry Fighting Vehicle,Armored,Land,Bradley / Puma / AS-21,6,Decommissioning,Fair,2024,0,354.51,2127.06,Domestic,Partial,Yes,2024,2034,55.9
3627,Sweden,SWE,2024,No,No,Northern Europe,Stockholm,Light Tank,Armored,Land,CV90105 / AMX-10RC,560,On Order,Needs Repair,2024,0,436.64,244518.4,France,No,No,2024,2026,50.3
3628,Sweden,SWE,2024,No,No,Northern Europe,Stockholm,Light Tank,Armored,Land,CV90105 / AMX-10RC,845,Reserve,Fair,2024,0,203.78,172194.1,France,Partial,Yes,2024,2029,52.7
3629,Sweden,SWE,2024,No,No,Northern Europe,Stockholm,Light Tank,Armored,Land,CV90105 / AMX-10RC,1902,Reserve,Good,2024,0,6.39,12153.78,UK,Yes,Yes,2024,2028,82.4
3630,Sweden,SWE,2024,No,No,Northern Europe,Stockholm,Light Tank,Armored,Land,CV90105 / AMX-10RC,568,In Maintenance,End-of-Life,2024,0,165.65,94089.2,Israel,Partial,No,2024,2031,87.5
3631,Sweden,SWE,2024,No,No,Northern Europe,Stockholm,Main Battle Tank,Armored,Land,M1 Abrams / Leopard 2 / Challenger 3,1032,Operational,End-of-Life,2024,0,9.11,9401.52,Multi-National,Yes,Yes,2024,2028,86.9
3632,Sweden,SWE,2024,No,No,Northern Europe,Stockholm,Main Battle Tank,Armored,Land,M1 Abrams / Leopard 2 / Challenger 3,1577,Reserve,Good,2024,0,175.72,277110.44,Multi-National,Yes,No,2024,2026,40.5
3633,Sweden,SWE,2024,No,No,Northern Europe,Stockholm,Main Battle Tank,Armored,Land,M1 Abrams / Leopard 2 / Challenger 3,1562,Operational,End-of-Life,2024,0,264.32,412867.84,Israel,Partial,Yes,2024,2025,89.8
3634,Sweden,SWE,2024,No,No,Northern Europe,Stockholm,Anti-Aircraft Gun,Air Defense,Land,Oerlikon 35mm / ZU-23,653,Reserve,Good,2024,0,34.12,22280.36,France,Yes,No,2024,2026,80.2
3635,Sweden,SWE,2024,No,No,Northern Europe,Stockholm,Anti-Aircraft Gun,Air Defense,Land,Oerlikon 35mm / ZU-23,719,Decommissioning,Needs Repair,2024,0,108.04,77680.76,Domestic,Partial,No,2024,2028,93.8
3636,Sweden,SWE,2024,No,No,Northern Europe,Stockholm,Anti-Aircraft Gun,Air Defense,Land,Oerlikon 35mm / ZU-23,484,Reserve,End-of-Life,2024,0,343.62,166312.08,Turkey,Yes,No,2024,2031,45.2
3637,Sweden,SWE,2024,No,No,Northern Europe,Stockholm,Anti-Aircraft Gun,Air Defense,Land,Oerlikon 35mm / ZU-23,285,Reserve,Good,2024,0,308.25,87851.25,France,Yes,Yes,2024,2027,95.4
3638,Sweden,SWE,2024,No,No,Northern Europe,Stockholm,Medium-Range SAM,Air Defense,Land,Patriot / NASAMS / SAMP/T,691,Upgrading,Fair,2024,0,259.14,179065.74,Turkey,No,Yes,2024,2027,44.2
3639,Sweden,SWE,2024,No,No,Northern Europe,Stockholm,Medium-Range SAM,Air Defense,Land,Patriot / NASAMS / SAMP/T,207,Upgrading,End-of-Life,2024,0,41.6,8611.2,France,Partial,No,2024,2026,48.4
3640,Sweden,SWE,2024,No,No,Northern Europe,Stockholm,UAV / Drone,Air Force,Air,MQ-9 Reaper / Bayraktar TB2,887,Reserve,Good,2024,0,39.57,35098.59,Domestic,Partial,Yes,2024,2034,97.7
3641,Sweden,SWE,2024,No,No,Northern Europe,Stockholm,UAV / Drone,Air Force,Air,MQ-9 Reaper / Bayraktar TB2,1934,Operational,Good,2024,0,311.29,602034.86,USA,No,No,2024,2027,91.4
3642,Sweden,SWE,2024,No,No,Northern Europe,Stockholm,UAV / Drone,Air Force,Air,MQ-9 Reaper / Bayraktar TB2,1455,Operational,Good,2024,0,194.73,283332.15,Israel,No,No,2024,2029,45.0
3643,Sweden,SWE,2024,No,No,Northern Europe,Stockholm,UAV / Drone,Air Force,Air,MQ-9 Reaper / Bayraktar TB2,1902,In Maintenance,End-of-Life,2024,0,146.51,278662.02,Germany,Yes,Yes,2024,2034,53.0
3644,Sweden,SWE,2024,No,No,Northern Europe,Stockholm,Armored Reconnaissance Vehicle,Armored,Land,Fennek / Fuchs,1049,On Order,End-of-Life,2024,0,326.47,342467.03,Turkey,Partial,Yes,2024,2033,90.8
3645,Sweden,SWE,2024,No,No,Northern Europe,Stockholm,Armored Reconnaissance Vehicle,Armored,Land,Fennek / Fuchs,729,Decommissioning,Good,2024,0,205.51,149816.79,France,No,Yes,2024,2034,76.4
3646,Sweden,SWE,2024,No,No,Northern Europe,Stockholm,Armored Reconnaissance Vehicle,Armored,Land,Fennek / Fuchs,2,Upgrading,Fair,2024,0,132.74,265.48,USA,Yes,Yes,2024,2029,56.8
3647,Sweden,SWE,2024,No,No,Northern Europe,Stockholm,Long-Range SAM,Air Defense,Land,Patriot PAC-3 / S-400,633,Decommissioning,Good,2024,0,440.99,279146.67,Domestic,No,No,2024,2025,64.0
3648,Sweden,SWE,2024,No,No,Northern Europe,Stockholm,Long-Range SAM,Air Defense,Land,Patriot PAC-3 / S-400,292,In Maintenance,Fair,2024,0,285.66,83412.72,USA,No,Yes,2024,2034,60.7
3649,Sweden,SWE,2024,No,No,Northern Europe,Stockholm,Corvette,Naval,Sea,Skjold / Visby / Burak,1944,Upgrading,Fair,2024,0,90.85,176612.4,Germany,No,Yes,2024,2026,94.6
3650,Sweden,SWE,2024,No,No,Northern Europe,Stockholm,Corvette,Naval,Sea,Skjold / Visby / Burak,833,Reserve,Good,2024,0,308.05,256605.65,Israel,No,No,2024,2033,97.3
3651,Sweden,SWE,2024,No,No,Northern Europe,Stockholm,Corvette,Naval,Sea,Skjold / Visby / Burak,982,On Order,Good,2024,0,175.75,172586.5,Israel,Partial,No,2024,2024,93.4
3652,Sweden,SWE,2024,No,No,Northern Europe,Stockholm,Tanker Aircraft,Air Force,Air,KC-135 / A330 MRTT,1417,In Maintenance,Needs Repair,2024,0,93.15,131993.55,Multi-National,Partial,Yes,2024,2031,40.1
3653,Sweden,SWE,2024,No,No,Northern Europe,Stockholm,Tanker Aircraft,Air Force,Air,KC-135 / A330 MRTT,1314,Upgrading,Excellent,2024,0,300.0,394200.0,Israel,Yes,No,2024,2033,45.6
3654,Sweden,SWE,2024,No,No,Northern Europe,Stockholm,Logistics Support Vessel,Naval,Sea,Supply / Berlin-class,722,Upgrading,Fair,2024,0,139.03,100379.66,Israel,Yes,No,2024,2027,72.6
3655,Sweden,SWE,2024,No,No,Northern Europe,Stockholm,Logistics Support Vessel,Naval,Sea,Supply / Berlin-class,1196,In Maintenance,Needs Repair,2024,0,438.62,524589.52,Domestic,No,Yes,2024,2032,67.5
3656,Sweden,SWE,2024,No,No,Northern Europe,Stockholm,Logistics Support Vessel,Naval,Sea,Supply / Berlin-class,643,Operational,Excellent,2024,0,32.7,21026.1,Israel,No,Yes,2024,2033,50.2
3657,Sweden,SWE,2024,No,No,Northern Europe,Stockholm,Logistics Support Vessel,Naval,Sea,Supply / Berlin-class,1804,Reserve,Needs Repair,2024,0,71.53,129040.12,Multi-National,Partial,Yes,2024,2024,65.4
3658,Sweden,SWE,2024,No,No,Northern Europe,Stockholm,Cyber Defense Unit,Cyber,Digital,CCDCOE / NATO Cyber Centre,393,In Maintenance,Fair,2024,0,366.37,143983.41,Turkey,Partial,Yes,2024,2026,43.0
3659,Sweden,SWE,2024,No,No,Northern Europe,Stockholm,Cyber Defense Unit,Cyber,Digital,CCDCOE / NATO Cyber Centre,962,On Order,Good,2024,0,11.52,11082.24,France,Partial,No,2024,2035,92.2
3660,Sweden,SWE,2024,No,No,Northern Europe,Stockholm,AWACS Aircraft,Air Force,Air,E-3 Sentry / E-7A,1423,In Maintenance,Excellent,2024,0,266.85,379727.55,Turkey,Yes,Yes,2024,2024,87.3
3661,Sweden,SWE,2024,No,No,Northern Europe,Stockholm,AWACS Aircraft,Air Force,Air,E-3 Sentry / E-7A,498,In Maintenance,Good,2024,0,331.32,164997.36,France,Partial,No,2024,2025,81.9
3662,Sweden,SWE,2024,No,No,Northern Europe,Stockholm,Anti-Tank Missile System,Anti-Armor,Land,Javelin / SPIKE / Milan,1285,Upgrading,Good,2024,0,343.51,441410.35,Multi-National,Partial,No,2024,2031,73.0
3663,Sweden,SWE,2024,No,No,Northern Europe,Stockholm,Anti-Tank Missile System,Anti-Armor,Land,Javelin / SPIKE / Milan,960,Decommissioning,Good,2024,0,441.13,423484.8,France,No,Yes,2024,2026,47.8
3664,Sweden,SWE,2024,No,No,Northern Europe,Stockholm,Attack Helicopter,Aviation,Air,AH-64 Apache / Tiger / NH90,1660,Reserve,Fair,2024,0,148.4,246344.0,UK,Partial,No,2024,2031,56.2
3665,Sweden,SWE,2024,No,No,Northern Europe,Stockholm,Attack Helicopter,Aviation,Air,AH-64 Apache / Tiger / NH90,50,Operational,Needs Repair,2024,0,70.27,3513.5,Multi-National,Yes,No,2024,2033,76.8
3666,Sweden,SWE,2024,No,No,Northern Europe,Stockholm,Attack Helicopter,Aviation,Air,AH-64 Apache / Tiger / NH90,254,In Maintenance,End-of-Life,2024,0,63.98,16250.92,Multi-National,Yes,Yes,2024,2024,85.5
3667,Sweden,SWE,2024,No,No,Northern Europe,Stockholm,Transport Helicopter,Aviation,Air,CH-47 Chinook / NH90,558,In Maintenance,End-of-Life,2024,0,414.98,231558.84,USA,No,Yes,2024,2025,82.0
3668,Sweden,SWE,2024,No,No,Northern Europe,Stockholm,Transport Helicopter,Aviation,Air,CH-47 Chinook / NH90,1298,In Maintenance,Good,2024,0,266.1,345397.8,Domestic,Partial,No,2024,2031,85.1
3669,Sweden,SWE,2024,No,No,Northern Europe,Stockholm,Transport Helicopter,Aviation,Air,CH-47 Chinook / NH90,574,Reserve,Fair,2024,0,24.23,13908.02,France,Yes,No,2024,2033,49.9
3670,Sweden,SWE,2024,No,No,Northern Europe,Stockholm,Transport Helicopter,Aviation,Air,CH-47 Chinook / NH90,1145,Decommissioning,Fair,2024,0,64.37,73703.65,UK,Yes,No,2024,2034,62.6
3671,Sweden,SWE,2024,No,No,Northern Europe,Stockholm,Field Hospital,Medical,Support,Role 2 / Role 3 Hospital,1402,Reserve,Excellent,2024,0,364.11,510482.22,Multi-National,Partial,No,2024,2034,79.0
3672,Sweden,SWE,2024,No,No,Northern Europe,Stockholm,Field Hospital,Medical,Support,Role 2 / Role 3 Hospital,478,Operational,Good,2024,0,108.62,51920.36,Turkey,Yes,No,2024,2035,79.8
3673,Sweden,SWE,2024,No,No,Northern Europe,Stockholm,Short-Range Air Defense,Air Defense,Land,SHORAD / Gepard / Stinger,79,In Maintenance,Good,2024,0,214.39,16936.81,Israel,Partial,No,2024,2025,83.1
3674,Sweden,SWE,2024,No,No,Northern Europe,Stockholm,Short-Range Air Defense,Air Defense,Land,SHORAD / Gepard / Stinger,265,Decommissioning,Good,2024,0,419.04,111045.6,Multi-National,No,Yes,2024,2027,58.9
3675,Sweden,SWE,2024,No,No,Northern Europe,Stockholm,Ballistic Missile Defense,Strategic,Land,THAAD / Aegis Ashore,152,Reserve,Needs Repair,2024,0,185.41,28182.32,Israel,Partial,No,2024,2025,89.3
3676,Sweden,SWE,2024,No,No,Northern Europe,Stockholm,Ballistic Missile Defense,Strategic,Land,THAAD / Aegis Ashore,351,Operational,Excellent,2024,0,356.64,125180.64,Germany,Partial,Yes,2024,2032,86.3
3677,Sweden,SWE,2024,No,No,Northern Europe,Stockholm,Ballistic Missile Defense,Strategic,Land,THAAD / Aegis Ashore,1893,Operational,End-of-Life,2024,0,308.47,583933.71,Italy,Partial,Yes,2024,2024,45.6
3678,Sweden,SWE,2024,No,No,Northern Europe,Stockholm,Ballistic Missile Defense,Strategic,Land,THAAD / Aegis Ashore,788,On Order,Fair,2024,0,59.67,47019.96,France,No,No,2024,2032,75.5
3679,Sweden,SWE,2024,No,No,Northern Europe,Stockholm,Submarine (SSN),Naval,Sea,Virginia-class / Astute-class,1608,Decommissioning,Excellent,2024,0,432.85,696022.8,Germany,Partial,Yes,2024,2030,53.6
3680,Sweden,SWE,2024,No,No,Northern Europe,Stockholm,Submarine (SSN),Naval,Sea,Virginia-class / Astute-class,169,Upgrading,Needs Repair,2024,0,223.08,37700.52,Domestic,Yes,No,2024,2030,73.6
3681,Sweden,SWE,2024,No,No,Northern Europe,Stockholm,Logistics Truck (Heavy),Logistics,Support,HEMTT / MAN HX,950,Decommissioning,Needs Repair,2024,0,391.93,372333.5,USA,Partial,Yes,2024,2032,53.7
3682,Sweden,SWE,2024,No,No,Northern Europe,Stockholm,Logistics Truck (Heavy),Logistics,Support,HEMTT / MAN HX,1023,Reserve,Excellent,2024,0,336.35,344086.05,Domestic,Partial,No,2024,2027,99.4
3683,Sweden,SWE,2024,No,No,Northern Europe,Stockholm,Multirole Aircraft,Air Force,Air,F-35 / Rafale / F/A-18,1138,Decommissioning,Good,2024,0,83.55,95079.9,USA,Yes,Yes,2024,2035,57.9
3684,Sweden,SWE,2024,No,No,Northern Europe,Stockholm,Multirole Aircraft,Air Force,Air,F-35 / Rafale / F/A-18,1048,Operational,Fair,2024,0,140.32,147055.36,France,Yes,No,2024,2028,62.9
3685,Sweden,SWE,2024,No,No,Northern Europe,Stockholm,Multirole Aircraft,Air Force,Air,F-35 / Rafale / F/A-18,953,Reserve,End-of-Life,2024,0,66.43,63307.79,Israel,Yes,No,2024,2024,95.7
3686,Sweden,SWE,2024,No,No,Northern Europe,Stockholm,Multirole Aircraft,Air Force,Air,F-35 / Rafale / F/A-18,1211,On Order,End-of-Life,2024,0,189.2,229121.2,France,Yes,No,2024,2024,43.7
3687,Sweden,SWE,2024,No,No,Northern Europe,Stockholm,Electronic Warfare System,Electronics,Land,JAMMER / Krasukha,1268,Operational,Good,2024,0,40.64,51531.52,Domestic,Yes,Yes,2024,2030,91.4
3688,Sweden,SWE,2024,No,No,Northern Europe,Stockholm,Electronic Warfare System,Electronics,Land,JAMMER / Krasukha,146,On Order,Excellent,2024,0,2.37,346.02,Israel,Partial,No,2024,2030,58.6
3689,Sweden,SWE,2024,No,No,Northern Europe,Stockholm,Mortar System,Artillery,Land,M120 / AMOS,1104,Operational,End-of-Life,2024,0,358.26,395519.04,Multi-National,No,Yes,2024,2032,95.0
3690,Sweden,SWE,2024,No,No,Northern Europe,Stockholm,Mortar System,Artillery,Land,M120 / AMOS,1815,Decommissioning,Needs Repair,2024,0,230.59,418520.85,Israel,Partial,Yes,2024,2028,55.2
3691,Sweden,SWE,2024,No,No,Northern Europe,Stockholm,Mortar System,Artillery,Land,M120 / AMOS,526,Upgrading,Good,2024,0,147.29,77474.54,UK,No,No,2024,2025,87.4
3692,Sweden,SWE,2024,No,No,Northern Europe,Stockholm,Mortar System,Artillery,Land,M120 / AMOS,1600,On Order,Needs Repair,2024,0,384.13,614608.0,Germany,Yes,Yes,2024,2024,96.9
3693,Sweden,SWE,2024,No,No,Northern Europe,Stockholm,Submarine (SSK),Naval,Sea,Type 212 / Gotland,1198,Upgrading,Good,2024,0,428.48,513319.04,France,Yes,Yes,2024,2031,43.3
3694,Sweden,SWE,2024,No,No,Northern Europe,Stockholm,Submarine (SSK),Naval,Sea,Type 212 / Gotland,1644,Decommissioning,Needs Repair,2024,0,190.85,313757.4,France,No,Yes,2024,2035,72.7
3695,Sweden,SWE,2024,No,No,Northern Europe,Stockholm,Submarine (SSK),Naval,Sea,Type 212 / Gotland,745,Decommissioning,Fair,2024,0,379.12,282444.4,Domestic,No,No,2024,2029,81.6
3696,Sweden,SWE,2024,No,No,Northern Europe,Stockholm,Sniper Rifle System,Small Arms,Land,Barrett M82 / Accuracy Int.,1695,Reserve,Needs Repair,2024,0,374.35,634523.25,Italy,No,No,2024,2034,65.7
3697,Sweden,SWE,2024,No,No,Northern Europe,Stockholm,Sniper Rifle System,Small Arms,Land,Barrett M82 / Accuracy Int.,811,Operational,Fair,2024,0,189.11,153368.21,Turkey,Yes,Yes,2024,2026,42.3
3698,Sweden,SWE,2024,No,No,Northern Europe,Stockholm,Amphibious Assault Ship,Naval,Sea,USS America / HMS Albion,38,On Order,Excellent,2024,0,235.28,8940.64,Italy,Partial,Yes,2024,2033,65.3
3699,Sweden,SWE,2024,No,No,Northern Europe,Stockholm,Amphibious Assault Ship,Naval,Sea,USS America / HMS Albion,1294,Upgrading,Good,2024,0,361.9,468298.6,Italy,Partial,No,2024,2029,67.6
3700,Sweden,SWE,2024,No,No,Northern Europe,Stockholm,Amphibious Assault Ship,Naval,Sea,USS America / HMS Albion,162,On Order,Good,2024,0,13.21,2140.02,France,No,No,2024,2032,65.0
3701,Sweden,SWE,2024,No,No,Northern Europe,Stockholm,Destroyer,Naval,Sea,Arleigh Burke / Type 45,884,Reserve,Good,2024,0,338.45,299189.8,UK,Yes,Yes,2024,2032,62.4
3702,Sweden,SWE,2024,No,No,Northern Europe,Stockholm,Destroyer,Naval,Sea,Arleigh Burke / Type 45,269,Operational,Excellent,2024,0,311.08,83680.52,France,Yes,Yes,2024,2033,40.8
3703,Sweden,SWE,2024,No,No,Northern Europe,Stockholm,Destroyer,Naval,Sea,Arleigh Burke / Type 45,17,Upgrading,Fair,2024,0,111.65,1898.05,Multi-National,No,Yes,2024,2028,42.5
3704,Sweden,SWE,2024,No,No,Northern Europe,Stockholm,Destroyer,Naval,Sea,Arleigh Burke / Type 45,696,Operational,Good,2024,0,150.11,104476.56,Italy,No,No,2024,2034,84.3
3705,Sweden,SWE,2024,No,No,Northern Europe,Stockholm,Mine Countermeasure Vessel,Naval,Sea,Hunt-class / Alkmaar,97,In Maintenance,Needs Repair,2024,0,274.96,26671.12,Domestic,No,No,2024,2030,76.2
3706,Sweden,SWE,2024,No,No,Northern Europe,Stockholm,Mine Countermeasure Vessel,Naval,Sea,Hunt-class / Alkmaar,141,In Maintenance,End-of-Life,2024,0,232.59,32795.19,Israel,No,Yes,2024,2026,64.5
3707,Sweden,SWE,2024,No,No,Northern Europe,Stockholm,Mine Countermeasure Vessel,Naval,Sea,Hunt-class / Alkmaar,1864,On Order,Good,2024,0,36.25,67570.0,Israel,No,No,2024,2031,94.9
3708,Sweden,SWE,2024,No,No,Northern Europe,Stockholm,Mine Countermeasure Vessel,Naval,Sea,Hunt-class / Alkmaar,939,Upgrading,End-of-Life,2024,0,83.75,78641.25,UK,Partial,Yes,2024,2033,45.9
3709,Türkiye,TUR,1952,No,Yes,Southern Europe,Ankara,Ammunition Supply Vehicle,Logistics,Support,PLS / DROPS,233,Operational,Needs Repair,1977,47,236.74,55160.42,UK,Partial,Yes,1996,2026,41.3
3710,Türkiye,TUR,1952,No,Yes,Southern Europe,Ankara,Ammunition Supply Vehicle,Logistics,Support,PLS / DROPS,495,On Order,End-of-Life,1987,37,376.42,186327.9,UK,Yes,Yes,2021,2034,85.8
3711,Türkiye,TUR,1952,No,Yes,Southern Europe,Ankara,Ammunition Supply Vehicle,Logistics,Support,PLS / DROPS,155,Upgrading,Good,1991,33,7.98,1236.9,UK,No,No,2003,2029,90.4
3712,Türkiye,TUR,1952,No,Yes,Southern Europe,Ankara,Ammunition Supply Vehicle,Logistics,Support,PLS / DROPS,1900,On Order,Good,1975,49,97.44,185136.0,Turkey,Yes,Yes,1978,2032,79.6
3713,Türkiye,TUR,1952,No,Yes,Southern Europe,Ankara,Mine Countermeasure Vessel,Naval,Sea,Hunt-class / Alkmaar,497,Reserve,Fair,1991,33,143.67,71403.99,Israel,Partial,No,2006,2026,90.0
3714,Türkiye,TUR,1952,No,Yes,Southern Europe,Ankara,Mine Countermeasure Vessel,Naval,Sea,Hunt-class / Alkmaar,1532,Decommissioning,Fair,1957,67,389.44,596622.08,UK,Partial,No,2010,2025,69.2
3715,Türkiye,TUR,1952,No,Yes,Southern Europe,Ankara,Satellite Terminal,Communications,Digital,SATCOM / JTRS,1364,Upgrading,End-of-Life,1976,48,26.23,35777.72,Domestic,Partial,Yes,2020,2035,74.2
3716,Türkiye,TUR,1952,No,Yes,Southern Europe,Ankara,Satellite Terminal,Communications,Digital,SATCOM / JTRS,1314,Reserve,Needs Repair,2016,8,380.41,499858.74,Turkey,No,Yes,2023,2024,75.7
3717,Türkiye,TUR,1952,No,Yes,Southern Europe,Ankara,Satellite Terminal,Communications,Digital,SATCOM / JTRS,764,Operational,Good,1967,57,42.16,32210.24,Italy,No,Yes,1987,2031,81.5
3718,Türkiye,TUR,1952,No,Yes,Southern Europe,Ankara,Satellite Terminal,Communications,Digital,SATCOM / JTRS,274,On Order,End-of-Life,1960,64,26.01,7126.74,Domestic,Yes,Yes,2004,2031,85.4
3719,Türkiye,TUR,1952,No,Yes,Southern Europe,Ankara,Radar System,Electronics,Land,AN/TPY-2 / AN/MPQ-65,1996,Operational,Excellent,1995,29,168.44,336206.24,UK,No,No,1997,2029,65.5
3720,Türkiye,TUR,1952,No,Yes,Southern Europe,Ankara,Radar System,Electronics,Land,AN/TPY-2 / AN/MPQ-65,1728,Operational,Fair,2000,24,306.12,528975.36,Turkey,Yes,No,2011,2030,49.3
3721,Türkiye,TUR,1952,No,Yes,Southern Europe,Ankara,Radar System,Electronics,Land,AN/TPY-2 / AN/MPQ-65,1813,Operational,Needs Repair,1975,49,10.27,18619.51,Italy,Partial,Yes,2010,2027,73.8
3722,Türkiye,TUR,1952,No,Yes,Southern Europe,Ankara,Radar System,Electronics,Land,AN/TPY-2 / AN/MPQ-65,46,Operational,Excellent,1993,31,87.65,4031.9,France,Partial,No,2018,2035,84.4
3723,Türkiye,TUR,1952,No,Yes,Southern Europe,Ankara,Frigate,Naval,Sea,FREMM / Type 23 / FREMM,936,In Maintenance,Good,1975,49,2.66,2489.76,UK,Partial,Yes,2024,2026,53.6
3724,Türkiye,TUR,1952,No,Yes,Southern Europe,Ankara,Frigate,Naval,Sea,FREMM / Type 23 / FREMM,955,Upgrading,Needs Repair,2013,11,412.5,393937.5,Turkey,Partial,No,2019,2030,91.8
3725,Türkiye,TUR,1952,No,Yes,Southern Europe,Ankara,Frigate,Naval,Sea,FREMM / Type 23 / FREMM,667,Reserve,Excellent,1978,46,373.93,249411.31,UK,Partial,No,1987,2030,78.9
3726,Türkiye,TUR,1952,No,Yes,Southern Europe,Ankara,Frigate,Naval,Sea,FREMM / Type 23 / FREMM,1152,On Order,Excellent,2017,7,437.66,504184.32,Turkey,No,No,2024,2034,96.0
3727,Türkiye,TUR,1952,No,Yes,Southern Europe,Ankara,Anti-Drone System,Air Defense,Land,DroneShield / AUDS / Skyfend,1626,On Order,Needs Repair,1996,28,238.58,387931.08,Multi-National,No,No,2022,2028,62.0
3728,Türkiye,TUR,1952,No,Yes,Southern Europe,Ankara,Anti-Drone System,Air Defense,Land,DroneShield / AUDS / Skyfend,1590,Upgrading,End-of-Life,1974,50,125.03,198797.7,France,No,No,2008,2034,47.6
3729,Türkiye,TUR,1952,No,Yes,Southern Europe,Ankara,Anti-Drone System,Air Defense,Land,DroneShield / AUDS / Skyfend,1338,Operational,Needs Repair,2023,1,428.73,573640.74,Italy,Yes,Yes,2024,2027,59.5
3730,Türkiye,TUR,1952,No,Yes,Southern Europe,Ankara,Logistics Truck (Heavy),Logistics,Support,HEMTT / MAN HX,1129,Upgrading,Good,2011,13,216.5,244428.5,UK,Partial,Yes,2015,2028,73.5
3731,Türkiye,TUR,1952,No,Yes,Southern Europe,Ankara,Logistics Truck (Heavy),Logistics,Support,HEMTT / MAN HX,981,Upgrading,Needs Repair,2014,10,198.87,195091.47,France,Partial,No,2024,2035,44.6
3732,Türkiye,TUR,1952,No,Yes,Southern Europe,Ankara,Self-Propelled Howitzer,Artillery,Land,PzH 2000 / K9 Thunder / Caesar,397,Upgrading,Good,1960,64,235.98,93684.06,Turkey,No,No,1967,2030,80.0
3733,Türkiye,TUR,1952,No,Yes,Southern Europe,Ankara,Self-Propelled Howitzer,Artillery,Land,PzH 2000 / K9 Thunder / Caesar,1037,Upgrading,Fair,2018,6,301.61,312769.57,Germany,Yes,No,2023,2035,41.8
3734,Türkiye,TUR,1952,No,Yes,Southern Europe,Ankara,Sniper Rifle System,Small Arms,Land,Barrett M82 / Accuracy Int.,965,Upgrading,Good,2020,4,435.57,420325.05,Germany,Yes,No,2021,2028,86.2
3735,Türkiye,TUR,1952,No,Yes,Southern Europe,Ankara,Sniper Rifle System,Small Arms,Land,Barrett M82 / Accuracy Int.,678,Upgrading,Fair,1963,61,239.31,162252.18,USA,No,Yes,1968,2026,43.8
3736,Türkiye,TUR,1952,No,Yes,Southern Europe,Ankara,Sniper Rifle System,Small Arms,Land,Barrett M82 / Accuracy Int.,1829,In Maintenance,End-of-Life,1961,63,304.66,557223.14,Germany,Partial,No,1967,2032,84.8
3737,Türkiye,TUR,1952,No,Yes,Southern Europe,Ankara,Ground Attack Aircraft,Air Force,Air,A-10 / Tornado IDS,882,Operational,Fair,2017,7,192.53,169811.46,Israel,No,Yes,2018,2031,40.8
3738,Türkiye,TUR,1952,No,Yes,Southern Europe,Ankara,Ground Attack Aircraft,Air Force,Air,A-10 / Tornado IDS,1571,Decommissioning,Needs Repair,1996,28,255.22,400950.62,Turkey,Yes,Yes,2024,2035,60.1
3739,Türkiye,TUR,1952,No,Yes,Southern Europe,Ankara,Ground Attack Aircraft,Air Force,Air,A-10 / Tornado IDS,1419,Reserve,Excellent,1973,51,83.2,118060.8,Germany,No,No,1996,2029,49.2
3740,Türkiye,TUR,1952,No,Yes,Southern Europe,Ankara,Ground Attack Aircraft,Air Force,Air,A-10 / Tornado IDS,1349,Decommissioning,Needs Repair,1998,26,323.36,436212.64,France,No,Yes,2010,2032,54.3
3741,Türkiye,TUR,1952,No,Yes,Southern Europe,Ankara,Towed Howitzer,Artillery,Land,M777 / FH70 / D-30,1928,Upgrading,Excellent,1975,49,72.02,138854.56,USA,Yes,Yes,2007,2024,43.6
3742,Türkiye,TUR,1952,No,Yes,Southern Europe,Ankara,Towed Howitzer,Artillery,Land,M777 / FH70 / D-30,170,Operational,Excellent,1987,37,270.54,45991.8,Multi-National,No,No,2007,2029,61.6
3743,Türkiye,TUR,1952,No,Yes,Southern Europe,Ankara,Mortar System,Artillery,Land,M120 / AMOS,997,On Order,Good,1983,41,130.91,130517.27,Germany,Partial,Yes,1997,2033,44.1
3744,Türkiye,TUR,1952,No,Yes,Southern Europe,Ankara,Mortar System,Artillery,Land,M120 / AMOS,262,On Order,Good,1960,64,247.63,64879.06,Israel,No,No,1991,2029,75.2
3745,Türkiye,TUR,1952,No,Yes,Southern Europe,Ankara,Mortar System,Artillery,Land,M120 / AMOS,1315,Upgrading,End-of-Life,1953,71,236.21,310616.15,Multi-National,No,Yes,1970,2033,98.7
3746,Türkiye,TUR,1952,No,Yes,Southern Europe,Ankara,Mortar System,Artillery,Land,M120 / AMOS,930,Reserve,Needs Repair,1992,32,229.96,213862.8,Germany,No,Yes,2004,2031,43.2
3747,Türkiye,TUR,1952,No,Yes,Southern Europe,Ankara,Field Hospital,Medical,Support,Role 2 / Role 3 Hospital,533,Decommissioning,End-of-Life,1990,34,176.87,94271.71,UK,No,Yes,1993,2030,63.9
3748,Türkiye,TUR,1952,No,Yes,Southern Europe,Ankara,Field Hospital,Medical,Support,Role 2 / Role 3 Hospital,1667,Upgrading,End-of-Life,1955,69,258.36,430686.12,France,Yes,No,1973,2030,57.4
3749,Türkiye,TUR,1952,No,Yes,Southern Europe,Ankara,Transport Helicopter,Aviation,Air,CH-47 Chinook / NH90,681,Decommissioning,End-of-Life,2016,8,403.12,274524.72,Multi-National,No,Yes,2020,2028,85.5
3750,Türkiye,TUR,1952,No,Yes,Southern Europe,Ankara,Transport Helicopter,Aviation,Air,CH-47 Chinook / NH90,798,On Order,End-of-Life,1983,41,37.41,29853.18,UK,Yes,Yes,2020,2026,67.5
3751,Türkiye,TUR,1952,No,Yes,Southern Europe,Ankara,Transport Helicopter,Aviation,Air,CH-47 Chinook / NH90,1201,Operational,End-of-Life,1983,41,308.62,370652.62,Multi-National,Yes,Yes,1992,2026,42.3
3752,Türkiye,TUR,1952,No,Yes,Southern Europe,Ankara,Transport Helicopter,Aviation,Air,CH-47 Chinook / NH90,1963,Operational,Good,1961,63,153.88,302066.44,Multi-National,No,Yes,1987,2030,70.5
3753,Türkiye,TUR,1952,No,Yes,Southern Europe,Ankara,Short-Range Air Defense,Air Defense,Land,SHORAD / Gepard / Stinger,666,On Order,Needs Repair,1989,35,378.18,251867.88,Italy,Yes,Yes,2020,2024,40.1
3754,Türkiye,TUR,1952,No,Yes,Southern Europe,Ankara,Short-Range Air Defense,Air Defense,Land,SHORAD / Gepard / Stinger,1102,Reserve,Excellent,2009,15,224.42,247310.84,Domestic,Yes,Yes,2014,2026,97.7
3755,Türkiye,TUR,1952,No,Yes,Southern Europe,Ankara,Destroyer,Naval,Sea,Arleigh Burke / Type 45,56,Upgrading,End-of-Life,2012,12,109.24,6117.44,UK,Yes,Yes,2018,2031,97.2
3756,Türkiye,TUR,1952,No,Yes,Southern Europe,Ankara,Destroyer,Naval,Sea,Arleigh Burke / Type 45,1805,Reserve,Good,2020,4,139.65,252068.25,USA,Yes,Yes,2021,2027,99.0
3757,Türkiye,TUR,1952,No,Yes,Southern Europe,Ankara,Destroyer,Naval,Sea,Arleigh Burke / Type 45,1117,In Maintenance,Needs Repair,1997,27,365.05,407760.85,Israel,No,Yes,1998,2035,61.3
3758,Türkiye,TUR,1952,No,Yes,Southern Europe,Ankara,Submarine (SSN),Naval,Sea,Virginia-class / Astute-class,1103,Upgrading,Fair,1974,50,35.18,38803.54,Italy,Partial,No,2008,2026,48.3
3759,Türkiye,TUR,1952,No,Yes,Southern Europe,Ankara,Submarine (SSN),Naval,Sea,Virginia-class / Astute-class,423,On Order,Excellent,1963,61,410.23,173527.29,Germany,No,No,2023,2032,70.1
3760,Türkiye,TUR,1952,No,Yes,Southern Europe,Ankara,Submarine (SSN),Naval,Sea,Virginia-class / Astute-class,1066,In Maintenance,Good,1977,47,331.08,352931.28,Domestic,No,Yes,1994,2025,47.6
3761,Türkiye,TUR,1952,No,Yes,Southern Europe,Ankara,Infantry Fighting Vehicle,Armored,Land,Bradley / Puma / AS-21,959,Upgrading,Excellent,1954,70,298.51,286271.09,Turkey,No,Yes,1992,2028,93.8
3762,Türkiye,TUR,1952,No,Yes,Southern Europe,Ankara,Infantry Fighting Vehicle,Armored,Land,Bradley / Puma / AS-21,1677,Upgrading,Fair,1995,29,135.55,227317.35,Turkey,Yes,Yes,2002,2025,62.4
3763,Türkiye,TUR,1952,No,Yes,Southern Europe,Ankara,Infantry Fighting Vehicle,Armored,Land,Bradley / Puma / AS-21,1547,Upgrading,Good,2005,19,360.29,557368.63,USA,Partial,Yes,2009,2028,49.4
3764,Türkiye,TUR,1952,No,Yes,Southern Europe,Ankara,Tanker Aircraft,Air Force,Air,KC-135 / A330 MRTT,651,Decommissioning,Fair,2006,18,398.77,259599.27,Israel,Partial,No,2017,2032,52.8
3765,Türkiye,TUR,1952,No,Yes,Southern Europe,Ankara,Tanker Aircraft,Air Force,Air,KC-135 / A330 MRTT,205,Operational,Good,1953,71,360.24,73849.2,Italy,Partial,No,2017,2035,68.5
3766,Türkiye,TUR,1952,No,Yes,Southern Europe,Ankara,Tanker Aircraft,Air Force,Air,KC-135 / A330 MRTT,776,On Order,Needs Repair,1976,48,306.73,238022.48,Italy,Yes,Yes,2007,2034,44.2
3767,Türkiye,TUR,1952,No,Yes,Southern Europe,Ankara,Light Tank,Armored,Land,CV90105 / AMX-10RC,798,On Order,Excellent,1991,33,83.32,66489.36,Germany,Yes,No,2001,2032,97.2
3768,Türkiye,TUR,1952,No,Yes,Southern Europe,Ankara,Light Tank,Armored,Land,CV90105 / AMX-10RC,1122,Upgrading,Needs Repair,1955,69,220.13,246985.86,UK,Partial,No,1960,2030,78.9
3769,Türkiye,TUR,1952,No,Yes,Southern Europe,Ankara,UAV / Drone,Air Force,Air,MQ-9 Reaper / Bayraktar TB2,1187,On Order,Excellent,1952,72,327.8,389098.6,Israel,Partial,No,1980,2035,79.7
3770,Türkiye,TUR,1952,No,Yes,Southern Europe,Ankara,UAV / Drone,Air Force,Air,MQ-9 Reaper / Bayraktar TB2,1458,In Maintenance,Good,1982,42,155.8,227156.4,Italy,Yes,Yes,1986,2025,91.6
3771,Türkiye,TUR,1952,No,Yes,Southern Europe,Ankara,UAV / Drone,Air Force,Air,MQ-9 Reaper / Bayraktar TB2,1809,On Order,Excellent,2017,7,212.48,384376.32,Domestic,Yes,Yes,2019,2026,99.2
3772,Türkiye,TUR,1952,No,Yes,Southern Europe,Ankara,Strategic Bomber,Air Force,Air,B-52 / B-2 Spirit,484,Operational,End-of-Life,1968,56,337.54,163369.36,France,Partial,No,1992,2024,71.7
3773,Türkiye,TUR,1952,No,Yes,Southern Europe,Ankara,Strategic Bomber,Air Force,Air,B-52 / B-2 Spirit,1084,Upgrading,Excellent,1955,69,131.51,142556.84,Turkey,Yes,Yes,1966,2028,68.2
3774,Türkiye,TUR,1952,No,Yes,Southern Europe,Ankara,Strategic Bomber,Air Force,Air,B-52 / B-2 Spirit,1100,Upgrading,Fair,1975,49,118.97,130867.0,USA,Yes,No,1987,2033,42.6
3775,Türkiye,TUR,1952,No,Yes,Southern Europe,Ankara,Ballistic Missile Defense,Strategic,Land,THAAD / Aegis Ashore,859,Upgrading,End-of-Life,1993,31,26.7,22935.3,Multi-National,Partial,No,2022,2035,65.7
3776,Türkiye,TUR,1952,No,Yes,Southern Europe,Ankara,Ballistic Missile Defense,Strategic,Land,THAAD / Aegis Ashore,81,In Maintenance,Excellent,1975,49,209.45,16965.45,Israel,Yes,Yes,1997,2024,49.2
3777,Türkiye,TUR,1952,No,Yes,Southern Europe,Ankara,Ballistic Missile Defense,Strategic,Land,THAAD / Aegis Ashore,627,In Maintenance,Good,1995,29,7.52,4715.04,Turkey,Yes,No,1999,2028,94.8
3778,Türkiye,TUR,1952,No,Yes,Southern Europe,Ankara,Multirole Aircraft,Air Force,Air,F-35 / Rafale / F/A-18,1989,Reserve,Fair,2006,18,273.98,544946.22,Israel,No,No,2023,2030,62.7
3779,Türkiye,TUR,1952,No,Yes,Southern Europe,Ankara,Multirole Aircraft,Air Force,Air,F-35 / Rafale / F/A-18,814,Operational,Fair,1984,40,185.57,151053.98,Germany,Partial,No,1984,2024,40.3
3780,Türkiye,TUR,1952,No,Yes,Southern Europe,Ankara,Multirole Aircraft,Air Force,Air,F-35 / Rafale / F/A-18,1853,Operational,Good,1953,71,376.68,697988.04,Turkey,No,Yes,2010,2032,56.2
3781,Türkiye,TUR,1952,No,Yes,Southern Europe,Ankara,Multirole Aircraft,Air Force,Air,F-35 / Rafale / F/A-18,1500,Upgrading,Good,1964,60,8.25,12375.0,Multi-National,Yes,Yes,1975,2026,59.5
3782,Türkiye,TUR,1952,No,Yes,Southern Europe,Ankara,Amphibious Assault Ship,Naval,Sea,USS America / HMS Albion,1930,In Maintenance,Needs Repair,2021,3,310.57,599400.1,Israel,Yes,Yes,2022,2035,54.1
3783,Türkiye,TUR,1952,No,Yes,Southern Europe,Ankara,Amphibious Assault Ship,Naval,Sea,USS America / HMS Albion,676,Reserve,Excellent,1957,67,52.46,35462.96,Turkey,No,No,2004,2031,72.3
3784,Türkiye,TUR,1952,No,Yes,Southern Europe,Ankara,Amphibious Assault Ship,Naval,Sea,USS America / HMS Albion,865,On Order,Excellent,2007,17,35.79,30958.35,Domestic,Yes,No,2009,2025,71.7
3785,Türkiye,TUR,1952,No,Yes,Southern Europe,Ankara,Amphibious Assault Ship,Naval,Sea,USS America / HMS Albion,782,Reserve,Needs Repair,1972,52,290.03,226803.46,France,Partial,Yes,2012,2027,97.3
3786,Türkiye,TUR,1952,No,Yes,Southern Europe,Ankara,Aircraft Carrier,Naval,Sea,Gerald R. Ford / Queen Elizabeth,1363,In Maintenance,Needs Repair,1962,62,128.68,175390.84,Israel,Yes,Yes,2023,2029,98.1
3787,Türkiye,TUR,1952,No,Yes,Southern Europe,Ankara,Aircraft Carrier,Naval,Sea,Gerald R. Ford / Queen Elizabeth,713,Operational,Excellent,1996,28,304.4,217037.2,Multi-National,No,No,2011,2029,67.6
3788,Türkiye,TUR,1952,No,Yes,Southern Europe,Ankara,Aircraft Carrier,Naval,Sea,Gerald R. Ford / Queen Elizabeth,203,In Maintenance,End-of-Life,1979,45,49.79,10107.37,Germany,Yes,No,1982,2034,84.4
3789,Türkiye,TUR,1952,No,Yes,Southern Europe,Ankara,Aircraft Carrier,Naval,Sea,Gerald R. Ford / Queen Elizabeth,577,Decommissioning,Fair,1987,37,115.63,66718.51,Domestic,Yes,Yes,2021,2025,54.6
3790,Türkiye,TUR,1952,No,Yes,Southern Europe,Ankara,Patrol Vessel,Naval,Sea,OPV / Fast Attack Craft,1466,Decommissioning,Fair,1990,34,383.75,562577.5,Germany,Partial,Yes,2000,2030,84.3
3791,Türkiye,TUR,1952,No,Yes,Southern Europe,Ankara,Patrol Vessel,Naval,Sea,OPV / Fast Attack Craft,663,Upgrading,Needs Repair,2010,14,21.15,14022.45,France,Yes,No,2020,2024,44.0
3792,Türkiye,TUR,1952,No,Yes,Southern Europe,Ankara,Patrol Vessel,Naval,Sea,OPV / Fast Attack Craft,866,Operational,Fair,1998,26,87.07,75402.62,UK,Partial,No,2000,2026,68.3
3793,Türkiye,TUR,1952,No,Yes,Southern Europe,Ankara,AWACS Aircraft,Air Force,Air,E-3 Sentry / E-7A,163,Upgrading,Good,1956,68,240.53,39206.39,Turkey,No,No,2009,2035,75.8
3794,Türkiye,TUR,1952,No,Yes,Southern Europe,Ankara,AWACS Aircraft,Air Force,Air,E-3 Sentry / E-7A,1443,Operational,Fair,1952,72,195.71,282409.53,USA,Partial,No,2001,2024,76.6
3795,Türkiye,TUR,1952,No,Yes,Southern Europe,Ankara,Anti-Aircraft Gun,Air Defense,Land,Oerlikon 35mm / ZU-23,788,Operational,Excellent,2003,21,388.8,306374.4,Multi-National,Yes,Yes,2005,2035,41.0
3796,Türkiye,TUR,1952,No,Yes,Southern Europe,Ankara,Anti-Aircraft Gun,Air Defense,Land,Oerlikon 35mm / ZU-23,986,Reserve,Good,1992,32,226.45,223279.7,Italy,Partial,Yes,1993,2033,69.5
3797,Türkiye,TUR,1952,No,Yes,Southern Europe,Ankara,Anti-Aircraft Gun,Air Defense,Land,Oerlikon 35mm / ZU-23,459,In Maintenance,Excellent,1977,47,311.14,142813.26,UK,Partial,Yes,2009,2034,75.4
3798,Türkiye,TUR,1952,No,Yes,Southern Europe,Ankara,Combat Engineer Vehicle,Engineering,Land,M9 ACE / Leopard 2 AEV,195,Operational,Needs Repair,2018,6,308.88,60231.6,Italy,Partial,No,2022,2030,53.1
3799,Türkiye,TUR,1952,No,Yes,Southern Europe,Ankara,Combat Engineer Vehicle,Engineering,Land,M9 ACE / Leopard 2 AEV,1848,Decommissioning,Needs Repair,1992,32,296.98,548819.04,UK,Partial,Yes,2003,2024,64.9
3800,Türkiye,TUR,1952,No,Yes,Southern Europe,Ankara,Combat Engineer Vehicle,Engineering,Land,M9 ACE / Leopard 2 AEV,1696,Decommissioning,Good,2024,0,400.94,679994.24,Italy,No,Yes,2024,2024,51.9
3801,Türkiye,TUR,1952,No,Yes,Southern Europe,Ankara,Combat Engineer Vehicle,Engineering,Land,M9 ACE / Leopard 2 AEV,1708,On Order,End-of-Life,1996,28,240.85,411371.8,Turkey,No,No,2016,2027,55.2
3802,Türkiye,TUR,1952,No,Yes,Southern Europe,Ankara,Electronic Warfare System,Electronics,Land,JAMMER / Krasukha,1265,Operational,End-of-Life,1964,60,323.71,409493.15,Multi-National,No,Yes,1982,2032,94.8
3803,Türkiye,TUR,1952,No,Yes,Southern Europe,Ankara,Electronic Warfare System,Electronics,Land,JAMMER / Krasukha,493,In Maintenance,Needs Repair,1962,62,402.2,198284.6,Germany,No,No,1994,2027,57.3
3804,Türkiye,TUR,1952,No,Yes,Southern Europe,Ankara,Electronic Warfare System,Electronics,Land,JAMMER / Krasukha,1019,Decommissioning,Excellent,1976,48,62.39,63575.41,Multi-National,Yes,No,2018,2031,45.2
3805,Türkiye,TUR,1952,No,Yes,Southern Europe,Ankara,Anti-Tank Missile System,Anti-Armor,Land,Javelin / SPIKE / Milan,927,In Maintenance,Fair,1964,60,54.08,50132.16,Domestic,Yes,Yes,2022,2031,92.2
3806,Türkiye,TUR,1952,No,Yes,Southern Europe,Ankara,Anti-Tank Missile System,Anti-Armor,Land,Javelin / SPIKE / Milan,896,Reserve,Needs Repair,1960,64,224.4,201062.4,UK,Yes,No,1968,2032,56.3
3807,Türkiye,TUR,1952,No,Yes,Southern Europe,Ankara,Anti-Tank Missile System,Anti-Armor,Land,Javelin / SPIKE / Milan,1084,Operational,Excellent,1952,72,8.58,9300.72,Domestic,Yes,Yes,1982,2024,89.9
3808,Türkiye,TUR,1952,No,Yes,Southern Europe,Ankara,Bridge Layer,Engineering,Land,AVLB / Biber,1309,Reserve,End-of-Life,1973,51,324.79,425150.11,Domestic,No,Yes,1978,2025,83.5
3809,Türkiye,TUR,1952,No,Yes,Southern Europe,Ankara,Bridge Layer,Engineering,Land,AVLB / Biber,1839,On Order,End-of-Life,1983,41,375.68,690875.52,Germany,Yes,No,2023,2032,91.8
3810,Türkiye,TUR,1952,No,Yes,Southern Europe,Ankara,Bridge Layer,Engineering,Land,AVLB / Biber,1803,Upgrading,Needs Repair,1961,63,261.31,471141.93,Germany,No,No,1992,2034,66.9
3811,Türkiye,TUR,1952,No,Yes,Southern Europe,Ankara,Bridge Layer,Engineering,Land,AVLB / Biber,863,Operational,End-of-Life,1988,36,145.38,125462.94,UK,No,Yes,2011,2035,78.1
3812,Türkiye,TUR,1952,No,Yes,Southern Europe,Ankara,Corvette,Naval,Sea,Skjold / Visby / Burak,1698,Upgrading,Fair,1977,47,93.26,158355.48,Turkey,No,No,1979,2034,97.7
3813,Türkiye,TUR,1952,No,Yes,Southern Europe,Ankara,Corvette,Naval,Sea,Skjold / Visby / Burak,215,On Order,Excellent,1989,35,232.15,49912.25,Germany,Partial,Yes,2021,2027,53.3
3814,Türkiye,TUR,1952,No,Yes,Southern Europe,Ankara,Corvette,Naval,Sea,Skjold / Visby / Burak,1071,Upgrading,Fair,1968,56,379.35,406283.85,Israel,Yes,No,2002,2034,88.1
3815,Türkiye,TUR,1952,No,Yes,Southern Europe,Ankara,Corvette,Naval,Sea,Skjold / Visby / Burak,1191,Operational,Good,2000,24,244.78,291532.98,Israel,No,No,2021,2033,74.8
3816,Türkiye,TUR,1952,No,Yes,Southern Europe,Ankara,Long-Range SAM,Air Defense,Land,Patriot PAC-3 / S-400,1496,On Order,Needs Repair,2024,0,392.6,587329.6,Turkey,Partial,Yes,2024,2035,87.0
3817,Türkiye,TUR,1952,No,Yes,Southern Europe,Ankara,Long-Range SAM,Air Defense,Land,Patriot PAC-3 / S-400,729,Reserve,End-of-Life,2010,14,414.14,301908.06,Israel,No,No,2017,2034,97.1
3818,Türkiye,TUR,1952,No,Yes,Southern Europe,Ankara,Long-Range SAM,Air Defense,Land,Patriot PAC-3 / S-400,1231,Upgrading,Good,2011,13,220.95,271989.45,Multi-National,Yes,Yes,2018,2029,42.0
3819,Türkiye,TUR,1952,No,Yes,Southern Europe,Ankara,Multiple Launch Rocket System,Artillery,Land,M270 / HIMARS / BM-21,1076,On Order,Good,1969,55,86.87,93472.12,Turkey,Yes,Yes,2005,2027,56.7
3820,Türkiye,TUR,1952,No,Yes,Southern Europe,Ankara,Multiple Launch Rocket System,Artillery,Land,M270 / HIMARS / BM-21,1583,On Order,Good,1988,36,311.2,492629.6,Israel,No,No,2009,2031,43.1
3821,Türkiye,TUR,1952,No,Yes,Southern Europe,Ankara,Multiple Launch Rocket System,Artillery,Land,M270 / HIMARS / BM-21,505,Reserve,Fair,2021,3,407.17,205620.85,Israel,Yes,No,2022,2025,98.3
3822,Türkiye,TUR,1952,No,Yes,Southern Europe,Ankara,Attack Helicopter,Aviation,Air,AH-64 Apache / Tiger / NH90,279,Operational,Fair,1960,64,112.22,31309.38,Multi-National,No,Yes,1961,2026,98.9
3823,Türkiye,TUR,1952,No,Yes,Southern Europe,Ankara,Attack Helicopter,Aviation,Air,AH-64 Apache / Tiger / NH90,1590,Reserve,Fair,1972,52,265.0,421350.0,Turkey,No,Yes,1975,2032,71.3
3824,Türkiye,TUR,1952,No,Yes,Southern Europe,Ankara,Air Superiority Fighter,Air Force,Air,F-22 / Typhoon,1022,On Order,End-of-Life,1956,68,197.67,202018.74,USA,Partial,Yes,2009,2026,51.3
3825,Türkiye,TUR,1952,No,Yes,Southern Europe,Ankara,Air Superiority Fighter,Air Force,Air,F-22 / Typhoon,1358,Reserve,Good,1962,62,155.93,211752.94,UK,No,Yes,1998,2031,58.6
3826,Türkiye,TUR,1952,No,Yes,Southern Europe,Ankara,Medium-Range SAM,Air Defense,Land,Patriot / NASAMS / SAMP/T,8,Reserve,End-of-Life,2021,3,437.22,3497.76,Israel,No,Yes,2021,2035,66.3
3827,Türkiye,TUR,1952,No,Yes,Southern Europe,Ankara,Medium-Range SAM,Air Defense,Land,Patriot / NASAMS / SAMP/T,1581,Decommissioning,Fair,1972,52,132.27,209118.87,Israel,Yes,No,1984,2030,62.4
3828,Türkiye,TUR,1952,No,Yes,Southern Europe,Ankara,Medium-Range SAM,Air Defense,Land,Patriot / NASAMS / SAMP/T,1614,Reserve,Excellent,1958,66,436.48,704478.72,Israel,Yes,No,2016,2026,55.9
3829,Türkiye,TUR,1952,No,Yes,Southern Europe,Ankara,Logistics Support Vessel,Naval,Sea,Supply / Berlin-class,1244,On Order,Needs Repair,2000,24,74.2,92304.8,Domestic,Yes,Yes,2004,2025,62.3
3830,Türkiye,TUR,1952,No,Yes,Southern Europe,Ankara,Logistics Support Vessel,Naval,Sea,Supply / Berlin-class,1749,Operational,Excellent,2002,22,191.02,334093.98,USA,Partial,No,2005,2031,46.7
3831,Türkiye,TUR,1952,No,Yes,Southern Europe,Ankara,Logistics Support Vessel,Naval,Sea,Supply / Berlin-class,550,Decommissioning,End-of-Life,1994,30,322.26,177243.0,Germany,Partial,Yes,2009,2025,94.5
3832,Türkiye,TUR,1952,No,Yes,Southern Europe,Ankara,Logistics Support Vessel,Naval,Sea,Supply / Berlin-class,1776,Operational,Good,2022,2,420.21,746292.96,Germany,Yes,Yes,2022,2032,74.9
3833,Türkiye,TUR,1952,No,Yes,Southern Europe,Ankara,Main Battle Tank,Armored,Land,M1 Abrams / Leopard 2 / Challenger 3,68,Reserve,Needs Repair,1992,32,16.21,1102.28,USA,Partial,Yes,2022,2027,57.7
3834,Türkiye,TUR,1952,No,Yes,Southern Europe,Ankara,Main Battle Tank,Armored,Land,M1 Abrams / Leopard 2 / Challenger 3,1923,Reserve,Excellent,2013,11,404.66,778161.18,UK,No,No,2018,2028,59.6
3835,Türkiye,TUR,1952,No,Yes,Southern Europe,Ankara,Main Battle Tank,Armored,Land,M1 Abrams / Leopard 2 / Challenger 3,1653,In Maintenance,Fair,1975,49,431.27,712889.31,Italy,Partial,Yes,2001,2028,84.7
3836,Türkiye,TUR,1952,No,Yes,Southern Europe,Ankara,Submarine (SSK),Naval,Sea,Type 212 / Gotland,716,Operational,Good,2004,20,183.07,131078.12,Israel,Yes,Yes,2020,2030,82.8
3837,Türkiye,TUR,1952,No,Yes,Southern Europe,Ankara,Submarine (SSK),Naval,Sea,Type 212 / Gotland,1044,Operational,Needs Repair,2003,21,150.08,156683.52,UK,No,Yes,2013,2026,93.9
3838,Türkiye,TUR,1952,No,Yes,Southern Europe,Ankara,Armored Personnel Carrier,Armored,Land,M113 / Boxer / BTR-80,1737,Decommissioning,Excellent,1952,72,29.4,51067.8,Israel,No,Yes,2002,2028,67.6
3839,Türkiye,TUR,1952,No,Yes,Southern Europe,Ankara,Armored Personnel Carrier,Armored,Land,M113 / Boxer / BTR-80,1654,Decommissioning,Needs Repair,2002,22,293.25,485035.5,Turkey,No,Yes,2008,2028,43.9
3840,Türkiye,TUR,1952,No,Yes,Southern Europe,Ankara,Armored Personnel Carrier,Armored,Land,M113 / Boxer / BTR-80,1633,Reserve,End-of-Life,1995,29,67.79,110701.07,Israel,No,Yes,2016,2029,52.9
3841,United Kingdom,GBR,1949,Yes,Yes,Western Europe,London,Logistics Support Vessel,Naval,Sea,Supply / Berlin-class,1458,Decommissioning,Excellent,1953,71,329.93,481037.94,Germany,Partial,Yes,1999,2024,95.7
3842,United Kingdom,GBR,1949,Yes,Yes,Western Europe,London,Logistics Support Vessel,Naval,Sea,Supply / Berlin-class,196,In Maintenance,End-of-Life,1999,25,386.54,75761.84,Germany,Partial,Yes,2024,2030,47.6
3843,United Kingdom,GBR,1949,Yes,Yes,Western Europe,London,Logistics Support Vessel,Naval,Sea,Supply / Berlin-class,1195,Decommissioning,Needs Repair,1978,46,60.78,72632.1,Italy,No,Yes,1985,2035,91.7
3844,United Kingdom,GBR,1949,Yes,Yes,Western Europe,London,Light Tank,Armored,Land,CV90105 / AMX-10RC,347,On Order,Excellent,1987,37,440.38,152811.86,Germany,Partial,Yes,1987,2024,65.6
3845,United Kingdom,GBR,1949,Yes,Yes,Western Europe,London,Light Tank,Armored,Land,CV90105 / AMX-10RC,1785,Operational,End-of-Life,1980,44,341.29,609202.65,France,Partial,Yes,1997,2029,46.9
3846,United Kingdom,GBR,1949,Yes,Yes,Western Europe,London,Light Tank,Armored,Land,CV90105 / AMX-10RC,1013,Upgrading,Needs Repair,2023,1,40.63,41158.19,USA,Partial,No,2023,2031,77.1
3847,United Kingdom,GBR,1949,Yes,Yes,Western Europe,London,Light Tank,Armored,Land,CV90105 / AMX-10RC,176,Decommissioning,Good,1962,62,212.82,37456.32,France,Yes,No,1998,2025,54.9
3848,United Kingdom,GBR,1949,Yes,Yes,Western Europe,London,Combat Engineer Vehicle,Engineering,Land,M9 ACE / Leopard 2 AEV,742,Reserve,Good,1976,48,37.5,27825.0,Italy,No,Yes,2021,2032,91.4
3849,United Kingdom,GBR,1949,Yes,Yes,Western Europe,London,Combat Engineer Vehicle,Engineering,Land,M9 ACE / Leopard 2 AEV,1475,Reserve,Excellent,1967,57,323.4,477015.0,UK,Partial,Yes,2003,2028,46.2
3850,United Kingdom,GBR,1949,Yes,Yes,Western Europe,London,Ground Attack Aircraft,Air Force,Air,A-10 / Tornado IDS,1364,Upgrading,End-of-Life,2013,11,40.98,55896.72,Germany,Partial,Yes,2014,2032,79.0
3851,United Kingdom,GBR,1949,Yes,Yes,Western Europe,London,Ground Attack Aircraft,Air Force,Air,A-10 / Tornado IDS,596,In Maintenance,Excellent,1986,38,174.08,103751.68,Israel,Yes,No,1994,2033,69.2
3852,United Kingdom,GBR,1949,Yes,Yes,Western Europe,London,Ground Attack Aircraft,Air Force,Air,A-10 / Tornado IDS,436,On Order,Fair,2016,8,194.39,84754.04,Turkey,Yes,Yes,2018,2027,94.3
3853,United Kingdom,GBR,1949,Yes,Yes,Western Europe,London,Long-Range SAM,Air Defense,Land,Patriot PAC-3 / S-400,518,In Maintenance,Needs Repair,1970,54,385.31,199590.58,Multi-National,Partial,Yes,1995,2032,84.7
3854,United Kingdom,GBR,1949,Yes,Yes,Western Europe,London,Long-Range SAM,Air Defense,Land,Patriot PAC-3 / S-400,326,Reserve,Fair,1993,31,113.49,36997.74,Germany,Partial,No,2010,2031,60.8
3855,United Kingdom,GBR,1949,Yes,Yes,Western Europe,London,Patrol Aircraft,Air Force,Air,P-8 Poseidon / Atlantic,570,On Order,Excellent,1983,41,209.79,119580.3,Turkey,No,No,1996,2028,56.1
3856,United Kingdom,GBR,1949,Yes,Yes,Western Europe,London,Patrol Aircraft,Air Force,Air,P-8 Poseidon / Atlantic,9,Reserve,Excellent,1994,30,206.48,1858.32,Israel,Partial,No,1999,2029,53.0
3857,United Kingdom,GBR,1949,Yes,Yes,Western Europe,London,Armored Reconnaissance Vehicle,Armored,Land,Fennek / Fuchs,507,Reserve,End-of-Life,1966,58,121.0,61347.0,France,No,No,1973,2033,96.9
3858,United Kingdom,GBR,1949,Yes,Yes,Western Europe,London,Armored Reconnaissance Vehicle,Armored,Land,Fennek / Fuchs,757,Decommissioning,End-of-Life,1990,34,413.62,313110.34,Turkey,No,No,2006,2031,48.2
3859,United Kingdom,GBR,1949,Yes,Yes,Western Europe,London,Armored Reconnaissance Vehicle,Armored,Land,Fennek / Fuchs,1115,On Order,Needs Repair,1965,59,334.88,373391.2,Domestic,No,No,1976,2029,87.4
3860,United Kingdom,GBR,1949,Yes,Yes,Western Europe,London,Armored Reconnaissance Vehicle,Armored,Land,Fennek / Fuchs,3,In Maintenance,Good,1963,61,317.81,953.43,Domestic,No,Yes,2005,2031,66.6
3861,United Kingdom,GBR,1949,Yes,Yes,Western Europe,London,Patrol Vessel,Naval,Sea,OPV / Fast Attack Craft,532,Upgrading,Good,1986,38,246.8,131297.6,UK,Partial,No,2023,2026,65.7
3862,United Kingdom,GBR,1949,Yes,Yes,Western Europe,London,Patrol Vessel,Naval,Sea,OPV / Fast Attack Craft,715,On Order,Good,1972,52,416.58,297854.7,Domestic,No,No,2007,2026,83.6
3863,United Kingdom,GBR,1949,Yes,Yes,Western Europe,London,Strategic Bomber,Air Force,Air,B-52 / B-2 Spirit,1753,Operational,Needs Repair,1956,68,229.17,401735.01,Multi-National,Yes,Yes,1977,2024,74.8
3864,United Kingdom,GBR,1949,Yes,Yes,Western Europe,London,Strategic Bomber,Air Force,Air,B-52 / B-2 Spirit,266,Operational,Excellent,1995,29,80.03,21287.98,UK,Yes,Yes,2015,2029,80.7
3865,United Kingdom,GBR,1949,Yes,Yes,Western Europe,London,Strategic Bomber,Air Force,Air,B-52 / B-2 Spirit,1007,Operational,Good,2022,2,37.36,37621.52,Turkey,Partial,Yes,2024,2033,40.7
3866,United Kingdom,GBR,1949,Yes,Yes,Western Europe,London,Strategic Bomber,Air Force,Air,B-52 / B-2 Spirit,647,On Order,Good,1961,63,10.73,6942.31,Germany,No,Yes,2007,2031,74.3
3867,United Kingdom,GBR,1949,Yes,Yes,Western Europe,London,Infantry Fighting Vehicle,Armored,Land,Bradley / Puma / AS-21,1698,In Maintenance,Fair,2015,9,405.16,687961.68,UK,Yes,Yes,2021,2024,53.9
3868,United Kingdom,GBR,1949,Yes,Yes,Western Europe,London,Infantry Fighting Vehicle,Armored,Land,Bradley / Puma / AS-21,1723,Decommissioning,Excellent,1971,53,135.19,232932.37,Turkey,No,Yes,1971,2027,68.8
3869,United Kingdom,GBR,1949,Yes,Yes,Western Europe,London,Infantry Fighting Vehicle,Armored,Land,Bradley / Puma / AS-21,1095,Reserve,Excellent,1963,61,221.08,242082.6,Israel,Partial,No,1972,2028,62.8
3870,United Kingdom,GBR,1949,Yes,Yes,Western Europe,London,Infantry Fighting Vehicle,Armored,Land,Bradley / Puma / AS-21,1038,Decommissioning,End-of-Life,2015,9,400.91,416144.58,Italy,Partial,Yes,2015,2032,59.6
3871,United Kingdom,GBR,1949,Yes,Yes,Western Europe,London,AWACS Aircraft,Air Force,Air,E-3 Sentry / E-7A,174,Decommissioning,Needs Repair,1973,51,63.56,11059.44,Israel,Yes,Yes,2009,2033,77.3
3872,United Kingdom,GBR,1949,Yes,Yes,Western Europe,London,AWACS Aircraft,Air Force,Air,E-3 Sentry / E-7A,937,Operational,Excellent,1987,37,260.24,243844.88,Turkey,Yes,No,2024,2024,54.1
3873,United Kingdom,GBR,1949,Yes,Yes,Western Europe,London,AWACS Aircraft,Air Force,Air,E-3 Sentry / E-7A,607,In Maintenance,Needs Repair,2014,10,324.44,196935.08,Germany,Partial,No,2023,2034,88.0
3874,United Kingdom,GBR,1949,Yes,Yes,Western Europe,London,Anti-Aircraft Gun,Air Defense,Land,Oerlikon 35mm / ZU-23,1547,Decommissioning,End-of-Life,1963,61,66.12,102287.64,Israel,Partial,No,1996,2035,52.2
3875,United Kingdom,GBR,1949,Yes,Yes,Western Europe,London,Anti-Aircraft Gun,Air Defense,Land,Oerlikon 35mm / ZU-23,1558,Decommissioning,Needs Repair,1979,45,314.54,490053.32,Multi-National,Partial,No,2019,2031,44.5
3876,United Kingdom,GBR,1949,Yes,Yes,Western Europe,London,Anti-Tank Missile System,Anti-Armor,Land,Javelin / SPIKE / Milan,1926,On Order,End-of-Life,1973,51,364.35,701738.1,Italy,Partial,No,2024,2031,44.9
3877,United Kingdom,GBR,1949,Yes,Yes,Western Europe,London,Anti-Tank Missile System,Anti-Armor,Land,Javelin / SPIKE / Milan,1192,On Order,Needs Repair,1988,36,197.97,235980.24,Domestic,Yes,No,1993,2033,88.7
3878,United Kingdom,GBR,1949,Yes,Yes,Western Europe,London,Anti-Tank Missile System,Anti-Armor,Land,Javelin / SPIKE / Milan,1521,In Maintenance,Good,1956,68,104.86,159492.06,Israel,Yes,No,1975,2025,77.5
3879,United Kingdom,GBR,1949,Yes,Yes,Western Europe,London,NBC Detection Vehicle,CBRN,Land,Fox / TPz Fuchs,369,Reserve,Excellent,1975,49,119.93,44254.17,Italy,No,No,2001,2027,89.0
3880,United Kingdom,GBR,1949,Yes,Yes,Western Europe,London,NBC Detection Vehicle,CBRN,Land,Fox / TPz Fuchs,227,Decommissioning,Needs Repair,1984,40,300.19,68143.13,Domestic,No,Yes,1988,2029,58.2
3881,United Kingdom,GBR,1949,Yes,Yes,Western Europe,London,NBC Detection Vehicle,CBRN,Land,Fox / TPz Fuchs,1759,On Order,End-of-Life,1964,60,51.04,89779.36,Multi-National,Partial,No,2003,2028,75.8
3882,United Kingdom,GBR,1949,Yes,Yes,Western Europe,London,UAV / Drone,Air Force,Air,MQ-9 Reaper / Bayraktar TB2,1279,Upgrading,Fair,1968,56,326.48,417567.92,Italy,Yes,No,1981,2027,63.6
3883,United Kingdom,GBR,1949,Yes,Yes,Western Europe,London,UAV / Drone,Air Force,Air,MQ-9 Reaper / Bayraktar TB2,800,Operational,Fair,2004,20,137.81,110248.0,France,Yes,Yes,2018,2028,41.4
3884,United Kingdom,GBR,1949,Yes,Yes,Western Europe,London,Tanker Aircraft,Air Force,Air,KC-135 / A330 MRTT,3,Operational,Excellent,1961,63,255.29,765.87,USA,Yes,No,1992,2032,49.9
3885,United Kingdom,GBR,1949,Yes,Yes,Western Europe,London,Tanker Aircraft,Air Force,Air,KC-135 / A330 MRTT,562,Upgrading,Fair,1984,40,106.22,59695.64,UK,Partial,No,1989,2034,70.8
3886,United Kingdom,GBR,1949,Yes,Yes,Western Europe,London,Tanker Aircraft,Air Force,Air,KC-135 / A330 MRTT,1282,Decommissioning,Needs Repair,2014,10,54.67,70086.94,Multi-National,Partial,No,2019,2025,99.4
3887,United Kingdom,GBR,1949,Yes,Yes,Western Europe,London,Tanker Aircraft,Air Force,Air,KC-135 / A330 MRTT,1226,In Maintenance,Needs Repair,1964,60,156.19,191488.94,Multi-National,Yes,Yes,1981,2029,76.1
3888,United Kingdom,GBR,1949,Yes,Yes,Western Europe,London,Towed Howitzer,Artillery,Land,M777 / FH70 / D-30,1095,Reserve,End-of-Life,1976,48,13.36,14629.2,UK,Yes,Yes,2014,2025,42.0
3889,United Kingdom,GBR,1949,Yes,Yes,Western Europe,London,Towed Howitzer,Artillery,Land,M777 / FH70 / D-30,13,Upgrading,End-of-Life,2003,21,264.16,3434.08,Multi-National,Yes,Yes,2009,2027,45.1
3890,United Kingdom,GBR,1949,Yes,Yes,Western Europe,London,Towed Howitzer,Artillery,Land,M777 / FH70 / D-30,965,Upgrading,Fair,1971,53,175.52,169376.8,Domestic,Partial,Yes,2016,2024,66.8
3891,United Kingdom,GBR,1949,Yes,Yes,Western Europe,London,Electronic Warfare System,Electronics,Land,JAMMER / Krasukha,691,Decommissioning,Excellent,2022,2,368.49,254626.59,Israel,No,Yes,2024,2025,43.6
3892,United Kingdom,GBR,1949,Yes,Yes,Western Europe,London,Electronic Warfare System,Electronics,Land,JAMMER / Krasukha,918,Operational,Needs Repair,1964,60,26.3,24143.4,Israel,No,Yes,1965,2029,76.3
3893,United Kingdom,GBR,1949,Yes,Yes,Western Europe,London,Cyber Defense Unit,Cyber,Digital,CCDCOE / NATO Cyber Centre,1108,On Order,Needs Repair,1998,26,148.01,163995.08,UK,Partial,No,2009,2035,61.4
3894,United Kingdom,GBR,1949,Yes,Yes,Western Europe,London,Cyber Defense Unit,Cyber,Digital,CCDCOE / NATO Cyber Centre,1093,Operational,End-of-Life,1975,49,267.48,292355.64,Italy,Partial,No,1999,2035,82.9
3895,United Kingdom,GBR,1949,Yes,Yes,Western Europe,London,Frigate,Naval,Sea,FREMM / Type 23 / FREMM,1813,Reserve,Needs Repair,2022,2,434.07,786968.91,Multi-National,Yes,Yes,2023,2032,72.8
3896,United Kingdom,GBR,1949,Yes,Yes,Western Europe,London,Frigate,Naval,Sea,FREMM / Type 23 / FREMM,1501,On Order,End-of-Life,1965,59,3.75,5628.75,Israel,Partial,Yes,1976,2024,44.8
3897,United Kingdom,GBR,1949,Yes,Yes,Western Europe,London,Frigate,Naval,Sea,FREMM / Type 23 / FREMM,952,In Maintenance,Excellent,1955,69,282.87,269292.24,Turkey,Partial,Yes,2014,2035,65.4
3898,United Kingdom,GBR,1949,Yes,Yes,Western Europe,London,Fighter Jet,Air Force,Air,F-16 / Gripen / Typhoon,1977,Decommissioning,End-of-Life,1972,52,147.51,291627.27,USA,Yes,Yes,1982,2035,66.3
3899,United Kingdom,GBR,1949,Yes,Yes,Western Europe,London,Fighter Jet,Air Force,Air,F-16 / Gripen / Typhoon,859,Operational,End-of-Life,1962,62,397.27,341254.93,Domestic,No,No,1981,2026,55.8
3900,United Kingdom,GBR,1949,Yes,Yes,Western Europe,London,Satellite Terminal,Communications,Digital,SATCOM / JTRS,892,On Order,Good,1952,72,27.96,24940.32,Italy,Partial,No,2004,2029,69.8
3901,United Kingdom,GBR,1949,Yes,Yes,Western Europe,London,Satellite Terminal,Communications,Digital,SATCOM / JTRS,378,Reserve,End-of-Life,1993,31,115.85,43791.3,UK,No,No,1998,2033,63.4
3902,United Kingdom,GBR,1949,Yes,Yes,Western Europe,London,Satellite Terminal,Communications,Digital,SATCOM / JTRS,522,Decommissioning,Excellent,2023,1,384.27,200588.94,USA,Partial,No,2023,2035,92.6
3903,United Kingdom,GBR,1949,Yes,Yes,Western Europe,London,Anti-Drone System,Air Defense,Land,DroneShield / AUDS / Skyfend,687,Reserve,Fair,1988,36,418.92,287798.04,Israel,Yes,No,1997,2025,65.2
3904,United Kingdom,GBR,1949,Yes,Yes,Western Europe,London,Anti-Drone System,Air Defense,Land,DroneShield / AUDS / Skyfend,506,Decommissioning,Needs Repair,2020,4,406.52,205699.12,France,Partial,Yes,2023,2030,63.4
3905,United Kingdom,GBR,1949,Yes,Yes,Western Europe,London,Aircraft Carrier,Naval,Sea,Gerald R. Ford / Queen Elizabeth,997,Reserve,Fair,1995,29,315.86,314912.42,Germany,Yes,Yes,1998,2029,68.8
3906,United Kingdom,GBR,1949,Yes,Yes,Western Europe,London,Aircraft Carrier,Naval,Sea,Gerald R. Ford / Queen Elizabeth,1217,Reserve,End-of-Life,2013,11,4.57,5561.69,USA,Yes,Yes,2017,2029,85.4
3907,United Kingdom,GBR,1949,Yes,Yes,Western Europe,London,Aircraft Carrier,Naval,Sea,Gerald R. Ford / Queen Elizabeth,1631,In Maintenance,Needs Repair,2010,14,197.23,321682.13,France,No,Yes,2020,2033,65.2
3908,United Kingdom,GBR,1949,Yes,Yes,Western Europe,London,Submarine (SSK),Naval,Sea,Type 212 / Gotland,101,In Maintenance,Needs Repair,1963,61,256.18,25874.18,USA,No,No,1973,2027,91.3
3909,United Kingdom,GBR,1949,Yes,Yes,Western Europe,London,Submarine (SSK),Naval,Sea,Type 212 / Gotland,1245,Upgrading,Excellent,1979,45,161.48,201042.6,USA,No,No,1990,2030,60.6
3910,United Kingdom,GBR,1949,Yes,Yes,Western Europe,London,Submarine (SSK),Naval,Sea,Type 212 / Gotland,1036,In Maintenance,Good,1958,66,377.12,390696.32,Israel,Yes,Yes,2000,2034,87.6
3911,United Kingdom,GBR,1949,Yes,Yes,Western Europe,London,Submarine (SSK),Naval,Sea,Type 212 / Gotland,1922,Operational,Excellent,1967,57,371.37,713773.14,Multi-National,Yes,Yes,1979,2034,86.4
3912,United Kingdom,GBR,1949,Yes,Yes,Western Europe,London,Attack Helicopter,Aviation,Air,AH-64 Apache / Tiger / NH90,1320,Reserve,Good,1957,67,23.66,31231.2,Domestic,No,No,2017,2035,58.5
3913,United Kingdom,GBR,1949,Yes,Yes,Western Europe,London,Attack Helicopter,Aviation,Air,AH-64 Apache / Tiger / NH90,1601,On Order,Fair,2008,16,42.7,68362.7,France,Yes,Yes,2010,2029,64.2
3914,United Kingdom,GBR,1949,Yes,Yes,Western Europe,London,Transport Helicopter,Aviation,Air,CH-47 Chinook / NH90,1040,Upgrading,Good,1978,46,146.02,151860.8,Multi-National,No,No,1990,2034,46.4
3915,United Kingdom,GBR,1949,Yes,Yes,Western Europe,London,Transport Helicopter,Aviation,Air,CH-47 Chinook / NH90,1044,In Maintenance,Good,1983,41,244.55,255310.2,Israel,No,Yes,1990,2029,49.0
3916,United Kingdom,GBR,1949,Yes,Yes,Western Europe,London,Transport Helicopter,Aviation,Air,CH-47 Chinook / NH90,1443,Decommissioning,Needs Repair,2003,21,114.41,165093.63,USA,No,No,2009,2034,76.6
3917,United Kingdom,GBR,1949,Yes,Yes,Western Europe,London,Transport Helicopter,Aviation,Air,CH-47 Chinook / NH90,1473,In Maintenance,Good,1956,68,93.77,138123.21,USA,No,Yes,2015,2024,45.7
3918,United Kingdom,GBR,1949,Yes,Yes,Western Europe,London,Air Superiority Fighter,Air Force,Air,F-22 / Typhoon,1782,Reserve,Fair,1960,64,374.4,667180.8,Turkey,No,Yes,1977,2029,46.0
3919,United Kingdom,GBR,1949,Yes,Yes,Western Europe,London,Air Superiority Fighter,Air Force,Air,F-22 / Typhoon,214,On Order,Good,2019,5,245.99,52641.86,UK,Yes,Yes,2022,2033,82.7
3920,United Kingdom,GBR,1949,Yes,Yes,Western Europe,London,Armored Personnel Carrier,Armored,Land,M113 / Boxer / BTR-80,1848,On Order,Fair,1988,36,120.14,222018.72,Italy,No,No,2012,2033,85.2
3921,United Kingdom,GBR,1949,Yes,Yes,Western Europe,London,Armored Personnel Carrier,Armored,Land,M113 / Boxer / BTR-80,773,Upgrading,Needs Repair,1969,55,155.05,119853.65,USA,Yes,No,1976,2035,48.2
3922,United Kingdom,GBR,1949,Yes,Yes,Western Europe,London,Armored Personnel Carrier,Armored,Land,M113 / Boxer / BTR-80,469,On Order,Needs Repair,1989,35,438.84,205815.96,UK,Yes,No,2010,2030,60.6
3923,United Kingdom,GBR,1949,Yes,Yes,Western Europe,London,Armored Personnel Carrier,Armored,Land,M113 / Boxer / BTR-80,1768,Operational,Excellent,1972,52,94.08,166333.44,Germany,Yes,No,1983,2026,53.8
3924,United Kingdom,GBR,1949,Yes,Yes,Western Europe,London,Self-Propelled Howitzer,Artillery,Land,PzH 2000 / K9 Thunder / Caesar,189,Reserve,Good,2001,23,446.1,84312.9,France,Partial,Yes,2024,2035,61.3
3925,United Kingdom,GBR,1949,Yes,Yes,Western Europe,London,Self-Propelled Howitzer,Artillery,Land,PzH 2000 / K9 Thunder / Caesar,175,In Maintenance,Excellent,2007,17,282.28,49399.0,USA,Yes,No,2011,2033,49.7
3926,United Kingdom,GBR,1949,Yes,Yes,Western Europe,London,Self-Propelled Howitzer,Artillery,Land,PzH 2000 / K9 Thunder / Caesar,1542,Decommissioning,End-of-Life,1951,73,377.38,581919.96,France,Partial,Yes,2004,2031,65.7
3927,United Kingdom,GBR,1949,Yes,Yes,Western Europe,London,Corvette,Naval,Sea,Skjold / Visby / Burak,259,On Order,Excellent,1956,68,285.65,73983.35,USA,No,Yes,1965,2024,44.7
3928,United Kingdom,GBR,1949,Yes,Yes,Western Europe,London,Corvette,Naval,Sea,Skjold / Visby / Burak,1256,On Order,Fair,1964,60,14.38,18061.28,Israel,Yes,Yes,2016,2029,51.1
3929,United Kingdom,GBR,1949,Yes,Yes,Western Europe,London,Corvette,Naval,Sea,Skjold / Visby / Burak,1893,Reserve,Needs Repair,1955,69,140.45,265871.85,Israel,Partial,No,1999,2025,41.3
3930,United Kingdom,GBR,1949,Yes,Yes,Western Europe,London,Mortar System,Artillery,Land,M120 / AMOS,1726,On Order,Good,1995,29,95.15,164228.9,Germany,No,Yes,2021,2033,94.3
3931,United Kingdom,GBR,1949,Yes,Yes,Western Europe,London,Mortar System,Artillery,Land,M120 / AMOS,1513,In Maintenance,Good,1951,73,75.35,114004.55,UK,No,Yes,2013,2030,75.9
3932,United Kingdom,GBR,1949,Yes,Yes,Western Europe,London,Mortar System,Artillery,Land,M120 / AMOS,1487,Upgrading,Needs Repair,2005,19,160.93,239302.91,Italy,No,Yes,2023,2029,97.7
3933,United Kingdom,GBR,1949,Yes,Yes,Western Europe,London,Mortar System,Artillery,Land,M120 / AMOS,1957,Operational,Fair,1971,53,249.58,488428.06,Israel,Yes,Yes,1981,2034,86.2
3934,United Kingdom,GBR,1949,Yes,Yes,Western Europe,London,Multiple Launch Rocket System,Artillery,Land,M270 / HIMARS / BM-21,1402,Reserve,End-of-Life,1980,44,117.0,164034.0,USA,Yes,No,1982,2035,70.5
3935,United Kingdom,GBR,1949,Yes,Yes,Western Europe,London,Multiple Launch Rocket System,Artillery,Land,M270 / HIMARS / BM-21,1392,Operational,End-of-Life,2009,15,245.09,341165.28,Germany,Yes,Yes,2015,2034,82.7
3936,United Kingdom,GBR,1949,Yes,Yes,Western Europe,London,Multiple Launch Rocket System,Artillery,Land,M270 / HIMARS / BM-21,1392,Reserve,Fair,1984,40,285.64,397610.88,Turkey,Partial,No,2018,2028,71.5
3937,United Kingdom,GBR,1949,Yes,Yes,Western Europe,London,Ballistic Missile Defense,Strategic,Land,THAAD / Aegis Ashore,811,Reserve,Excellent,1989,35,135.9,110214.9,UK,Yes,Yes,2012,2031,48.4
3938,United Kingdom,GBR,1949,Yes,Yes,Western Europe,London,Ballistic Missile Defense,Strategic,Land,THAAD / Aegis Ashore,1523,Upgrading,Excellent,1961,63,115.9,176515.7,Turkey,Yes,Yes,1986,2033,45.1
3939,United Kingdom,GBR,1949,Yes,Yes,Western Europe,London,Ballistic Missile Defense,Strategic,Land,THAAD / Aegis Ashore,481,Upgrading,Fair,2018,6,58.78,28273.18,Israel,Yes,Yes,2019,2035,76.0
3940,United Kingdom,GBR,1949,Yes,Yes,Western Europe,London,Ballistic Missile Defense,Strategic,Land,THAAD / Aegis Ashore,662,On Order,Good,1983,41,165.43,109514.66,Italy,Partial,Yes,1996,2031,50.4
3941,United Kingdom,GBR,1949,Yes,Yes,Western Europe,London,Logistics Truck (Heavy),Logistics,Support,HEMTT / MAN HX,1689,Upgrading,Good,2002,22,357.39,603631.71,Domestic,Partial,No,2019,2024,54.4
3942,United Kingdom,GBR,1949,Yes,Yes,Western Europe,London,Logistics Truck (Heavy),Logistics,Support,HEMTT / MAN HX,1254,Decommissioning,Needs Repair,1977,47,115.27,144548.58,Germany,Yes,No,1998,2027,73.7
3943,United States,USA,1949,Yes,Yes,North America,Washington D.C.,Anti-Drone System,Air Defense,Land,DroneShield / AUDS / Skyfend,835,On Order,Needs Repair,1970,54,32.59,27212.65,Germany,Partial,No,2015,2026,58.6
3944,United States,USA,1949,Yes,Yes,North America,Washington D.C.,Anti-Drone System,Air Defense,Land,DroneShield / AUDS / Skyfend,1677,Reserve,Fair,2014,10,372.78,625152.06,Italy,No,No,2015,2035,90.7
3945,United States,USA,1949,Yes,Yes,North America,Washington D.C.,Anti-Drone System,Air Defense,Land,DroneShield / AUDS / Skyfend,551,On Order,Excellent,2007,17,154.66,85217.66,USA,No,No,2019,2035,52.7
3946,United States,USA,1949,Yes,Yes,North America,Washington D.C.,Anti-Drone System,Air Defense,Land,DroneShield / AUDS / Skyfend,1116,Reserve,Fair,1983,41,144.99,161808.84,Domestic,Yes,Yes,2024,2026,48.4
3947,United States,USA,1949,Yes,Yes,North America,Washington D.C.,Combat Engineer Vehicle,Engineering,Land,M9 ACE / Leopard 2 AEV,1996,Decommissioning,Fair,2016,8,291.35,581534.6,Multi-National,Yes,Yes,2017,2026,98.2
3948,United States,USA,1949,Yes,Yes,North America,Washington D.C.,Combat Engineer Vehicle,Engineering,Land,M9 ACE / Leopard 2 AEV,1967,In Maintenance,Excellent,1995,29,394.26,775509.42,Multi-National,Partial,Yes,1995,2033,82.0
3949,United States,USA,1949,Yes,Yes,North America,Washington D.C.,Combat Engineer Vehicle,Engineering,Land,M9 ACE / Leopard 2 AEV,1340,Operational,Good,1973,51,68.62,91950.8,UK,Yes,No,2000,2030,94.8
3950,United States,USA,1949,Yes,Yes,North America,Washington D.C.,Combat Engineer Vehicle,Engineering,Land,M9 ACE / Leopard 2 AEV,1214,On Order,Needs Repair,2006,18,21.01,25506.14,Multi-National,Yes,Yes,2023,2026,62.7
3951,United States,USA,1949,Yes,Yes,North America,Washington D.C.,Satellite Terminal,Communications,Digital,SATCOM / JTRS,920,Operational,Excellent,1987,37,27.63,25419.6,Turkey,No,Yes,2007,2035,91.1
3952,United States,USA,1949,Yes,Yes,North America,Washington D.C.,Satellite Terminal,Communications,Digital,SATCOM / JTRS,1190,On Order,End-of-Life,2002,22,83.79,99710.1,Italy,Partial,Yes,2005,2026,45.4
3953,United States,USA,1949,Yes,Yes,North America,Washington D.C.,Satellite Terminal,Communications,Digital,SATCOM / JTRS,747,Operational,Excellent,1992,32,412.52,308152.44,Germany,No,Yes,2008,2034,99.7
3954,United States,USA,1949,Yes,Yes,North America,Washington D.C.,Cyber Defense Unit,Cyber,Digital,CCDCOE / NATO Cyber Centre,1494,Decommissioning,Good,1983,41,175.28,261868.32,Turkey,Yes,No,2013,2034,59.7
3955,United States,USA,1949,Yes,Yes,North America,Washington D.C.,Cyber Defense Unit,Cyber,Digital,CCDCOE / NATO Cyber Centre,892,In Maintenance,Excellent,1988,36,131.07,116914.44,UK,Partial,Yes,1999,2025,44.4
3956,United States,USA,1949,Yes,Yes,North America,Washington D.C.,Cyber Defense Unit,Cyber,Digital,CCDCOE / NATO Cyber Centre,1491,Reserve,Needs Repair,1983,41,409.42,610445.22,Germany,Yes,No,2006,2029,98.7
3957,United States,USA,1949,Yes,Yes,North America,Washington D.C.,Long-Range SAM,Air Defense,Land,Patriot PAC-3 / S-400,208,On Order,End-of-Life,2000,24,364.81,75880.48,Italy,No,No,2000,2026,63.2
3958,United States,USA,1949,Yes,Yes,North America,Washington D.C.,Long-Range SAM,Air Defense,Land,Patriot PAC-3 / S-400,1895,Operational,Fair,1986,38,359.41,681081.95,Multi-National,Yes,No,1989,2031,49.5
3959,United States,USA,1949,Yes,Yes,North America,Washington D.C.,Amphibious Assault Ship,Naval,Sea,USS America / HMS Albion,1031,Decommissioning,Good,1986,38,351.88,362788.28,Germany,Partial,No,2010,2032,74.7
3960,United States,USA,1949,Yes,Yes,North America,Washington D.C.,Amphibious Assault Ship,Naval,Sea,USS America / HMS Albion,31,On Order,Fair,1962,62,14.5,449.5,Germany,Partial,No,1980,2028,84.0
3961,United States,USA,1949,Yes,Yes,North America,Washington D.C.,Amphibious Assault Ship,Naval,Sea,USS America / HMS Albion,67,In Maintenance,Needs Repair,1990,34,79.02,5294.34,USA,No,Yes,2017,2027,79.1
3962,United States,USA,1949,Yes,Yes,North America,Washington D.C.,Amphibious Assault Ship,Naval,Sea,USS America / HMS Albion,38,Upgrading,Fair,2008,16,287.27,10916.26,Germany,Yes,Yes,2019,2024,51.0
3963,United States,USA,1949,Yes,Yes,North America,Washington D.C.,Short-Range Air Defense,Air Defense,Land,SHORAD / Gepard / Stinger,603,Upgrading,End-of-Life,1950,74,399.0,240597.0,France,Partial,No,2010,2035,73.6
3964,United States,USA,1949,Yes,Yes,North America,Washington D.C.,Short-Range Air Defense,Air Defense,Land,SHORAD / Gepard / Stinger,1732,Reserve,End-of-Life,1960,64,21.69,37567.08,Italy,Partial,Yes,2004,2033,41.5
3965,United States,USA,1949,Yes,Yes,North America,Washington D.C.,Short-Range Air Defense,Air Defense,Land,SHORAD / Gepard / Stinger,736,Reserve,End-of-Life,1983,41,77.21,56826.56,Turkey,Partial,No,2023,2024,58.5
3966,United States,USA,1949,Yes,Yes,North America,Washington D.C.,Short-Range Air Defense,Air Defense,Land,SHORAD / Gepard / Stinger,1574,Operational,Fair,1989,35,225.0,354150.0,Domestic,Partial,No,2020,2033,85.5
3967,United States,USA,1949,Yes,Yes,North America,Washington D.C.,Patrol Vessel,Naval,Sea,OPV / Fast Attack Craft,664,In Maintenance,Good,2001,23,274.64,182360.96,USA,Partial,Yes,2015,2034,86.0
3968,United States,USA,1949,Yes,Yes,North America,Washington D.C.,Patrol Vessel,Naval,Sea,OPV / Fast Attack Craft,71,Decommissioning,Fair,1958,66,179.39,12736.69,Domestic,No,No,2009,2035,54.1
3969,United States,USA,1949,Yes,Yes,North America,Washington D.C.,Logistics Support Vessel,Naval,Sea,Supply / Berlin-class,1600,On Order,End-of-Life,2024,0,139.78,223648.0,USA,No,Yes,2024,2034,99.5
3970,United States,USA,1949,Yes,Yes,North America,Washington D.C.,Logistics Support Vessel,Naval,Sea,Supply / Berlin-class,1182,Decommissioning,Fair,1973,51,345.34,408191.88,Germany,No,No,2004,2031,56.7
3971,United States,USA,1949,Yes,Yes,North America,Washington D.C.,Self-Propelled Howitzer,Artillery,Land,PzH 2000 / K9 Thunder / Caesar,690,Reserve,Needs Repair,1980,44,350.49,241838.1,Israel,No,No,2006,2027,81.0
3972,United States,USA,1949,Yes,Yes,North America,Washington D.C.,Self-Propelled Howitzer,Artillery,Land,PzH 2000 / K9 Thunder / Caesar,209,Upgrading,Excellent,1998,26,133.8,27964.2,USA,Yes,No,2023,2032,62.1
3973,United States,USA,1949,Yes,Yes,North America,Washington D.C.,Self-Propelled Howitzer,Artillery,Land,PzH 2000 / K9 Thunder / Caesar,1662,In Maintenance,Fair,1997,27,445.76,740853.12,USA,No,Yes,2010,2032,69.6
3974,United States,USA,1949,Yes,Yes,North America,Washington D.C.,Corvette,Naval,Sea,Skjold / Visby / Burak,1123,On Order,Good,1970,54,141.87,159320.01,UK,Partial,Yes,1981,2029,45.3
3975,United States,USA,1949,Yes,Yes,North America,Washington D.C.,Corvette,Naval,Sea,Skjold / Visby / Burak,253,On Order,End-of-Life,1960,64,12.67,3205.51,Multi-National,Yes,Yes,1994,2033,80.0
3976,United States,USA,1949,Yes,Yes,North America,Washington D.C.,Corvette,Naval,Sea,Skjold / Visby / Burak,140,Operational,Excellent,1984,40,34.92,4888.8,Germany,Yes,Yes,2013,2028,68.0
3977,United States,USA,1949,Yes,Yes,North America,Washington D.C.,Anti-Aircraft Gun,Air Defense,Land,Oerlikon 35mm / ZU-23,1149,On Order,Needs Repair,1961,63,447.86,514591.14,Israel,Yes,No,1977,2027,86.6
3978,United States,USA,1949,Yes,Yes,North America,Washington D.C.,Anti-Aircraft Gun,Air Defense,Land,Oerlikon 35mm / ZU-23,117,In Maintenance,Fair,1973,51,332.65,38920.05,Italy,Partial,Yes,1989,2031,84.9
3979,United States,USA,1949,Yes,Yes,North America,Washington D.C.,Anti-Aircraft Gun,Air Defense,Land,Oerlikon 35mm / ZU-23,1044,Operational,End-of-Life,1953,71,337.37,352214.28,Germany,No,No,2010,2028,83.9
3980,United States,USA,1949,Yes,Yes,North America,Washington D.C.,Anti-Aircraft Gun,Air Defense,Land,Oerlikon 35mm / ZU-23,841,Reserve,Good,1986,38,74.03,62259.23,UK,Partial,No,1989,2026,63.1
3981,United States,USA,1949,Yes,Yes,North America,Washington D.C.,Transport Helicopter,Aviation,Air,CH-47 Chinook / NH90,1290,On Order,Fair,1990,34,370.84,478383.6,Israel,No,No,1998,2024,69.0
3982,United States,USA,1949,Yes,Yes,North America,Washington D.C.,Transport Helicopter,Aviation,Air,CH-47 Chinook / NH90,1433,In Maintenance,Good,1972,52,257.48,368968.84,France,Partial,Yes,2018,2032,78.8
3983,United States,USA,1949,Yes,Yes,North America,Washington D.C.,Main Battle Tank,Armored,Land,M1 Abrams / Leopard 2 / Challenger 3,1043,In Maintenance,Good,2002,22,423.93,442158.99,UK,Partial,No,2013,2027,74.9
3984,United States,USA,1949,Yes,Yes,North America,Washington D.C.,Main Battle Tank,Armored,Land,M1 Abrams / Leopard 2 / Challenger 3,1939,Operational,End-of-Life,1996,28,393.42,762841.38,Germany,Partial,Yes,2018,2027,97.2
3985,United States,USA,1949,Yes,Yes,North America,Washington D.C.,Destroyer,Naval,Sea,Arleigh Burke / Type 45,661,Decommissioning,End-of-Life,1999,25,315.35,208446.35,Domestic,Yes,No,2007,2024,95.9
3986,United States,USA,1949,Yes,Yes,North America,Washington D.C.,Destroyer,Naval,Sea,Arleigh Burke / Type 45,316,Upgrading,Good,2007,17,233.13,73669.08,Israel,Partial,No,2016,2025,81.0
3987,United States,USA,1949,Yes,Yes,North America,Washington D.C.,Destroyer,Naval,Sea,Arleigh Burke / Type 45,1391,Upgrading,End-of-Life,1987,37,363.53,505670.23,Domestic,No,No,2016,2029,44.9
3988,United States,USA,1949,Yes,Yes,North America,Washington D.C.,Destroyer,Naval,Sea,Arleigh Burke / Type 45,482,In Maintenance,Needs Repair,2012,12,285.03,137384.46,Domestic,No,Yes,2020,2026,54.9
3989,United States,USA,1949,Yes,Yes,North America,Washington D.C.,Multirole Aircraft,Air Force,Air,F-35 / Rafale / F/A-18,302,Operational,Excellent,1951,73,431.12,130198.24,Germany,Partial,No,2019,2024,65.2
3990,United States,USA,1949,Yes,Yes,North America,Washington D.C.,Multirole Aircraft,Air Force,Air,F-35 / Rafale / F/A-18,988,Reserve,Needs Repair,2020,4,62.94,62184.72,Italy,Partial,No,2021,2024,76.5
3991,United States,USA,1949,Yes,Yes,North America,Washington D.C.,Multirole Aircraft,Air Force,Air,F-35 / Rafale / F/A-18,307,Operational,Good,1973,51,428.69,131607.83,Multi-National,Partial,Yes,1998,2033,41.3
3992,United States,USA,1949,Yes,Yes,North America,Washington D.C.,Multirole Aircraft,Air Force,Air,F-35 / Rafale / F/A-18,1629,In Maintenance,Good,1990,34,368.91,600954.39,Germany,Yes,Yes,2021,2026,53.5
3993,United States,USA,1949,Yes,Yes,North America,Washington D.C.,Radar System,Electronics,Land,AN/TPY-2 / AN/MPQ-65,285,Upgrading,Excellent,1984,40,32.6,9291.0,Multi-National,Yes,Yes,2000,2032,75.0
3994,United States,USA,1949,Yes,Yes,North America,Washington D.C.,Radar System,Electronics,Land,AN/TPY-2 / AN/MPQ-65,1220,On Order,Good,1984,40,244.1,297802.0,Germany,Yes,Yes,1992,2026,70.1
3995,United States,USA,1949,Yes,Yes,North America,Washington D.C.,Radar System,Electronics,Land,AN/TPY-2 / AN/MPQ-65,1491,Upgrading,Excellent,1988,36,191.53,285571.23,Turkey,Yes,Yes,2020,2035,45.6
3996,United States,USA,1949,Yes,Yes,North America,Washington D.C.,Attack Helicopter,Aviation,Air,AH-64 Apache / Tiger / NH90,821,Operational,Good,1975,49,66.44,54547.24,France,No,No,2020,2034,91.2
3997,United States,USA,1949,Yes,Yes,North America,Washington D.C.,Attack Helicopter,Aviation,Air,AH-64 Apache / Tiger / NH90,167,Reserve,Fair,1983,41,155.46,25961.82,UK,No,Yes,1992,2031,41.7
3998,United States,USA,1949,Yes,Yes,North America,Washington D.C.,Attack Helicopter,Aviation,Air,AH-64 Apache / Tiger / NH90,107,Decommissioning,End-of-Life,1983,41,445.74,47694.18,Turkey,No,No,1993,2026,79.4
3999,United States,USA,1949,Yes,Yes,North America,Washington D.C.,Attack Helicopter,Aviation,Air,AH-64 Apache / Tiger / NH90,1258,In Maintenance,Needs Repair,2007,17,90.69,114088.02,UK,Partial,No,2008,2032,52.7
4000,United States,USA,1949,Yes,Yes,North America,Washington D.C.,NBC Detection Vehicle,CBRN,Land,Fox / TPz Fuchs,1721,In Maintenance,Excellent,1984,40,381.05,655787.05,Domestic,No,Yes,2019,2027,40.1
4001,United States,USA,1949,Yes,Yes,North America,Washington D.C.,NBC Detection Vehicle,CBRN,Land,Fox / TPz Fuchs,1949,Upgrading,Needs Repair,2008,16,219.64,428078.36,Turkey,No,No,2024,2031,94.2
4002,United States,USA,1949,Yes,Yes,North America,Washington D.C.,NBC Detection Vehicle,CBRN,Land,Fox / TPz Fuchs,1957,On Order,Fair,1961,63,327.37,640663.09,Turkey,Yes,Yes,1990,2029,99.6
4003,United States,USA,1949,Yes,Yes,North America,Washington D.C.,Bridge Layer,Engineering,Land,AVLB / Biber,435,Decommissioning,Excellent,2013,11,344.76,149970.6,Germany,Yes,No,2023,2024,59.6
4004,United States,USA,1949,Yes,Yes,North America,Washington D.C.,Bridge Layer,Engineering,Land,AVLB / Biber,1218,Upgrading,Needs Repair,1987,37,305.73,372379.14,USA,Partial,Yes,2016,2035,93.1
4005,United States,USA,1949,Yes,Yes,North America,Washington D.C.,Bridge Layer,Engineering,Land,AVLB / Biber,247,Operational,Needs Repair,1969,55,334.54,82631.38,Israel,Yes,No,2003,2024,92.7
4006,United States,USA,1949,Yes,Yes,North America,Washington D.C.,Bridge Layer,Engineering,Land,AVLB / Biber,1635,Reserve,Good,1995,29,71.64,117131.4,Turkey,No,No,1998,2031,82.9
4007,United States,USA,1949,Yes,Yes,North America,Washington D.C.,Field Hospital,Medical,Support,Role 2 / Role 3 Hospital,311,On Order,Excellent,1956,68,35.95,11180.45,USA,Yes,No,1997,2034,59.8
4008,United States,USA,1949,Yes,Yes,North America,Washington D.C.,Field Hospital,Medical,Support,Role 2 / Role 3 Hospital,1422,Reserve,Needs Repair,2000,24,204.88,291339.36,France,No,Yes,2001,2030,67.2
4009,United States,USA,1949,Yes,Yes,North America,Washington D.C.,Field Hospital,Medical,Support,Role 2 / Role 3 Hospital,623,Decommissioning,End-of-Life,1988,36,117.56,73239.88,Multi-National,Partial,Yes,2019,2025,82.0
4010,United States,USA,1949,Yes,Yes,North America,Washington D.C.,Medium-Range SAM,Air Defense,Land,Patriot / NASAMS / SAMP/T,1287,On Order,End-of-Life,2012,12,233.96,301106.52,Domestic,Yes,Yes,2024,2026,98.5
4011,United States,USA,1949,Yes,Yes,North America,Washington D.C.,Medium-Range SAM,Air Defense,Land,Patriot / NASAMS / SAMP/T,1540,In Maintenance,Excellent,2023,1,382.01,588295.4,Domestic,Partial,Yes,2023,2028,47.2
4012,United States,USA,1949,Yes,Yes,North America,Washington D.C.,Medium-Range SAM,Air Defense,Land,Patriot / NASAMS / SAMP/T,1094,Operational,Fair,2011,13,362.52,396596.88,Italy,Partial,Yes,2023,2027,77.0
4013,United States,USA,1949,Yes,Yes,North America,Washington D.C.,Light Tank,Armored,Land,CV90105 / AMX-10RC,114,Operational,Good,1979,45,229.54,26167.56,Italy,No,Yes,1985,2027,66.4
4014,United States,USA,1949,Yes,Yes,North America,Washington D.C.,Light Tank,Armored,Land,CV90105 / AMX-10RC,452,On Order,End-of-Life,1963,61,68.38,30907.76,Italy,Partial,Yes,2013,2028,73.0
4015,United States,USA,1949,Yes,Yes,North America,Washington D.C.,Ammunition Supply Vehicle,Logistics,Support,PLS / DROPS,1285,Decommissioning,End-of-Life,2019,5,49.19,63209.15,Turkey,Partial,No,2023,2033,67.7
4016,United States,USA,1949,Yes,Yes,North America,Washington D.C.,Ammunition Supply Vehicle,Logistics,Support,PLS / DROPS,284,In Maintenance,Needs Repair,1972,52,289.14,82115.76,Multi-National,Yes,Yes,2005,2027,92.9
4017,United States,USA,1949,Yes,Yes,North America,Washington D.C.,Ammunition Supply Vehicle,Logistics,Support,PLS / DROPS,1436,Upgrading,Good,2023,1,379.83,545435.88,USA,Partial,Yes,2024,2026,41.9
4018,United States,USA,1949,Yes,Yes,North America,Washington D.C.,Ammunition Supply Vehicle,Logistics,Support,PLS / DROPS,1950,Decommissioning,Needs Repair,2004,20,373.8,728910.0,France,Yes,Yes,2021,2025,91.0
4019,United States,USA,1949,Yes,Yes,North America,Washington D.C.,Ground Attack Aircraft,Air Force,Air,A-10 / Tornado IDS,140,Decommissioning,Needs Repair,2023,1,339.67,47553.8,Turkey,Yes,No,2024,2035,76.7
4020,United States,USA,1949,Yes,Yes,North America,Washington D.C.,Ground Attack Aircraft,Air Force,Air,A-10 / Tornado IDS,1103,Reserve,Fair,2002,22,381.11,420364.33,UK,Partial,Yes,2005,2032,61.0
4021,United States,USA,1949,Yes,Yes,North America,Washington D.C.,Ground Attack Aircraft,Air Force,Air,A-10 / Tornado IDS,88,On Order,Good,1963,61,154.7,13613.6,Turkey,Yes,No,1984,2031,53.7
4022,United States,USA,1949,Yes,Yes,North America,Washington D.C.,Ground Attack Aircraft,Air Force,Air,A-10 / Tornado IDS,1510,On Order,Excellent,1963,61,446.35,673988.5,Multi-National,No,Yes,1984,2032,58.1
4023,United States,USA,1949,Yes,Yes,North America,Washington D.C.,Armored Personnel Carrier,Armored,Land,M113 / Boxer / BTR-80,35,On Order,Needs Repair,1966,58,73.03,2556.05,Germany,No,No,1976,2025,81.2
4024,United States,USA,1949,Yes,Yes,North America,Washington D.C.,Armored Personnel Carrier,Armored,Land,M113 / Boxer / BTR-80,1727,On Order,Good,1971,53,219.48,379041.96,France,Yes,Yes,2015,2028,53.3
4025,United States,USA,1949,Yes,Yes,North America,Washington D.C.,Logistics Truck (Heavy),Logistics,Support,HEMTT / MAN HX,1493,In Maintenance,End-of-Life,1999,25,172.98,258259.14,Germany,No,No,2013,2029,87.6
4026,United States,USA,1949,Yes,Yes,North America,Washington D.C.,Logistics Truck (Heavy),Logistics,Support,HEMTT / MAN HX,901,Upgrading,Excellent,1966,58,209.57,188822.57,Multi-National,Partial,No,1992,2024,61.1
4027,United States,USA,1949,Yes,Yes,North America,Washington D.C.,AWACS Aircraft,Air Force,Air,E-3 Sentry / E-7A,1896,On Order,Fair,1988,36,428.71,812834.16,Turkey,No,Yes,2012,2032,53.9
4028,United States,USA,1949,Yes,Yes,North America,Washington D.C.,AWACS Aircraft,Air Force,Air,E-3 Sentry / E-7A,1416,On Order,End-of-Life,2018,6,429.52,608200.32,Multi-National,No,Yes,2021,2035,57.4
4029,United States,USA,1949,Yes,Yes,North America,Washington D.C.,AWACS Aircraft,Air Force,Air,E-3 Sentry / E-7A,822,Decommissioning,Excellent,1970,54,276.6,227365.2,Turkey,No,Yes,1994,2024,59.5
4030,United States,USA,1949,Yes,Yes,North America,Washington D.C.,AWACS Aircraft,Air Force,Air,E-3 Sentry / E-7A,1550,Decommissioning,Excellent,1950,74,411.38,637639.0,USA,Yes,Yes,1954,2031,90.9
4031,United States,USA,1949,Yes,Yes,North America,Washington D.C.,Maritime Helicopter,Aviation,Air,AW159 / MH-60R,1108,Operational,End-of-Life,1980,44,437.73,485004.84,Germany,Partial,No,1993,2031,78.3
4032,United States,USA,1949,Yes,Yes,North America,Washington D.C.,Maritime Helicopter,Aviation,Air,AW159 / MH-60R,146,On Order,Excellent,2019,5,218.36,31880.56,France,Yes,Yes,2021,2024,83.9
4033,United States,USA,1949,Yes,Yes,North America,Washington D.C.,Maritime Helicopter,Aviation,Air,AW159 / MH-60R,183,On Order,Good,1975,49,104.28,19083.24,Germany,No,No,2016,2028,92.3
4034,United States,USA,1949,Yes,Yes,North America,Washington D.C.,Infantry Fighting Vehicle,Armored,Land,Bradley / Puma / AS-21,1353,Reserve,Fair,1994,30,327.05,442498.65,Turkey,Yes,No,2010,2031,82.5
4035,United States,USA,1949,Yes,Yes,North America,Washington D.C.,Infantry Fighting Vehicle,Armored,Land,Bradley / Puma / AS-21,1714,Upgrading,Needs Repair,1972,52,130.93,224414.02,USA,No,No,1973,2030,95.4
4036,United States,USA,1949,Yes,Yes,North America,Washington D.C.,Infantry Fighting Vehicle,Armored,Land,Bradley / Puma / AS-21,1144,Decommissioning,Fair,1999,25,202.49,231648.56,Germany,Yes,No,2002,2027,68.3
4037,United States,USA,1949,Yes,Yes,North America,Washington D.C.,Mortar System,Artillery,Land,M120 / AMOS,1996,In Maintenance,Needs Repair,2018,6,390.92,780276.32,Israel,Yes,Yes,2020,2035,76.2
4038,United States,USA,1949,Yes,Yes,North America,Washington D.C.,Mortar System,Artillery,Land,M120 / AMOS,1840,Decommissioning,Needs Repair,1976,48,410.43,755191.2,Multi-National,No,Yes,2014,2025,50.6
4039,United States,USA,1949,Yes,Yes,North America,Washington D.C.,Mortar System,Artillery,Land,M120 / AMOS,159,In Maintenance,Needs Repair,1972,52,425.93,67722.87,France,No,Yes,1995,2030,68.6
4040,United States,USA,1949,Yes,Yes,North America,Washington D.C.,Mortar System,Artillery,Land,M120 / AMOS,70,Upgrading,Good,1972,52,432.05,30243.5,Germany,Partial,No,2020,2035,46.1
4041,United States,USA,1949,Yes,Yes,North America,Washington D.C.,Electronic Warfare System,Electronics,Land,JAMMER / Krasukha,395,Decommissioning,Fair,1990,34,188.97,74643.15,UK,Yes,No,2001,2032,51.0
4042,United States,USA,1949,Yes,Yes,North America,Washington D.C.,Electronic Warfare System,Electronics,Land,JAMMER / Krasukha,1871,On Order,Excellent,2014,10,114.74,214678.54,Germany,No,Yes,2014,2024,55.9
4043,United States,USA,1949,Yes,Yes,North America,Washington D.C.,Armored Reconnaissance Vehicle,Armored,Land,Fennek / Fuchs,97,Decommissioning,Good,2022,2,441.13,42789.61,Multi-National,Partial,Yes,2022,2028,68.8
4044,United States,USA,1949,Yes,Yes,North America,Washington D.C.,Armored Reconnaissance Vehicle,Armored,Land,Fennek / Fuchs,1267,Upgrading,Needs Repair,2000,24,296.5,375665.5,Multi-National,Yes,Yes,2006,2025,69.4
4045,United States,USA,1949,Yes,Yes,North America,Washington D.C.,Fighter Jet,Air Force,Air,F-16 / Gripen / Typhoon,1529,Decommissioning,Good,1984,40,23.07,35274.03,Turkey,No,Yes,1997,2031,64.9
4046,United States,USA,1949,Yes,Yes,North America,Washington D.C.,Fighter Jet,Air Force,Air,F-16 / Gripen / Typhoon,1825,Reserve,End-of-Life,2018,6,425.6,776720.0,USA,No,Yes,2023,2033,84.1
4047,United States,USA,1949,Yes,Yes,North America,Washington D.C.,Fighter Jet,Air Force,Air,F-16 / Gripen / Typhoon,1015,Operational,End-of-Life,2022,2,276.81,280962.15,UK,No,Yes,2024,2026,40.2
4048,United States,USA,1949,Yes,Yes,North America,Washington D.C.,Fighter Jet,Air Force,Air,F-16 / Gripen / Typhoon,1480,On Order,Needs Repair,1984,40,446.36,660612.8,Italy,Yes,No,1989,2033,55.7
4049,United States,USA,1949,Yes,Yes,North America,Washington D.C.,Submarine (SSN),Naval,Sea,Virginia-class / Astute-class,1919,On Order,Fair,2001,23,243.04,466393.76,France,Partial,No,2002,2025,42.8
4050,United States,USA,1949,Yes,Yes,North America,Washington D.C.,Submarine (SSN),Naval,Sea,Virginia-class / Astute-class,947,Decommissioning,Needs Repair,1996,28,389.12,368496.64,Turkey,Yes,Yes,2023,2029,68.3
4051,United States,USA,1949,Yes,Yes,North America,Washington D.C.,Submarine (SSN),Naval,Sea,Virginia-class / Astute-class,1494,In Maintenance,Fair,1991,33,21.77,32524.38,France,Partial,Yes,2001,2026,97.4
4052,United States,USA,1949,Yes,Yes,North America,Washington D.C.,Towed Howitzer,Artillery,Land,M777 / FH70 / D-30,765,On Order,End-of-Life,1984,40,396.17,303070.05,Italy,No,Yes,1999,2034,40.8
4053,United States,USA,1949,Yes,Yes,North America,Washington D.C.,Towed Howitzer,Artillery,Land,M777 / FH70 / D-30,1182,Reserve,Fair,1990,34,245.86,290606.52,Israel,No,No,1999,2027,77.1
4054,United States,USA,1949,Yes,Yes,North America,Washington D.C.,Strategic Transport Aircraft,Air Force,Air,C-17 / A400M / C-130,1367,Decommissioning,Excellent,2012,12,234.31,320301.77,Turkey,No,Yes,2018,2027,72.6
4055,United States,USA,1949,Yes,Yes,North America,Washington D.C.,Strategic Transport Aircraft,Air Force,Air,C-17 / A400M / C-130,822,Upgrading,End-of-Life,2004,20,81.87,67297.14,UK,Yes,Yes,2018,2027,68.0
4056,United States,USA,1949,Yes,Yes,North America,Washington D.C.,Strategic Transport Aircraft,Air Force,Air,C-17 / A400M / C-130,280,On Order,Excellent,1971,53,277.97,77831.6,Turkey,No,No,2005,2024,53.0
